# 3ds Max Wavefront OBJ Exporter v0.99 - (c)2007 guruware
# File Created: 15.03.2026 18:11:25

mtllib arbol.mtl

#
# object Arbol
#

#
# object LOD0
#

v  45.8992 0.5005 -3.5695
v  45.9094 -0.2451 -3.5741
v  45.6972 0.5005 -4.0047
v  45.8894 -0.2451 -4.2099
v  45.2652 0.5005 -4.2193
v  45.3479 -0.2451 -4.4390
v  44.8033 0.5005 -4.2098
v  44.8016 -0.2451 -4.2632
v  44.3333 0.5005 -4.2079
v  44.2486 -0.2451 -4.3949
v  43.9044 0.5005 -3.9660
v  43.6573 -0.2451 -4.1975
v  43.7761 0.5005 -3.4902
v  43.7410 -0.2451 -3.5034
v  43.6942 0.5005 -3.0523
v  43.5582 -0.2451 -3.0478
v  43.6479 0.5005 -2.5497
v  43.2575 -0.2451 -2.3729
v  44.0473 0.5005 -2.2437
v  44.0371 -0.2451 -2.2328
v  44.4386 0.5005 -2.0239
v  44.4261 -0.2451 -1.9908
v  44.8840 0.5005 -1.7348
v  44.9068 -0.2451 -1.0371
v  45.3214 0.5005 -2.0266
v  45.3243 -0.2451 -2.0201
v  45.6822 0.5005 -2.3005
v  45.6967 -0.2451 -2.2869
v  46.0527 0.5005 -2.6330
v  46.5017 -0.2451 -2.4639
v  46.0138 0.5005 -3.1279
v  46.1844 -0.2451 -3.1335
v  45.8443 1.3395 -3.5442
v  45.6140 1.3399 -3.9155
v  45.2539 1.3403 -4.1888
v  44.8032 1.3404 -4.2147
v  44.3746 1.3404 -4.1165
v  44.0070 1.3402 -3.8695
v  43.7704 1.3399 -3.4919
v  43.7041 1.3395 -3.0522
v  43.7838 1.3391 -2.6108
v  44.0917 1.3387 -2.2905
v  44.4385 1.3384 -2.0231
v  44.8798 1.3382 -1.8685
v  45.2955 1.3383 -2.0835
v  45.6383 1.3384 -2.3414
v  45.9746 1.3387 -2.6621
v  45.9855 1.3391 -3.1266
v  45.8606 2.2914 -3.5501
v  45.6105 2.2944 -3.9102
v  45.2213 2.2988 -4.1001
v  44.8056 2.3034 -4.1485
v  44.3746 2.3082 -4.1160
v  44.0158 2.3119 -3.8603
v  43.8366 2.3137 -3.4658
v  43.7750 2.3141 -3.0532
v  43.8023 2.3135 -2.6178
v  44.0785 2.3103 -2.2749
v  44.4623 2.3059 -2.0841
v  44.8758 2.3013 -1.9975
v  45.3026 2.2967 -2.0669
v  45.6531 2.2930 -2.3264
v  45.8630 2.2909 -2.7028
v  45.9052 2.2907 -3.1227
v  45.8092 3.3643 -3.5168
v  45.5917 3.3637 -3.8666
v  45.2409 3.3675 -4.0938
v  44.8262 3.3744 -4.1899
v  44.4326 3.3846 -4.0365
v  44.0833 3.3947 -3.8178
v  43.8585 3.4043 -3.4660
v  43.7599 3.4122 -3.0520
v  43.9124 3.4147 -2.6575
v  44.1350 3.4152 -2.3111
v  44.4848 3.4114 -2.0840
v  44.8989 3.4046 -1.9798
v  45.2916 3.3944 -2.1411
v  45.6394 3.3843 -2.3602
v  45.8704 3.3746 -2.7085
v  45.9655 3.3668 -3.1239
v  45.7668 6.0064 -3.6112
v  45.5207 5.9846 -3.9156
v  45.1944 5.9597 -4.1231
v  44.8119 5.9339 -4.2254
v  44.4360 5.9148 -4.1042
v  44.1347 5.9037 -3.8655
v  43.9324 5.9012 -3.5409
v  43.8253 5.9056 -3.1590
v  43.9460 5.9225 -2.7768
v  44.1902 5.9500 -2.4718
v  44.5154 5.9774 -2.2642
v  44.8968 6.0036 -2.1609
v  45.2727 6.0215 -2.2816
v  45.5745 6.0315 -2.5208
v  45.7770 6.0331 -2.8461
v  45.8858 6.0271 -3.2283
v  45.5932 7.7076 -3.1366
v  45.4330 7.7629 -3.3122
v  45.5496 6.6941 -3.5512
v  45.2202 7.8077 -3.4019
v  45.3272 7.2753 -3.4828
v  44.9928 7.8548 -3.4933
v  45.0716 7.6587 -3.3880
v  44.7557 7.8685 -3.4117
v  44.7481 7.7826 -3.2476
v  44.5741 7.8590 -3.2490
v  44.4411 7.6297 -3.0991
v  44.4780 7.8286 -3.0364
v  44.2324 7.2249 -2.9811
v  44.3799 7.7957 -2.8093
v  44.0802 6.6264 -2.8779
v  44.4567 7.7395 -2.5769
v  44.6168 7.6842 -2.4013
v  44.8296 7.6393 -2.3116
v  45.0570 7.5923 -2.2202
v  45.2941 7.5786 -2.3018
v  45.4758 7.5881 -2.4644
v  45.5718 7.6184 -2.6771
v  45.6699 7.6514 -2.9041
v  46.2047 10.1233 -2.6992
v  46.0218 10.2068 -2.9078
v  45.7654 10.3053 -2.9753
v  45.4951 10.4033 -2.9762
v  45.2894 10.4618 -2.7825
v  45.1928 10.4757 -2.5276
v  45.1239 10.4773 -2.2452
v  45.2806 10.4011 -2.0102
v  45.5004 10.3095 -1.8662
v  45.7607 10.2102 -1.8067
v  46.0170 10.1264 -1.9155
v  46.1810 10.0860 -2.1464
v  46.2673 10.0774 -2.4189
v  47.5059 13.4927 -2.8974
v  47.3048 13.4938 -3.1842
v  46.9772 13.6223 -3.1583
v  46.7384 13.7545 -2.9892
v  46.5713 13.8865 -2.7171
v  46.7360 13.9028 -2.4150
v  46.9370 13.9016 -2.1283
v  47.2646 13.7731 -2.1542
v  47.5034 13.6409 -2.3233
v  47.6706 13.5089 -2.5954
v  48.1539 15.3886 -3.5892
v  47.8313 15.3799 -3.7565
v  47.4839 15.4415 -3.7544
v  47.2573 15.5740 -3.5164
v  47.2420 15.7026 -3.1934
v  47.4445 15.7750 -2.9167
v  47.7835 15.7488 -2.8316
v  48.1166 15.6502 -2.9350
v  48.2277 15.5075 -3.2511
v  48.1714 17.4873 -4.4453
v  47.8612 17.3848 -4.6317
v  47.5082 17.3997 -4.5028
v  47.2983 17.4939 -4.2053
v  47.4234 17.6323 -3.8787
v  47.7335 17.7349 -3.6924
v  48.0865 17.7199 -3.8212
v  48.2965 17.6258 -4.1187
v  47.6455 19.7383 -5.2046
v  47.2973 19.6251 -5.3273
v  46.9407 19.5586 -5.1615
v  46.8943 19.6136 -4.7645
v  47.1334 19.7275 -4.4671
v  47.5087 19.8160 -4.5323
v  47.7381 19.8254 -4.8356
v  46.9083 22.0816 -5.2036
v  46.5694 22.0314 -5.3040
v  46.2961 21.9446 -5.1156
v  46.2146 21.8680 -4.7654
v  46.5158 21.8933 -4.5641
v  46.8706 21.9593 -4.5374
v  46.9832 22.0390 -4.8700
v  46.6085 24.3391 -4.3483
v  46.3332 24.3951 -4.4442
v  46.0998 24.3706 -4.2520
v  46.0855 24.2966 -3.9646
v  46.3057 24.2196 -3.7653
v  46.6034 24.2066 -3.8421
v  46.7571 24.2579 -4.1027
v  47.3069 26.6145 -3.9135
v  47.0653 26.6746 -3.9593
v  46.8892 26.7294 -3.7856
v  46.9077 26.7378 -3.5356
v  47.1081 26.6937 -3.3883
v  47.3394 26.6298 -3.4647
v  47.4361 26.5925 -3.6959
v  47.8293 29.5401 -4.6320
v  47.6815 29.5560 -4.6484
v  47.4910 29.1576 -4.4241
v  47.5955 29.6019 -4.3947
v  47.6526 29.2554 -4.2203
v  47.8140 29.3385 -4.2997
v  47.9096 29.5486 -4.5062
v  47.8511 29.6949 -4.6597
v  47.7182 29.7092 -4.6744
v  47.5467 29.3507 -4.4726
v  47.6407 29.7505 -4.4461
v  47.6921 29.4386 -4.2892
v  47.8374 29.5134 -4.3607
v  47.9234 29.7025 -4.5465
v  47.8110 29.9230 -4.5844
v  44.9738 7.7635 -3.8837
v  44.8258 7.6772 -4.0575
v  44.6238 7.5948 -4.1457
v  44.4078 7.5078 -4.2355
v  44.1761 7.4567 -4.1533
v  43.9950 7.4400 -3.9906
v  43.8945 7.4595 -3.7788
v  43.7915 7.4816 -3.5526
v  43.8569 7.5562 -3.3219
v  44.0050 7.6424 -3.1481
v  44.2069 7.7248 -3.0599
v  44.4229 7.8118 -2.9701
v  44.6546 7.8630 -3.0523
v  44.8358 7.8797 -3.2150
v  44.9362 7.8601 -3.4268
v  45.0393 7.8380 -3.6530
v  43.8010 10.3089 -4.3363
v  43.6311 10.2005 -4.5445
v  43.3915 10.0659 -4.6113
v  43.1384 9.9294 -4.6118
v  42.9445 9.8405 -4.4174
v  42.8525 9.8115 -4.1620
v  42.7859 9.7985 -3.8794
v  42.9311 9.8957 -3.6448
v  43.1358 10.0176 -3.5013
v  43.3791 10.1536 -3.4424
v  43.6198 10.2746 -3.5517
v  43.7749 10.3395 -3.7832
v  43.8575 10.3620 -4.0560
v  41.7050 13.5002 -3.9733
v  41.5055 13.4678 -4.2592
v  41.2131 13.2716 -4.2381
v  41.0098 13.0848 -4.0743
v  40.8775 12.9093 -3.8079
v  41.0447 12.9159 -3.5070
v  41.2442 12.9483 -3.2211
v  41.5366 13.1445 -3.2422
v  41.7399 13.3312 -3.4060
v  41.8722 13.5067 -3.6724
v  40.7085 15.1669 -3.2401
v  40.3920 15.1067 -3.4085
v  40.0735 14.9551 -3.4162
v  39.8947 14.7433 -3.1955
v  39.9202 14.5827 -2.8879
v  40.1398 14.5385 -2.6184
v  40.4612 14.6449 -2.5278
v  40.7542 14.8387 -2.6172
v  40.8175 15.0376 -2.9156
v  40.0528 16.8003 -2.1057
v  39.7176 16.8505 -2.2687
v  39.3879 16.7168 -2.1471
v  39.2253 16.5135 -1.8756
v  39.3985 16.3524 -1.5833
v  39.7336 16.3021 -1.4202
v  40.0634 16.4359 -1.5418
v  40.2260 16.6392 -1.8133
v  40.0454 18.6415 -0.9003
v  39.6769 18.7359 -0.9680
v  39.3277 18.6875 -0.7809
v  39.3190 18.4946 -0.4267
v  39.5920 18.3237 -0.1924
v  39.9704 18.3200 -0.2929
v  40.1756 18.4492 -0.5865
v  40.6020 20.5991 0.0296
v  40.2709 20.7274 -0.0072
v  40.0225 20.7613 0.2271
v  39.9688 20.6956 0.5848
v  40.2707 20.5528 0.7270
v  40.6120 20.4387 0.6886
v  40.6967 20.4904 0.3426
v  41.4635 22.7846 0.1784
v  41.1836 22.8572 0.1109
v  40.9978 22.9552 0.3298
v  41.0381 22.9979 0.6210
v  41.2850 22.9561 0.7985
v  41.5536 22.8535 0.6890
v  41.6510 22.7711 0.4100
v  41.8743 25.1109 -0.7447
v  41.6220 25.0920 -0.7452
v  41.4673 25.1467 -0.5525
v  41.5215 25.2298 -0.3223
v  41.7462 25.2817 -0.2198
v  41.9708 25.2601 -0.3310
v  42.0362 25.1850 -0.5639
v  40.8170 28.1899 -1.5017
v  40.7998 27.7687 -1.3800
v  40.7871 27.5523 -1.1958
v  40.7195 27.9126 -1.1467
v  40.8993 27.8165 -1.0558
v  41.0116 27.8804 -1.1442
v  40.9137 28.2321 -1.3947
v  40.7855 28.2669 -1.5071
v  40.7701 27.8878 -1.3975
v  40.7587 27.6931 -1.2318
v  40.6978 28.0173 -1.1875
v  40.8596 27.9309 -1.1057
v  40.9607 27.9883 -1.1853
v  40.8726 28.3049 -1.4108
v  40.8756 27.8291 -1.2379
v  47.9497 28.1233 -2.3418
v  46.1955 29.0515 0.2456
v  48.0655 27.6315 2.9364
v  46.1183 31.8723 -1.8684
v  46.2130 31.1373 3.3909
v  48.3460 34.7472 6.2064
v  50.3090 35.3306 1.1950
v  47.4349 35.4160 3.1399
v  45.0477 37.1935 5.0482
v  46.4361 36.7697 -0.2449
v  43.6468 35.7908 2.7460
v  46.6288 34.1363 2.5399
v  46.9095 33.3416 -0.8403
v  46.6425 36.8851 4.9772
v  50.0896 35.0228 1.4728
v  43.9216 33.8658 2.9494
v  43.9371 32.1567 4.2344
v  46.7090 31.4378 4.2163
v  49.1916 32.0651 2.0116
v  49.1836 33.9585 1.1813
v  46.5378 34.9034 1.7449
v  45.5355 7.5540 -4.7189
v  45.4274 7.0473 -4.3333
v  45.7590 7.5009 -4.7122
v  45.6444 7.0299 -4.2288
v  45.9263 7.3769 -4.8004
v  45.7697 6.7937 -4.2805
v  45.8888 7.2358 -4.9675
v  45.7404 6.5731 -4.3933
v  45.7559 7.1392 -5.1133
v  45.5783 6.4455 -4.5173
v  45.5210 7.1617 -5.1571
v  45.3661 6.5564 -4.5750
v  45.3908 7.3108 -5.0303
v  45.2070 6.7614 -4.5608
v  45.3626 7.4689 -4.8637
v  45.2600 6.9869 -4.4488
v  45.8600 8.8020 -6.0141
v  46.0740 8.7432 -5.9490
v  46.2469 8.5939 -6.0147
v  46.1976 8.4656 -6.2025
v  46.0571 8.4078 -6.3637
v  45.8176 8.3823 -6.3672
v  45.6817 8.5149 -6.2427
v  45.6959 8.6789 -6.1058
v  45.8645 9.1934 -6.6233
v  46.0467 9.2673 -6.6010
v  45.9680 9.0777 -6.3988
v  46.1595 9.1439 -6.7173
v  46.0698 9.0777 -6.6594
v  46.1389 8.9978 -6.8257
v  46.1064 8.8008 -6.6444
v  46.0209 8.8696 -6.9019
v  45.8386 8.8849 -6.8556
v  45.6853 8.9596 -6.7691
v  45.7242 9.1125 -6.6589
v  44.7399 13.3486 -11.8013
v  44.8742 13.3591 -11.8091
v  44.9393 13.1979 -11.8157
v  44.9151 13.1476 -11.9539
v  44.7986 13.0668 -11.9001
v  44.6817 13.1230 -11.8783
v  44.6533 13.2646 -11.8431
v  44.7861 13.2665 -11.9136
v  46.1789 9.2494 -6.5365
v  46.3436 9.2419 -6.4272
v  46.4393 9.0786 -6.5021
v  46.4150 8.9504 -6.6307
v  46.3051 8.8801 -6.7692
v  46.1435 8.9716 -6.8032
v  46.0096 9.1067 -6.7798
v  46.0514 9.2330 -6.6405
v  48.7388 13.0666 -11.1478
v  48.8870 13.1147 -11.2164
v  48.9258 13.0023 -11.2680
v  48.9202 12.9454 -11.4019
v  48.7876 12.9335 -11.4163
v  48.6850 12.9975 -11.3962
v  48.6487 13.0098 -11.2166
v  48.7836 12.9553 -11.2311
v  39.6781 35.7613 4.9576
v  40.2240 34.2940 6.3666
v  42.6797 33.3597 5.2101
v  44.4030 33.8099 2.5980
v  44.3539 35.9673 2.0869
v  41.7888 36.7306 2.9936
v  41.1489 33.6034 5.3722
v  40.6317 34.4662 1.6251
v  39.8885 32.2914 3.9354
v  43.4505 34.9652 0.4570
v  44.1500 33.4949 4.1511
v  44.9768 35.2773 1.8142
v  39.5892 31.8822 1.8006
v  42.0071 31.9392 6.4565
v  42.2596 33.2120 3.1817
v  41.6285 35.5357 0.5296
v  43.8824 35.5985 5.5347
v  48.5344 35.5396 -7.5086
v  43.3840 34.6616 -7.1187
v  46.3139 35.1412 -5.1276
v  48.5873 37.4447 -3.6898
v  43.2265 36.7054 -3.6676
v  43.9157 7.6099 -1.8653
v  44.1257 7.0900 -2.1274
v  43.6849 7.5179 -1.8952
v  43.9313 6.9888 -2.2626
v  43.5224 7.3799 -1.7970
v  43.8423 6.7300 -2.1900
v  43.5359 7.2661 -1.6013
v  43.8738 6.5419 -2.0442
v  43.6684 7.2273 -1.4350
v  44.0214 6.4208 -1.8839
v  43.8790 7.2802 -1.3573
v  44.2251 6.5531 -1.7987
v  44.0163 7.4199 -1.4776
v  44.3536 6.7991 -1.8348
v  44.0642 7.5569 -1.6635
v  44.3029 7.0217 -1.9867
v  42.6184 9.9553 -0.4177
v  42.4892 9.7296 -0.4958
v  42.3715 9.5182 -0.4987
v  42.3313 9.4725 -0.2651
v  42.3987 9.6042 -0.0360
v  42.6834 9.4975 -0.0047
v  42.7985 9.6217 -0.1568
v  42.7311 9.7733 -0.2711
v  42.4506 10.1139 -0.1229
v  42.3271 10.1415 -0.1259
v  42.4715 10.0970 -0.2482
v  42.2650 10.0591 -0.0569
v  42.3470 10.0540 -0.0675
v  42.2606 9.9742 0.0059
v  42.3171 9.8504 0.0199
v  42.3203 9.8836 0.0639
v  42.4357 9.9062 0.0313
v  42.5340 9.9446 -0.0106
v  42.5248 10.0395 -0.0788
v  42.9193 11.8061 2.4185
v  42.8262 11.7934 2.4243
v  42.7749 11.7436 2.4739
v  42.7944 11.6874 2.5366
v  42.8732 11.6651 2.5676
v  42.9449 11.6987 2.5373
v  42.9744 11.7554 2.4783
v  41.9942 15.5398 4.9658
v  41.9072 15.5185 4.9471
v  41.8730 15.4781 5.0218
v  41.9085 15.4580 5.1036
v  41.9953 15.4868 5.1029
v  42.0468 15.5283 5.0397
v  40.2265 19.8857 5.6064
v  40.1470 19.8242 5.6412
v  40.2256 19.8467 5.7054
v  40.1496 19.9765 5.6687
v  42.3976 10.1650 -0.2439
v  42.2859 10.0383 -0.2957
v  42.1974 9.9120 -0.2384
v  42.1884 9.8617 -0.0909
v  42.2326 9.8797 0.0511
v  42.3292 9.9800 0.1304
v  42.4080 10.0978 0.0592
v  42.4535 10.1899 -0.0729
v  36.9855 15.6158 0.8435
v  36.8687 15.5466 0.8070
v  36.8010 15.4818 0.9118
v  36.8431 15.4829 1.0460
v  36.9610 15.5548 1.0723
v  37.0358 15.6228 0.9746
v  34.7656 19.7696 1.8322
v  34.6732 19.6249 1.8701
v  34.7540 19.7321 1.9858
v  34.6889 19.7889 1.9144
v  48.9132 33.3903 -5.1370
v  45.8127 33.6483 -3.8949
v  46.4603 33.5988 -0.4773
v  45.6256 35.1833 -7.0679
v  42.9723 35.5445 -2.2724
v  46.9035 34.5960 -2.0755
v  48.7418 33.4037 -2.7793
v  48.3474 33.5191 -5.6113
v  46.1123 34.7661 -7.6141
v  45.9190 36.9209 -7.0041
v  46.3269 36.8406 -4.2093
v  41.3414 30.7803 -3.4966
v  43.9158 29.0972 -6.0393
v  41.1817 29.3063 -4.9815
v  46.6834 30.2367 -5.4337
v  44.0866 31.9497 -2.9059
v  46.7799 31.7309 -3.9649
v  50.3415 33.1925 -6.7845
v  44.9808 32.0081 -6.3057
v  47.4847 34.3820 -5.6432
v  49.4432 37.3133 -5.7312
v  44.2416 36.2250 -5.4959
v  46.3125 7.6910 -3.1042
v  46.0340 7.3025 -3.1435
v  46.4091 7.6023 -2.9333
v  46.0631 7.1459 -2.9625
v  46.5642 7.4795 -2.8391
v  46.1413 6.8921 -2.8972
v  46.7464 7.3581 -2.9380
v  46.2286 6.7300 -3.0468
v  46.7773 7.3609 -3.1701
v  46.3121 6.6525 -3.2437
v  46.7188 7.4261 -3.3788
v  46.2394 6.7853 -3.4260
v  46.5390 7.5624 -3.4320
v  46.1317 6.9842 -3.4250
v  46.3878 7.6584 -3.3061
v  46.0336 7.2240 -3.3786
v  47.0202 8.5963 -2.9416
v  47.0955 8.4851 -2.7821
v  47.2251 8.3456 -2.6911
v  47.3966 8.2242 -2.7867
v  47.4365 8.2500 -3.0105
v  47.3747 8.3021 -3.2122
v  47.2088 8.4397 -3.2600
v  47.0806 8.5461 -3.1354
v  47.3462 8.9449 -2.8937
v  47.4091 8.8758 -2.7493
v  47.2894 8.7771 -2.8672
v  47.5288 8.7599 -2.6698
v  47.5215 8.7516 -2.8563
v  47.6354 8.6722 -2.7912
v  47.5819 8.5337 -2.9156
v  47.7044 8.6221 -2.9550
v  47.6269 8.7051 -3.1052
v  47.5055 8.8159 -3.1016
v  47.3742 8.9340 -3.0767
v  55.3586 18.8443 -2.3181
v  55.4508 18.7309 -2.2613
v  55.4471 18.7558 -2.4125
v  55.4956 18.8871 -2.3144
v  47.3148 8.8645 -2.7694
v  47.3319 8.7466 -2.6452
v  47.4350 8.6097 -2.5717
v  47.5901 8.5797 -2.6683
v  47.7172 8.5990 -2.7991
v  47.6853 8.7314 -2.9278
v  47.5540 8.8303 -2.9326
v  47.4047 8.9264 -2.9187
v  49.2559 11.5217 -0.4066
v  49.3076 11.4284 -0.3051
v  49.4158 11.3596 -0.2887
v  49.5364 11.3348 -0.3509
v  49.5403 11.4070 -0.4663
v  49.4930 11.5010 -0.5725
v  49.3573 11.5356 -0.5129
v  50.8364 15.1929 1.3468
v  50.8686 15.1281 1.4640
v  50.9967 15.0812 1.4449
v  51.0878 15.0866 1.3419
v  51.0248 15.1572 1.2419
v  50.9013 15.2166 1.2277
v  52.5736 18.9823 2.8511
v  52.6747 18.8756 2.9062
v  52.7001 18.9483 2.7711
v  52.6941 19.0352 2.8822
v  48.7066 35.9071 -8.2814
v  49.9147 34.8432 -4.7825
v  50.6234 36.1502 -7.3468
v  47.5686 35.8628 -2.6988
v  46.2001 35.0698 -6.6382
v  45.6697 35.5670 -3.7048
v  49.3497 32.2717 -2.8401
v  47.6521 31.7256 -8.0776
v  47.6021 33.8441 -5.1584
v  49.0979 36.5972 -3.4972
v  46.8710 35.6605 -8.3542
v  40.3726 28.8045 -2.0097
v  42.9510 30.4332 -3.2608
v  44.0071 28.6974 -6.0861
v  40.9687 33.1124 -2.0441
v  45.1068 32.6511 -5.3311
v  46.2838 37.4672 -8.4456
v  45.7296 35.7414 -9.8667
v  43.0518 35.3759 -8.6393
v  42.0638 34.8765 -5.7703
v  43.6525 34.8346 -4.0914
v  45.5453 36.5718 -5.5123
v  41.1657 13.9640 -5.1958
v  41.4475 13.3680 -4.7362
v  41.3296 14.0874 -5.1296
v  41.5525 13.5580 -4.7039
v  41.5272 14.1245 -5.1869
v  41.7883 13.5226 -4.6873
v  41.6559 14.0571 -5.3365
v  41.9104 13.3245 -4.7628
v  41.6547 13.9196 -5.5045
v  42.0083 13.1528 -4.9066
v  41.4827 13.8045 -5.5561
v  41.8159 13.0111 -4.9010
v  41.2927 13.7644 -5.5066
v  41.6205 13.0439 -4.8845
v  41.1690 13.8306 -5.3610
v  41.4069 13.1430 -4.8229
v  40.4732 15.5133 -6.4861
v  40.6910 15.5373 -6.3706
v  40.8620 15.5314 -6.4204
v  41.0201 15.5179 -6.5407
v  40.9314 15.4752 -6.7800
v  40.8400 15.2450 -6.7828
v  40.6570 15.1544 -6.6916
v  40.5521 15.3162 -6.5852
v  40.4215 15.7774 -6.8033
v  40.5061 15.8944 -6.7380
v  40.4668 15.7356 -6.6757
v  40.6576 15.9358 -6.7961
v  40.5968 15.8166 -6.8393
v  40.7040 15.8512 -6.9153
v  40.7887 15.7088 -6.8821
v  40.7934 15.7639 -7.0658
v  40.6373 15.6494 -7.0806
v  40.4860 15.6085 -7.0222
v  40.3380 15.6321 -6.8988
v  36.6739 22.6664 -12.4120
v  36.7911 22.7459 -12.3678
v  36.8650 22.7026 -12.4864
v  36.8128 22.6197 -12.5806
v  36.6772 22.5917 -12.5313
v  35.0534 26.7097 -14.8352
v  35.1946 26.7244 -14.8447
v  35.1285 26.6431 -14.9361
v  35.0808 26.8021 -14.9372
v  40.4975 15.8482 -6.6767
v  40.6074 15.8860 -6.5604
v  40.7790 15.9019 -6.5951
v  40.8051 15.8739 -6.7535
v  40.8999 15.8485 -6.9446
v  40.6987 15.8137 -6.9847
v  40.5447 15.8007 -6.9470
v  40.3851 15.8024 -6.8317
v  38.2806 24.8256 -9.0930
v  38.3987 24.9046 -9.0413
v  38.4647 24.8796 -9.1714
v  38.4123 24.8093 -9.2753
v  38.2783 24.7675 -9.2239
v  36.0232 28.7354 -11.1909
v  36.0904 28.8867 -11.2750
v  36.0918 28.6894 -11.3046
v  36.0558 28.7921 -11.2684
v  44.3040 36.8073 -9.5074
v  47.0510 36.1592 -6.8627
v  46.3693 35.9953 -9.6709
v  45.6768 36.6116 -4.0760
v  42.9215 36.0330 -6.8648
v  43.6163 35.6895 -4.1478
v  47.9360 33.2063 -6.2301
v  43.5390 33.1565 -9.2862
v  44.9737 34.5549 -6.4060
v  47.2351 37.3522 -5.8445
v  42.1743 36.7381 -7.5308
v  48.7291 35.8536 -4.1348
v  48.7128 34.0690 -5.4600
v  45.8463 33.5693 -5.2963
v  43.6224 33.7397 -3.2117
v  43.6241 35.7036 -1.9969
v  46.3954 36.3354 -2.2149
v  49.6271 37.9410 -1.8039
v  47.0299 36.1613 -3.0998
v  44.8602 35.6304 -0.4083
v  48.6832 37.5645 -5.8825
v  47.7196 12.2731 -2.3907
v  47.3260 11.9036 -2.4774
v  47.7509 12.1748 -2.1788
v  47.2390 11.7664 -2.2886
v  47.8896 11.9952 -2.1640
v  47.2198 11.4691 -2.3046
v  48.0034 11.8887 -2.2991
v  47.2663 11.2748 -2.4399
v  48.0441 11.8957 -2.5102
v  47.2902 11.3024 -2.6630
v  47.9488 12.0508 -2.6347
v  47.2881 11.5398 -2.7313
v  47.8044 12.2250 -2.6042
v  47.3271 11.8583 -2.7094
v  49.7957 13.8102 -1.7612
v  49.7847 13.7207 -1.5640
v  49.9216 13.5622 -1.6203
v  50.0461 13.4723 -1.7734
v  49.9911 13.6245 -1.9178
v  49.8777 13.8040 -1.9619
v  53.9099 16.6200 -0.0336
v  53.9326 16.5435 0.0861
v  54.0377 16.4454 0.0906
v  54.1203 16.4240 -0.0251
v  54.0981 16.5002 -0.1451
v  53.9929 16.5981 -0.1490
v  56.4297 20.9575 1.6037
v  56.5100 20.8448 1.6763
v  56.5443 20.8794 1.5316
v  56.5581 21.0057 1.6456
v  43.5939 36.9103 -4.3348
v  48.3700 36.4015 -0.9705
v  48.7659 34.0981 -0.6891
v  48.1249 33.1746 -3.3207
v  46.8006 34.2991 -5.9281
v  44.8119 35.3447 -5.2765
v  45.6737 36.4613 -2.8122
v  41.2525 30.7605 -0.2533
v  42.2159 28.7687 -3.4026
v  40.8731 28.7523 -0.8076
v  44.1090 30.5628 -5.1229
v  43.4938 32.2791 -1.6409
v  45.5724 31.6706 -3.5481
v  45.7244 37.7042 -7.3540
v  45.1376 35.4075 -7.9415
v  42.8755 35.0632 -6.2227
v  41.8772 35.9799 -3.4865
v  42.4440 38.3910 -3.0011
v  45.4061 37.4914 -4.0375
v  47.3727 35.4056 -4.0584
v  44.1184 35.5588 -4.2778
v  42.9076 35.7708 -1.0314
v  45.1585 37.0404 -7.3103
v  43.5102 12.2291 -5.7955
v  43.3845 11.5956 -5.0781
v  43.6954 12.1910 -5.7954
v  43.5653 11.5381 -5.0287
v  43.7878 12.0505 -5.8990
v  43.6196 11.3704 -5.1122
v  43.7407 11.9057 -6.0308
v  43.6029 11.2115 -5.2270
v  43.5594 11.8643 -6.0980
v  43.4179 11.1613 -5.2907
v  43.3815 11.9208 -6.0810
v  43.2602 11.2572 -5.2763
v  43.2626 12.0539 -5.9885
v  43.1184 11.4080 -5.2388
v  43.3490 12.1833 -5.8629
v  43.2338 11.5660 -5.1561
v  43.8079 13.5601 -7.4212
v  43.9401 13.4626 -7.4762
v  44.0824 13.3666 -7.5289
v  44.0002 13.2371 -7.6308
v  43.8496 13.1970 -7.6764
v  43.6669 13.2076 -7.6894
v  43.6050 13.3552 -7.5907
v  43.6366 13.5022 -7.4819
v  43.8963 14.6503 -9.2189
v  44.0720 14.4685 -9.0918
v  44.1112 14.2836 -9.1842
v  43.9309 14.3148 -9.4262
v  43.7532 14.2664 -9.2292
v  43.7532 14.4320 -9.1607
v  43.8662 14.7748 -9.5305
v  43.9934 14.7849 -9.6288
v  43.8881 14.7639 -9.5753
v  43.9666 14.6545 -9.7196
v  43.9071 14.5802 -9.6888
v  43.8613 14.5337 -9.7362
v  43.7593 14.5715 -9.6173
v  43.7373 14.6823 -9.5025
v  40.4085 19.2273 -13.5853
v  40.5037 19.1894 -13.6598
v  40.4796 19.0826 -13.7502
v  40.3528 19.0818 -13.6991
v  40.2976 19.1534 -13.6093
v  39.8741 22.0447 -17.4086
v  39.9490 21.9486 -17.4562
v  39.8224 21.9323 -17.4508
v  39.8669 22.0557 -17.5461
v  43.9220 14.7810 -9.5804
v  44.0788 14.7352 -9.5795
v  44.0600 14.5937 -9.6587
v  43.9474 14.4982 -9.7285
v  43.8178 14.5929 -9.6987
v  43.7736 14.7342 -9.6299
v  44.3015 17.4162 -13.6416
v  44.4023 17.3963 -13.6917
v  44.4093 17.2970 -13.7444
v  44.3179 17.1801 -13.6982
v  44.2192 17.2764 -13.7419
v  44.2092 17.3668 -13.6782
v  44.3102 17.3454 -13.7292
v  41.0342 37.8700 -4.1229
v  47.2095 33.2244 -5.0608
v  42.1105 32.8450 -6.4451
v  44.2487 34.5735 -4.3208
v  46.5303 37.0435 -3.1805
v  41.5330 36.9065 -5.3490
v  41.8342 30.8242 -3.7625
v  44.2854 27.8992 -3.2739
v  41.3870 28.6568 -3.3205
v  46.5484 28.8892 -1.2957
v  44.5818 32.0546 -3.0635
v  46.9028 31.0517 -1.6714
v  51.2978 34.2861 -4.3489
v  46.0023 34.4467 -5.8329
v  48.4589 35.9459 -3.8858
v  50.8305 38.6690 -3.6754
v  45.8331 38.5834 -4.8643
v  50.5709 34.8057 -4.1043
v  47.9456 34.8387 -0.9754
v  50.7935 34.2214 -2.1374
v  45.2813 33.7727 -2.5935
v  47.7091 35.5617 -5.0902
v  45.1326 34.2651 -4.6039
v  45.9856 12.8960 -3.5108
v  45.8922 12.3531 -3.2046
v  46.1896 12.8336 -3.5560
v  46.1057 12.3758 -3.3010
v  46.2962 12.7322 -3.6997
v  46.1505 12.1713 -3.3877
v  46.2808 12.6251 -3.8917
v  46.1644 11.9000 -3.4832
v  46.0812 12.6093 -3.9817
v  45.9348 11.7934 -3.4951
v  45.8916 12.6602 -3.9521
v  45.7227 11.7768 -3.4730
v  45.7598 12.7572 -3.8238
v  45.5785 11.8884 -3.3316
v  45.8082 12.8554 -3.6371
v  45.7154 12.1180 -3.2411
v  46.3169 14.3286 -4.4080
v  46.4941 14.2533 -4.4102
v  46.6210 14.1355 -4.5222
v  46.5367 14.0753 -4.6916
v  46.4032 14.0487 -4.8397
v  46.1951 14.0844 -4.7988
v  46.0820 14.1811 -4.6551
v  46.1041 14.3004 -4.4685
v  46.3074 14.8767 -4.8093
v  46.4832 14.8336 -4.8671
v  46.3885 14.6443 -4.6921
v  46.5084 14.7295 -4.9885
v  46.4431 14.6940 -4.9349
v  46.6002 14.5969 -5.1460
v  46.4491 14.4476 -4.9954
v  46.3794 14.5917 -5.1420
v  46.2385 14.6049 -5.1203
v  46.0977 14.6761 -5.0316
v  46.2057 14.7733 -4.9241
v  46.1928 17.8501 -7.5725
v  46.3170 17.7998 -7.6155
v  46.3559 17.7141 -7.7201
v  46.2381 17.6783 -7.7882
v  46.1023 17.7107 -7.7706
v  46.0960 17.7969 -7.6595
v  47.7148 25.3886 -12.3413
v  47.8017 25.3012 -12.4150
v  47.6642 25.3007 -12.4429
v  47.7401 25.4468 -12.4668
v  46.5556 14.8318 -4.8374
v  46.7086 14.7214 -4.8569
v  46.7168 14.6089 -4.9724
v  46.7819 14.4421 -5.1096
v  46.5808 14.5219 -5.1543
v  46.4545 14.5893 -5.1638
v  46.3377 14.7141 -5.1055
v  46.4493 14.7684 -4.9746
v  48.2457 17.4421 -7.4258
v  48.3600 17.3707 -7.4604
v  48.3922 17.2875 -7.5671
v  48.2797 17.2824 -7.6488
v  48.1536 17.3409 -7.6417
v  48.1518 17.4173 -7.5255
v  49.3924 21.3602 -9.2430
v  49.5197 21.3048 -9.2911
v  49.5053 21.2606 -9.4290
v  49.3708 21.2897 -9.4617
v  49.3007 21.3480 -9.3561
v  50.7083 25.5361 -10.3444
v  50.8199 25.5412 -10.4493
v  50.6781 25.5334 -10.4831
v  50.7714 25.6520 -10.4547
v  42.7407 11.4723 -4.3193
v  43.3544 10.3024 -4.2051
v  42.5927 11.3791 -4.3585
v  43.2056 10.2188 -4.2571
v  42.4269 11.2881 -4.3065
v  43.0631 10.1511 -4.1736
v  42.3782 11.2869 -4.1096
v  43.0105 10.1391 -4.0036
v  42.4406 11.3491 -3.9305
v  43.0784 10.1897 -3.8465
v  42.6045 11.4548 -3.8703
v  43.2272 10.2733 -3.7945
v  42.7330 11.5128 -3.9991
v  43.3697 10.3410 -3.8780
v  42.8315 11.5484 -4.1611
v  43.4224 10.3530 -4.0481
v  41.9991 12.6083 -4.5530
v  41.8675 12.4668 -4.5921
v  41.7503 12.3575 -4.4903
v  41.6843 12.3116 -4.3057
v  41.7660 12.4147 -4.1554
v  41.8847 12.5427 -4.1169
v  42.0078 12.6615 -4.1914
v  42.0583 12.6909 -4.3799
v  39.7936 14.2689 -4.6357
v  39.8309 13.9899 -4.6439
v  39.7586 13.8866 -4.4955
v  39.6565 14.1044 -4.3247
v  39.9099 14.1206 -4.2796
v  39.9486 14.2048 -4.4339
v  39.4254 14.4689 -4.5489
v  39.2892 14.3836 -4.5744
v  39.4022 14.4444 -4.6116
v  39.2387 14.3427 -4.4253
v  39.3272 14.3544 -4.4414
v  39.2919 14.3677 -4.2736
v  39.4276 14.4552 -4.2923
v  39.5106 14.5155 -4.4185
v  37.4090 17.9376 -4.3536
v  37.3177 17.8672 -4.3538
v  37.2581 17.8309 -4.2620
v  37.2985 17.8725 -4.1623
v  37.3886 17.9433 -4.1483
v  37.4395 17.9721 -4.2478
v  33.9866 21.4697 -5.2199
v  33.9141 21.3752 -5.1633
v  33.9798 21.4573 -5.0887
v  33.8680 21.5299 -5.1818
v  39.4356 14.3970 -4.6598
v  39.3924 14.2433 -4.7021
v  39.2881 14.1986 -4.5820
v  39.2259 14.2672 -4.4453
v  39.2951 14.4172 -4.4430
v  39.4006 14.5023 -4.5374
v  36.3226 15.8734 -6.9646
v  36.2625 15.7713 -6.9766
v  36.1853 15.7154 -6.9051
v  36.1723 15.7810 -6.8065
v  36.2208 15.8844 -6.7726
v  36.2939 15.9209 -6.8592
v  32.5459 18.8436 -8.4925
v  32.3799 18.8256 -8.4760
v  32.5170 18.8492 -8.3662
v  32.5303 18.7999 -8.4244
v  51.1100 33.6179 -1.5421
v  48.7119 32.7248 -6.3533
v  48.2836 34.1976 -3.2090
v  48.5138 36.6546 -0.6770
v  46.2447 36.2481 -5.5896
v  48.3757 26.0273 -9.9289
v  50.8863 27.2735 -8.1645
v  53.8691 25.6837 -9.2495
v  48.1897 29.5060 -7.7194
v  53.6531 29.7103 -7.3554
v  57.6273 31.8563 -12.2573
v  52.1917 31.6598 -12.8035
v  54.8128 32.7442 -10.7976
v  56.9342 35.6536 -10.1191
v  51.7976 34.8476 -10.0620
v  46.2872 13.9356 -0.9618
v  46.3331 13.2799 -1.5273
v  46.1223 13.8885 -0.9263
v  46.1619 13.1907 -1.6006
v  46.0610 13.7705 -0.8067
v  46.1540 13.0260 -1.5098
v  46.1517 13.6610 -0.6828
v  46.1958 12.8629 -1.3925
v  46.3366 13.6723 -0.6786
v  46.3905 12.9166 -1.4085
v  46.4635 13.7616 -0.7622
v  46.5156 13.0478 -1.4323
v  46.4328 13.8788 -0.8889
v  46.4873 13.2537 -1.4790
v  46.0809 15.6283 0.8631
v  45.9721 15.6140 0.8530
v  45.9685 15.4571 0.8544
v  46.0005 15.4346 0.9862
v  46.1216 15.3997 0.9317
v  46.1997 15.4806 0.9136
v  46.1810 15.6077 0.8826
v  46.0698 15.5743 0.9500
v  55.1406 31.5658 -12.1759
v  56.2677 30.9402 -8.3542
v  57.1408 30.9941 -11.0796
v  53.5250 31.5096 -6.8125
v  53.1403 32.9909 -10.3714
v  52.3527 32.9938 -7.6535
v  57.8425 31.7023 -8.7231
v  56.4684 31.3946 -13.8012
v  55.1924 32.3225 -10.5332
v  56.1503 35.4379 -8.8330
v  53.8959 34.4128 -13.3798
v  48.6131 28.4128 -5.9945
v  50.6086 25.8412 -8.2413
v  48.0443 26.4969 -6.5946
v  52.0063 27.5960 -10.3838
v  50.4983 30.0249 -7.7546
v  51.7213 29.7645 -10.3247
v  39.6046 17.4254 -3.0079
v  39.8905 16.6276 -3.0509
v  39.5598 17.4216 -3.2124
v  39.9099 16.4869 -3.2714
v  39.3640 17.3518 -3.2370
v  39.7208 16.3713 -3.2907
v  39.2205 17.2909 -3.0973
v  39.5471 16.4204 -3.1415
v  39.3018 17.3087 -2.9053
v  39.5730 16.5789 -2.9490
v  39.4901 17.3734 -2.8405
v  39.7239 16.7239 -2.8837
v  38.7008 19.8236 -2.7675
v  38.7253 19.7113 -2.9664
v  38.5376 19.6693 -2.9755
v  38.3797 19.7165 -2.8417
v  38.4932 19.6287 -2.6918
v  38.6489 19.6648 -2.6403
v  38.5438 20.1741 -2.6253
v  38.4689 20.2136 -2.7431
v  38.4904 20.1562 -2.7031
v  38.3334 20.1791 -2.7816
v  38.3146 20.0975 -2.7437
v  38.2722 20.0927 -2.6823
v  38.3278 20.0413 -2.5586
v  38.4638 20.0882 -2.5400
v  37.1708 23.2838 -0.6680
v  37.1053 23.3063 -0.7733
v  36.9877 23.2621 -0.7624
v  36.9901 23.2159 -0.6513
v  37.0908 23.2246 -0.5916
v  35.9095 27.7363 0.5609
v  35.8293 27.7098 0.4835
v  35.8159 27.6767 0.5896
v  35.8171 27.8336 0.5796
v  38.5662 20.2062 -2.7426
v  38.5088 20.2071 -2.8760
v  38.3729 20.1780 -2.9182
v  38.2901 20.1441 -2.8038
v  38.3256 20.1369 -2.6631
v  38.4658 20.1698 -2.6441
v  36.4953 28.6111 -1.0540
v  36.4386 28.4806 -1.1601
v  36.3965 28.5681 -1.0213
v  36.4411 28.5635 -1.0757
v  51.5195 28.3381 -4.8292
v  53.7795 27.4330 -5.5007
v  52.6329 26.4693 -8.0686
v  51.3894 27.8856 -10.5042
v  49.7586 29.2227 -9.9641
v  49.8182 29.4474 -7.0979
v  50.1635 31.9565 -11.9600
v  48.5223 31.3430 -10.8199
v  49.7580 30.9776 -8.2583
v  52.2579 31.9124 -6.7561
v  53.8798 32.4928 -7.9581
v  52.5627 33.1300 -10.4224
v  52.5850 32.4077 -12.8945
v  51.7661 32.7032 -9.7390
v  54.5661 31.8547 -7.8699
v  49.8664 35.3068 -11.2738
v  50.9388 33.5895 -6.1642
v  48.0061 17.7111 -4.9780
v  47.9441 17.4610 -4.7422
v  48.1931 17.6043 -5.0254
v  48.0862 17.2354 -4.6181
v  48.1965 17.4385 -5.1706
v  48.0276 16.9415 -4.5886
v  48.0081 17.3801 -5.2692
v  47.8560 16.8325 -4.6365
v  47.8188 17.4840 -5.2249
v  47.7065 16.9687 -4.6198
v  47.8202 17.6492 -5.0790
v  47.7436 17.3161 -4.7166
v  48.3909 18.7511 -6.3254
v  48.5413 18.6384 -6.3609
v  48.5528 18.4791 -6.4664
v  48.3821 18.4374 -6.5420
v  48.2151 18.5293 -6.5253
v  48.2354 18.6837 -6.4142
v  48.9883 20.1103 -8.5710
v  49.1480 20.0355 -8.7124
v  49.0647 19.7973 -8.6785
v  48.9222 19.9223 -8.8025
v  48.8410 20.0078 -8.6488
v  49.0056 20.0124 -8.7536
v  54.0304 35.1168 -9.4246
v  54.3041 33.4902 -10.6902
v  52.1198 34.0946 -12.6755
v  49.2349 35.1301 -12.3170
v  48.9565 36.6189 -10.9097
v  51.4724 36.8155 -9.6297
v  49.5669 27.2282 -10.2213
v  51.7896 28.3151 -7.9891
v  54.7161 26.8741 -9.2173
v  49.1409 30.6828 -7.5365
v  54.6221 30.6009 -7.1759
v  57.3258 35.1323 -7.4857
v  57.6469 33.7958 -9.1458
v  55.0443 34.0778 -10.4016
v  52.1182 34.1901 -9.4082
v  51.8122 35.0135 -7.5367
v  54.3708 34.7082 -6.2674
v  39.1093 19.4495 0.1300
v  39.3172 19.0917 -0.1164
v  38.9714 19.3088 0.1718
v  39.2755 18.8362 -0.3147
v  38.8818 19.1549 0.2657
v  39.2832 18.6256 -0.2369
v  39.0474 19.1704 0.3792
v  39.4190 18.5619 -0.0739
v  39.2248 19.2391 0.4452
v  39.4467 18.9175 0.1373
v  39.1971 19.3643 0.2899
v  39.4107 19.1252 0.0507
v  38.4779 20.0822 0.7802
v  38.3836 19.9489 0.7883
v  38.3229 19.8147 0.8534
v  38.4293 19.8564 0.9774
v  38.5804 19.9053 1.0202
v  38.5571 20.0096 0.9015
v  38.2659 20.2870 1.0817
v  38.1566 20.2327 1.0154
v  38.2360 20.2470 1.0152
v  38.1814 20.1493 1.1237
v  38.2094 20.1234 1.1232
v  38.2310 20.0877 1.2378
v  38.3110 20.1992 1.2164
v  38.3706 20.3151 1.1685
v  35.1155 22.9847 3.9207
v  35.0754 22.8759 3.9369
v  35.1636 22.9129 3.9995
v  35.0336 22.9977 4.0283
v  38.1639 20.2384 0.9898
v  38.0689 20.1699 0.9149
v  38.0837 20.1000 1.0342
v  38.1199 20.0533 1.1600
v  38.1946 20.1683 1.1371
v  38.2534 20.2835 1.0862
v  34.5473 22.9801 3.0889
v  34.4208 22.9391 3.1602
v  34.5686 22.9315 3.1902
v  34.5609 22.9130 3.1184
v  56.9840 34.5934 -5.5706
v  54.7127 34.8478 -7.9210
v  51.8239 35.4626 -5.9229
v  57.5808 36.2891 -9.3920
v  52.1562 36.3828 -10.2439
v  55.1004 31.3132 -5.0932
v  57.5836 33.1017 -9.6933
v  54.6904 33.2722 -7.7646
v  52.0642 34.4595 -5.7207
v  54.8628 36.4021 -9.8914
v  43.8527 29.5921 -8.7460
v  45.3287 28.1014 -12.1409
v  43.1349 28.2502 -10.1908
v  48.1783 29.1558 -12.4452
v  46.6775 30.6778 -9.0543
v  48.8322 30.5198 -10.9922
v  47.1427 18.2153 -3.4712
v  47.3889 17.5751 -3.4525
v  47.0887 18.1923 -3.6834
v  47.2696 17.6699 -3.6672
v  46.8951 18.1212 -3.7602
v  47.1253 17.4607 -3.7718
v  46.7489 18.0711 -3.6034
v  47.0665 17.2190 -3.5815
v  46.7822 18.0868 -3.3863
v  47.1105 17.1245 -3.3523
v  46.9823 18.1599 -3.3310
v  47.2888 17.3096 -3.3029
v  45.9182 20.9621 -3.3215
v  45.9077 20.9538 -3.5047
v  45.7463 20.8846 -3.5339
v  45.6091 20.8276 -3.4279
v  45.6843 20.8083 -3.2670
v  45.8344 20.8660 -3.1925
v  45.6615 21.2832 -3.2649
v  45.6245 21.2792 -3.3944
v  45.6943 21.2553 -3.3075
v  45.5246 21.2111 -3.4539
v  45.5251 21.1816 -3.3658
v  45.4570 21.1390 -3.3622
v  45.4761 21.1282 -3.2293
v  45.5807 21.2043 -3.1914
v  41.0545 27.7026 -2.5933
v  41.0006 27.6426 -2.6819
v  40.9720 27.6187 -2.5709
v  40.9363 27.7685 -2.6096
v  45.7425 21.2983 -3.3196
v  45.7079 21.2801 -3.4489
v  45.5917 21.2364 -3.5020
v  45.5029 21.2095 -3.4039
v  45.5160 21.2203 -3.2700
v  45.6394 21.2655 -3.2388
v  43.1597 28.7883 -3.2565
v  43.0452 28.8833 -3.3360
v  43.0567 28.7357 -3.2321
v  43.0575 28.8928 -3.2696
v  51.3239 33.2378 -15.9486
v  46.6356 31.8472 -13.4079
v  49.3420 34.0869 -13.4531
v  51.2731 37.0171 -13.8012
v  46.6285 35.7761 -11.5244
v  49.4466 33.0371 -14.9263
v  50.9839 31.7068 -11.6551
v  51.4901 33.0069 -14.2704
v  49.1003 32.9342 -9.2403
v  47.1069 32.4588 -12.9579
v  47.0579 32.9124 -9.9704
v  52.1509 32.1838 -11.6511
v  48.9446 31.6558 -16.1291
v  49.7223 33.7211 -13.2758
v  51.5612 36.5056 -12.0748
v  47.9819 35.5591 -16.0397
v  40.7106 17.7102 -0.8341
v  40.6132 16.9506 -1.5337
v  40.5706 17.5057 -0.7751
v  40.4597 16.9028 -1.3625
v  40.5554 17.3225 -0.6451
v  40.4739 16.6555 -1.2952
v  40.7962 17.4082 -0.5316
v  40.6742 16.4869 -1.3992
v  40.9796 17.3595 -0.7409
v  40.8417 16.3970 -1.6627
v  40.9029 17.5268 -0.8650
v  40.7790 16.6374 -1.7094
v  40.9186 17.9632 -0.4779
v  40.7647 17.9987 -0.3683
v  40.8008 17.9684 -0.4597
v  40.8719 17.8575 -0.2939
v  40.8476 17.8030 -0.2941
v  40.9968 17.7205 -0.2429
v  41.0500 17.8056 -0.4068
v  41.0791 17.9071 -0.5675
v  43.9556 21.7350 2.4481
v  43.8796 21.7012 2.5349
v  43.9436 21.6208 2.5930
v  44.0475 21.6051 2.5488
v  44.0663 21.6778 2.4498
v  44.6303 25.2788 5.6701
v  44.5924 25.1938 5.7363
v  44.7006 25.1978 5.7093
v  44.6597 25.3232 5.7946
v  40.6962 17.9368 -0.3365
v  40.5109 17.8840 -0.3207
v  40.6312 17.7490 -0.2522
v  40.7712 17.6307 -0.1905
v  40.8418 17.7951 -0.2637
v  40.8872 17.9663 -0.3412
v  40.4800 20.1762 4.7561
v  40.4018 20.1056 4.8068
v  40.4578 20.0210 4.8625
v  40.5707 20.0383 4.8469
v  40.5912 20.1352 4.7803
v  41.0077 23.6913 8.1719
v  40.9585 23.5243 8.1587
v  41.0836 23.6428 8.2411
v  41.0161 23.6158 8.1871
v  44.0528 28.2316 -7.4498
v  45.9658 29.8372 -9.6013
v  45.7483 28.1587 -12.6420
v  44.7218 32.5245 -7.6471
v  47.1831 32.0640 -12.3238
v  48.5959 32.0512 -7.8528
v  49.7783 30.0781 -7.9707
v  48.9956 29.5898 -10.7920
v  46.3019 29.4156 -12.2652
v  44.3880 29.8139 -11.0311
v  45.7289 31.5274 -9.0599
v  43.2153 34.5078 -10.9158
v  47.6428 33.9457 -7.9564
v  46.4019 33.9101 -11.2368
v  45.6981 36.5212 -13.6744
v  50.0833 34.4674 -11.3540
v  48.9072 17.9286 -3.9504
v  48.5201 17.4392 -3.7964
v  49.0378 17.8764 -3.7997
v  48.5535 17.2101 -3.6053
v  49.1869 17.7486 -3.8624
v  48.6414 16.9797 -3.6287
v  49.2137 17.6736 -4.0525
v  48.6559 16.9358 -3.8295
v  49.0713 17.7393 -4.1864
v  48.5925 17.0663 -4.0233
v  48.9139 17.8665 -4.1469
v  48.5633 17.3843 -4.0063
v  50.1810 19.4641 -4.3727
v  50.2845 19.4247 -4.2075
v  50.4056 19.2879 -4.2860
v  50.4483 19.1926 -4.4552
v  50.3106 19.2804 -4.5687
v  50.1645 19.4152 -4.5647
v  51.5974 20.8251 -4.9340
v  51.6424 20.7224 -4.7793
v  51.7517 20.5984 -4.8263
v  51.8122 20.5734 -4.9998
v  51.6549 20.5864 -5.0970
v  51.5389 20.7090 -5.0733
v  51.9350 21.0652 -5.1203
v  52.0263 21.0435 -5.0279
v  51.9271 21.0383 -5.0642
v  52.0899 20.9310 -5.0535
v  52.0447 20.9005 -5.1003
v  52.0741 20.8451 -5.1521
v  51.9781 20.8862 -5.2324
v  51.9025 20.9939 -5.2261
v  53.3446 22.0900 -6.3393
v  53.4624 22.0492 -6.2659
v  53.5129 21.9501 -6.3366
v  53.4604 21.8858 -6.4726
v  53.3641 22.0000 -6.4315
v  54.6855 24.3106 -7.7185
v  54.8467 24.3767 -7.7131
v  54.8320 24.1803 -7.7070
v  54.8491 24.2363 -7.8888
v  54.7002 24.2314 -7.8020
v  54.8176 24.3304 -7.8027
v  51.9530 21.0705 -5.0260
v  52.0018 21.0128 -4.9180
v  52.0751 20.9092 -4.9536
v  52.1032 20.8604 -5.0728
v  52.0439 20.9339 -5.1647
v  51.9669 21.0404 -5.1536
v  56.3905 23.8411 -5.1066
v  56.4405 23.7636 -5.0214
v  56.4607 23.6621 -5.0850
v  56.3611 23.5973 -5.2186
v  56.4162 23.7786 -5.1992
v  56.3558 23.6985 -5.1248
v  45.2374 35.3353 -13.6808
v  48.0079 32.6209 -12.8578
v  46.7421 34.6003 -14.9218
v  48.3954 32.5303 -9.8221
v  45.2977 34.7585 -10.5855
v  47.0753 33.6421 -8.6798
v  49.1232 34.6966 -13.3711
v  43.9185 35.0287 -14.9023
v  46.2680 36.1067 -12.5791
v  48.6275 38.8310 -12.1055
v  43.5429 38.6879 -13.0187
v  44.3226 28.1782 -9.4982
v  47.1632 29.7851 -9.5888
v  48.8292 28.5361 -12.4262
v  45.1226 32.1199 -7.8283
v  49.9312 32.1334 -10.4483
v  40.1040 21.4463 1.0858
v  40.1250 21.1555 0.8555
v  40.0059 21.3962 1.1418
v  40.0355 21.0317 0.8688
v  40.0140 21.3223 1.2406
v  40.0528 20.8238 0.8632
v  40.1277 21.2995 1.2831
v  40.1619 20.8315 0.9213
v  40.2303 21.3461 1.2323
v  40.2535 20.9948 0.9660
v  40.2146 21.4191 1.1338
v  40.2324 21.1102 0.9054
v  39.8285 23.0216 2.3951
v  39.7637 22.9231 2.4509
v  39.8503 22.8891 2.5488
v  39.9753 22.9670 2.4584
v  39.7872 23.1816 2.5644
v  39.7014 23.1174 2.6286
v  39.7770 23.1208 2.6234
v  39.8000 23.1025 2.7020
v  39.8701 23.1617 2.6383
v  37.9976 27.9942 5.3156
v  37.9672 27.9555 5.3625
v  38.0310 27.9771 5.3724
v  39.7456 23.1732 2.5665
v  39.6714 23.0786 2.6030
v  39.7576 23.0759 2.6925
v  39.8169 23.1607 2.6525
v  38.3613 24.7197 3.8903
v  38.3041 24.6614 3.9307
v  38.3604 24.6609 3.9947
v  38.4162 24.7143 3.9615
v  36.9789 27.5812 5.0727
v  36.9472 27.5462 5.1218
v  37.0094 27.5716 5.1329
v  51.6163 36.4448 -12.5373
v  51.3663 34.6276 -13.7930
v  48.5874 34.1184 -13.0775
v  46.7968 34.3301 -10.6140
v  47.0099 36.3236 -9.4681
v  49.6838 36.9631 -10.2219
v  51.9174 37.9506 -10.1847
v  49.4468 35.8487 -11.2186
v  47.2355 35.6468 -8.5165
v  51.1015 36.8677 -14.1633
v  46.0116 36.2036 -12.6215
v  51.0297 35.9441 -8.9534
v  51.7065 33.6936 -8.8175
v  50.7635 32.7536 -11.3505
v  48.9363 33.7730 -13.6826
v  46.9744 34.5810 -12.6972
v  48.0877 35.7403 -10.3564
v  45.6760 25.1209 -2.6617
v  46.2217 23.2178 -4.2237
v  45.5397 25.0236 -2.6911
v  46.0886 23.1985 -4.2154
v  46.1146 22.9450 -4.2869
v  45.6045 24.8826 -2.5804
v  46.1890 22.7781 -4.2699
v  45.7754 24.9558 -2.6198
v  46.3095 22.8274 -4.2826
v  46.3261 23.0302 -4.2363
v  45.4451 26.0723 -1.8479
v  45.2790 25.9569 -1.8647
v  45.3524 25.9104 -1.6950
v  45.5160 25.9287 -1.7507
v  45.3964 26.2204 -1.6856
v  45.2408 26.2064 -1.6260
v  45.3632 26.1509 -1.6240
v  45.3223 26.1073 -1.5356
v  45.4410 26.1247 -1.5887
v  46.2735 31.8012 3.2065
v  46.1996 31.7686 3.2517
v  46.2845 31.7407 3.2757
v  45.4036 26.2185 -1.6832
v  45.2474 26.1603 -1.6691
v  45.3163 26.1090 -1.5377
v  45.4362 26.1585 -1.5572
v  43.9477 32.5510 1.9963
v  43.8731 32.5147 2.0374
v  43.9566 32.5049 2.0761
v  42.4642 27.2865 -0.5591
v  41.7622 24.9250 0.0647
v  42.6073 27.1597 -0.5367
v  41.8110 24.5924 0.2219
v  41.9668 24.6973 0.0650
v  42.6229 27.1877 -0.7072
v  42.0125 24.9263 -0.1552
v  42.4530 27.1488 -0.7121
v  41.8107 25.2720 -0.1709
v  42.5945 27.5246 -0.7609
v  42.7145 27.4693 -0.7762
v  42.6120 27.4896 -0.7283
v  42.7152 27.4052 -0.8850
v  42.5768 27.4530 -0.8945
v  44.5152 32.4341 -3.6466
v  44.5914 32.3970 -3.6605
v  44.5281 32.3880 -3.7180
v  42.6433 27.5463 -0.7064
v  42.7538 27.4696 -0.7064
v  42.7626 27.4118 -0.8199
v  42.6372 27.4858 -0.8483
v  45.9726 32.2365 -2.8775
v  46.0413 32.1853 -2.8850
v  45.9866 32.1936 -2.9507
v  47.9470 21.3731 -5.1488
v  47.7670 20.7572 -4.9778
v  48.1374 21.3356 -5.0893
v  47.8834 20.4957 -4.9168
v  48.2035 21.2702 -5.2681
v  47.9834 20.3720 -5.0373
v  48.0789 21.2647 -5.4217
v  47.8632 20.5134 -5.1858
v  47.9271 21.3328 -5.3237
v  47.7528 20.7060 -5.1600
v  48.6254 23.6146 -5.7735
v  48.8006 23.5232 -5.7548
v  48.7867 23.4666 -5.9363
v  48.6207 23.5515 -5.9589
v  51.3401 27.3314 -7.3069
v  51.4511 27.2857 -7.3192
v  51.4510 27.2486 -7.4271
v  51.3190 27.2918 -7.4451
v  51.8061 31.9418 -8.7077
v  51.9031 31.9259 -8.7296
v  51.8327 31.9118 -8.8001
v  40.0710 22.1991 0.0760
v  40.1463 21.1873 0.0031
v  39.9378 22.1840 0.2150
v  40.0470 21.2961 0.1947
v  40.0618 22.1932 0.3429
v  40.0915 21.5123 0.3961
v  40.2350 22.2095 0.3347
v  40.2529 21.6313 0.2933
v  40.2512 22.2147 0.1385
v  40.2939 21.4415 0.1335
v  39.7540 24.2863 0.0618
v  39.6540 24.2734 0.2351
v  39.8277 24.3014 0.3469
v  39.8904 24.3086 0.1722
v  46.3159 23.2459 -5.8449
v  46.4549 22.6220 -5.5567
v  46.3601 23.1570 -6.0299
v  46.5757 22.3851 -5.6097
v  46.2153 23.0669 -6.1210
v  46.4544 22.2065 -5.6972
v  46.0275 23.0747 -6.0110
v  46.2887 22.3100 -5.5784
v  46.1191 23.1848 -5.8563
v  46.2500 22.6484 -5.5295
v  45.8008 25.0882 -6.9006
v  45.8490 24.9778 -7.1014
v  45.6488 24.9987 -7.1163
v  45.5907 25.0855 -6.9641
v  47.1142 29.0914 -8.9490
v  47.1359 29.0128 -9.0636
v  47.0086 29.0370 -9.0844
v  46.9814 29.1095 -8.9820
v  47.9915 32.7051 -11.8034
v  47.9756 32.6422 -11.8890
v  47.8934 32.6962 -11.8459
v  45.9430 9.0216 -6.7088
v  43.4436 14.8435 -11.4344
v  43.2774 14.3425 -16.5965
v  43.5849 13.6852 -15.6600
v  43.8668 12.5232 -17.7968
v  44.8838 10.2084 -15.5284
v  41.2525 11.1205 -13.0944
v  43.2402 14.4220 -16.7099
v  44.3019 12.1521 -13.4759
v  45.3538 15.4476 -16.3465
v  47.2013 13.8186 -13.9650
v  46.2239 9.0616 -6.6001
v  46.2136 12.8580 -14.6460
v  47.3374 18.6144 -13.8551
v  47.2601 17.5416 -13.2412
v  47.8467 19.3880 -11.6613
v  47.8136 17.1322 -9.6548
v  43.7432 15.4107 -11.3404
v  47.3468 18.7443 -13.9295
v  47.0798 15.0394 -11.8094
v  49.5608 17.8939 -14.6577
v  50.4236 14.8029 -12.9075
v  45.9398 9.0186 -6.7119
v  47.6751 16.8372 -8.4549
v  47.2375 18.8207 -13.4301
v  47.1588 17.7248 -12.8773
v  46.7794 17.5960 -15.3794
v  46.4356 14.2374 -14.3815
v  43.7160 15.6530 -10.9024
v  47.2470 18.9534 -13.4970
v  46.9753 15.1688 -11.5881
v  49.6748 18.5903 -13.2686
v  50.4438 15.3163 -12.0979
v  42.8849 9.0249 -0.6390
v  37.7773 15.2246 0.9996
v  35.9892 16.1652 5.9858
v  36.6097 15.2845 5.3919
v  36.2456 14.7528 7.8434
v  38.0345 11.9431 6.7113
v  40.9826 14.8045 4.5512
v  35.9141 16.2718 6.0577
v  38.0570 13.2304 4.0069
v  33.9557 15.2525 4.9633
v  34.7751 12.2178 3.2864
v  42.8839 9.0397 -0.6506
v  41.7275 13.7361 6.8585
v  42.2395 19.4818 5.3250
v  42.3407 18.3312 4.8725
v  42.8301 20.0447 3.0896
v  43.2388 17.5438 1.4466
v  45.8106 15.4025 4.8246
v  42.2272 19.6211 5.3798
v  42.5769 15.6477 3.8171
v  39.7897 19.2441 5.1221
v  39.1053 16.1110 3.3617
v  42.8820 9.0307 -0.6492
v  42.3142 17.1477 -0.3422
v  37.7547 19.6043 0.8988
v  38.1504 18.4645 0.7431
v  35.7299 18.5466 1.3409
v  36.2581 15.1510 1.0322
v  40.0581 15.6242 3.5548
v  37.7068 19.7424 0.9176
v  39.0734 15.8060 0.3800
v  37.6925 19.7920 -1.5215
v  38.3314 16.6125 -2.9134
v  36.8818 15.6106 0.9478
v  31.7792 18.1303 3.8775
v  31.1762 22.0641 2.3709
v  31.6815 21.3343 2.2478
v  32.1511 22.6356 1.0721
v  33.5981 21.0784 0.4238
v  42.8422 11.8198 2.5508
v  43.7767 16.9323 5.4647
v  41.6627 17.8248 8.6327
v  41.7402 17.1575 8.0584
v  40.4862 16.8460 9.3425
v  40.3683 14.7684 7.9709
v  36.8901 15.6150 0.9523
v  32.3131 19.4409 2.3431
v  33.5541 22.9338 3.9497
v  33.8817 22.1808 3.6435
v  35.1851 23.2619 4.2022
v  36.4504 21.4804 3.5096
v  41.9153 15.5790 5.0401
v  43.4019 21.7186 5.5685
v  40.7247 23.9519 7.9073
v  40.8745 23.0903 7.6472
v  39.3746 23.2541 8.7644
v  39.3849 20.8576 8.3363
v  36.8909 15.6138 0.9510
v  32.2341 19.8053 0.0928
v  33.7875 23.6608 0.7594
v  34.0178 22.8070 0.7739
v  35.4080 23.8529 1.2257
v  36.3916 21.8972 1.3876
v  41.9163 15.5778 5.0371
v  42.8240 21.3599 5.0366
v  39.9761 23.6952 6.1626
v  40.1201 22.8520 6.0637
v  38.4779 23.2122 6.6372
v  38.4574 20.8160 6.5177
v  47.5530 8.8302 -2.9123
v  48.8315 15.6370 -0.3527
v  52.8944 17.3717 1.5351
v  52.5393 16.3655 1.1229
v  54.7605 16.2879 1.8692
v  54.2302 13.1174 0.7651
v  52.5039 14.8541 -2.7488
v  52.9374 17.4935 1.5850
v  51.7110 14.0188 0.1614
v  51.7434 16.8749 3.4391
v  50.6576 13.7620 3.2415
v  47.5381 8.7946 -2.7256
v  55.3881 12.0734 -1.3766
v  54.8404 17.3126 0.8587
v  54.1851 16.3585 0.5139
v  52.7353 18.1377 1.3740
v  50.6119 16.1079 0.7051
v  52.4998 15.2247 -3.4064
v  54.9197 17.4281 0.9004
v  52.6569 14.1334 -0.2903
v  55.3886 16.0935 2.8638
v  53.4365 13.1244 2.9049
v  47.5567 8.8283 -2.9190
v  52.2691 14.9738 -2.0055
v  56.4835 15.5676 -4.8468
v  55.6427 14.7742 -4.7022
v  57.2724 14.1255 -6.3436
v  55.1758 11.5541 -6.3561
v  51.8173 14.3895 -6.4959
v  56.5853 15.6637 -4.8643
v  53.6815 12.9235 -4.3649
v  57.4247 14.7575 -2.8823
v  55.7386 11.9954 -1.9250
v  49.8722 12.5564 0.1086
v  49.5948 18.6196 6.4184
v  50.3855 23.7508 3.7111
v  50.3696 22.5530 3.5198
v  50.7879 23.7630 1.4185
v  50.9236 21.0291 0.3767
v  53.5308 19.4546 3.9179
v  50.3874 23.8958 3.7342
v  50.3324 19.7594 3.0737
v  47.9846 23.6998 3.6994
v  46.9599 20.4057 2.7218
v  47.5509 8.8370 -2.9084
v  48.0264 16.8546 -5.3444
v  51.9939 20.0000 -3.1471
v  51.6095 18.8336 -3.1082
v  53.6228 19.2176 -1.6423
v  53.0567 15.9339 -1.1217
v  52.5657 15.3134 -5.7068
v  52.0405 20.1413 -3.1519
v  50.7130 16.1132 -3.0172
v  50.1405 20.5423 -1.6352
v  48.6105 17.4888 -0.5749
v  47.5354 8.8013 -2.7356
v  51.0302 9.1382 5.0227
v  51.9635 14.6328 6.0771
v  51.5775 13.8939 5.2427
v  51.4891 16.1285 4.4390
v  50.4901 14.8616 2.1082
v  53.6701 11.6635 2.1966
v  52.0102 14.7222 6.1781
v  50.6775 12.1705 3.2967
v  49.8707 14.4142 7.1259
v  47.8059 12.5915 4.9870
v  40.5448 15.8345 -6.9681
v  36.9613 21.8061 -11.4979
v  36.4464 21.2666 -16.9224
v  36.7924 20.5750 -15.9540
v  36.8999 19.3362 -18.2016
v  37.9856 16.9045 -15.8843
v  34.3941 18.0258 -13.1045
v  36.4046 21.3504 -17.0397
v  37.5994 18.9620 -13.6954
v  38.6796 22.3269 -16.7925
v  40.6727 20.5639 -14.3918
v  40.6380 15.9557 -6.8133
v  35.4696 22.5081 -7.0588
v  37.9819 26.9501 -4.8876
v  38.1641 25.8118 -5.1117
v  40.0804 26.8024 -4.0809
v  41.0928 24.0386 -4.3988
v  37.2770 22.2835 -2.8330
v  37.9598 27.0880 -4.8605
v  38.5890 23.1569 -5.6343
v  38.3786 27.3631 -7.1597
v  39.4560 24.4223 -8.6075
v  38.3477 24.8888 -9.1916
v  33.7225 27.5656 -12.8410
v  34.1810 31.8201 -12.8529
v  34.5923 31.0640 -12.5578
v  35.5815 32.5254 -12.0704
v  36.9320 30.9458 -11.1616
v  36.7514 22.6917 -12.5027
v  36.2919 27.9741 -14.9392
v  33.5236 28.8581 -17.4144
v  33.7856 28.1576 -16.9606
v  32.3370 27.8259 -17.9761
v  32.7379 25.6122 -16.8757
v  38.3442 24.8863 -9.1953
v  33.2159 28.7425 -10.1073
v  34.4363 32.3837 -12.0501
v  34.7826 31.6180 -11.6904
v  36.1317 32.7172 -12.3515
v  37.4305 30.9627 -11.5737
v  36.7561 22.6958 -12.5037
v  35.4301 28.9540 -12.9053
v  33.8943 30.5105 -16.5123
v  34.1314 29.6714 -16.1462
v  33.4613 29.5417 -17.9729
v  33.9834 27.0179 -17.3904
v  38.3497 24.8880 -9.1887
v  35.5866 28.9909 -13.2966
v  37.1491 32.9237 -12.8515
v  37.2106 32.0938 -12.4798
v  38.3159 33.2901 -11.5990
v  38.7862 31.3763 -10.3505
v  36.7569 22.6946 -12.5029
v  37.2830 28.6794 -12.9970
v  36.6656 30.5600 -16.4029
v  36.6007 29.7186 -16.0846
v  36.1127 29.8280 -17.8640
v  35.7911 27.3284 -17.3919
v  53.3152 16.0372 -0.3146
v  56.5262 21.3372 0.1807
v  58.3778 22.6564 3.5652
v  58.0615 21.8063 3.2258
v  58.9082 21.6713 5.0289
v  58.1183 18.9488 4.4344
v  53.3161 16.0402 -0.3151
v  59.5348 19.1555 -0.4584
v  59.0204 23.5392 0.9481
v  58.5279 22.7006 0.8620
v  57.3580 24.1511 1.5552
v  55.7541 22.3058 1.5892
v  53.3230 16.0350 -0.3168
v  52.6507 22.1861 2.0000
v  56.1067 24.6735 2.7109
v  55.9179 23.7307 2.4963
v  57.8929 24.0630 2.6746
v  57.8700 21.3552 2.0784
v  43.8477 13.4904 -7.7819
v  45.6177 18.6728 -12.4210
v  46.4139 18.6905 -17.0059
v  46.0859 17.9011 -16.2408
v  46.2396 17.0937 -18.4702
v  45.2266 14.2812 -16.4980
v  42.3131 16.8748 -14.8205
v  46.4536 18.7860 -17.0985
v  45.3212 16.0599 -14.4563
v  48.5445 18.3968 -16.1949
v  48.5743 15.8664 -14.1069
v  43.8509 13.5048 -7.7804
v  40.2777 15.3737 -15.2154
v  39.8386 20.8267 -16.0797
v  40.2520 20.0538 -15.2566
v  40.6438 22.2918 -14.4688
v  41.8603 20.8480 -12.0511
v  38.2624 18.0416 -11.9022
v  39.7885 20.9203 -16.1793
v  41.2163 18.2513 -13.3370
v  41.8157 20.4006 -17.3676
v  43.9620 18.3986 -15.3831
v  43.8513 13.4972 -7.7760
v  43.9538 20.6527 -11.7029
v  48.1498 21.7930 -14.8605
v  47.7285 20.8696 -14.2181
v  49.8489 20.3359 -15.3703
v  49.1950 17.4746 -13.7944
v  44.8885 17.6966 -15.2334
v  48.2008 21.9049 -14.9383
v  46.7458 18.7157 -12.7200
v  48.9181 22.7308 -12.7916
v  48.4530 20.3766 -10.2577
v  40.4067 19.1692 -13.7005
v  40.3567 24.5698 -16.0765
v  39.4630 25.3407 -19.7449
v  39.5556 24.6129 -19.2311
v  39.0906 24.2204 -20.9764
v  39.2540 21.8601 -19.8538
v  40.4056 19.1689 -13.7012
v  39.7400 24.5612 -16.3489
v  38.2569 25.0530 -19.9828
v  38.4522 24.3573 -19.4255
v  37.7345 23.8115 -21.0813
v  38.1455 21.5214 -19.8142
v  40.4046 19.1726 -13.7020
v  38.2355 24.8593 -14.3843
v  36.1216 25.8835 -17.6522
v  36.5325 25.1448 -17.3137
v  35.7060 24.8363 -18.9738
v  36.7193 22.5324 -18.4131
v  46.3549 14.5502 -4.8945
v  48.3169 20.9385 -9.1731
v  46.5196 21.5957 -14.0194
v  46.5023 20.7602 -13.1800
v  45.3197 20.0939 -15.2090
v  44.9476 17.3949 -13.2357
v  43.8174 20.1075 -9.8685
v  46.5218 21.6969 -14.1210
v  46.4617 18.8115 -11.2224
v  48.7352 20.9144 -14.4850
v  49.4260 18.0843 -12.6718
v  46.5123 14.5178 -4.8898
v  47.5029 18.8828 -12.2134
v  46.7893 24.4676 -11.4273
v  46.7891 23.4208 -10.8064
v  46.3014 25.3446 -9.3190
v  46.1977 23.0324 -7.2159
v  43.5660 20.4630 -10.0217
v  46.7893 24.5944 -11.5025
v  46.7887 20.9793 -9.3583
v  49.2232 24.3630 -11.3999
v  50.1916 21.6505 -9.2959
v  46.3583 14.5529 -4.8952
v  49.1349 22.0601 -5.3112
v  49.5535 24.5169 -9.9298
v  49.2736 23.4309 -9.5263
v  49.1705 23.5535 -11.9618
v  48.3095 20.3606 -11.4269
v  45.4966 21.7520 -8.2023
v  49.5873 24.6484 -9.9786
v  48.6209 20.8980 -8.5851
v  51.8319 23.9491 -9.5583
v  52.0053 20.5973 -8.7081
v  49.4357 21.3483 -9.3636
v  50.6218 25.3408 -13.9641
v  52.1249 28.8959 -12.5405
v  51.8867 28.0948 -12.2597
v  52.4713 29.1219 -10.9013
v  51.9895 27.2112 -9.7605
v  46.9827 21.5586 -10.0618
v  48.3166 27.2009 -12.3603
v  47.8749 28.0111 -16.3468
v  47.8887 27.2599 -15.7904
v  47.6327 26.8133 -17.6466
v  47.5951 24.4170 -16.4650
v  49.4342 21.3504 -9.3626
v  49.7508 26.0358 -13.4500
v  50.1145 29.5962 -11.3521
v  50.0550 28.7345 -11.2329
v  50.1885 29.5948 -9.6821
v  50.0706 27.5488 -8.9433
v  46.9768 21.5606 -10.0642
v  48.2030 27.2151 -11.3804
v  46.1984 28.9596 -14.2366
v  46.2702 28.1678 -13.8755
v  45.0800 28.2057 -15.2199
v  44.9642 25.8849 -14.5263
v  49.4278 21.3517 -9.3589
v  53.9459 25.3407 -11.7408
v  52.9487 29.4353 -10.9546
v  52.6313 28.5875 -10.8154
v  51.4739 29.8407 -10.0830
v  50.3050 27.9132 -9.5069
v  46.9859 21.5643 -10.0555
v  45.9599 27.6968 -10.8624
v  48.2946 30.0955 -13.2380
v  48.2235 29.1730 -13.0341
v  49.6909 29.6170 -14.2671
v  49.8226 26.8569 -14.0213
v  37.7476 17.2187 -4.2978
v  35.3270 23.4268 -4.1600
v  32.1242 24.6049 -6.9155
v  32.6339 23.7920 -6.6798
v  31.2407 23.4836 -8.1433
v  32.3904 20.9588 -7.8393
v  36.8515 15.5374 -6.4339
v  29.9017 16.0438 -7.4504
v  29.1821 20.5800 -8.4425
v  29.8803 19.9245 -8.2843
v  30.6969 21.6563 -8.6301
v  32.6479 20.4965 -8.3385
v  37.7417 17.2188 -4.2961
v  35.6806 23.6916 -2.6774
v  31.2822 24.9188 -3.1236
v  31.8638 24.0689 -3.2424
v  29.7948 23.7441 -3.6868
v  30.9747 21.1030 -4.1660
v  36.8554 15.5390 -6.4313
v  31.0923 17.6906 -9.6526
v  31.4187 22.3283 -9.6992
v  31.8830 21.5323 -9.4370
v  32.9275 23.1070 -8.9951
v  34.3801 21.5211 -8.2184
v  37.7456 17.2209 -4.2970
v  37.3972 23.7742 -2.7122
v  34.0113 26.1164 -4.3872
v  34.3454 25.1888 -4.3843
v  32.6383 25.3889 -5.4560
v  33.1397 22.7508 -5.7454
v  36.8514 15.5422 -6.4284
v  32.9776 14.6883 -12.2940
v  30.2221 18.4600 -12.9300
v  30.8492 18.0560 -12.2659
v  30.1027 19.8339 -11.6020
v  31.5744 19.2315 -9.6313
v  37.3398 22.5944 -1.1069
v  36.4003 29.2022 -0.5953
v  33.0050 30.7939 1.6737
v  33.3641 29.9091 1.4044
v  31.6606 29.7392 2.5012
v  32.2593 27.0701 2.0025
v  37.7203 23.1354 -2.1859
v  35.7424 28.1936 2.7593
v  37.3955 32.5654 1.3149
v  37.3460 31.5805 1.0132
v  38.3315 32.7724 -0.4139
v  38.4656 30.4779 -1.6094
v  37.3400 22.5963 -1.1054
v  37.6415 28.6132 0.6219
v  34.6959 30.6088 2.6293
v  34.9121 29.6939 2.4345
v  33.2636 29.9085 3.5190
v  33.4960 27.0874 3.1813
v  37.7298 23.1334 -2.1859
v  33.8115 28.9723 -2.1057
v  36.1881 32.9337 -1.8827
v  36.3551 31.9353 -1.9328
v  38.1339 32.9747 -1.8670
v  39.0932 30.4662 -1.9889
v  37.3404 22.5971 -1.1018
v  38.1623 29.1844 -1.4347
v  36.5690 31.7014 1.7413
v  36.6193 30.7498 1.5165
v  35.6632 31.0533 3.2501
v  35.5469 28.3487 3.0661
v  37.7250 23.1343 -2.1868
v  32.3478 27.0006 -0.7486
v  33.0291 31.3578 -1.3704
v  33.5082 30.5159 -1.4303
v  34.6946 31.9998 -1.9206
v  36.3373 30.0984 -2.2251
v  48.4320 18.6667 -6.5845
v  49.8975 24.7079 -11.3435
v  50.0996 24.3904 -16.4678
v  49.9859 23.6410 -15.5488
v  49.9829 22.5275 -17.7520
v  49.6264 19.8967 -15.4855
v  46.4863 22.2957 -13.3756
v  50.1133 24.4811 -16.5790
v  49.7206 21.8932 -13.4056
v  52.4180 24.4677 -15.9509
v  53.1086 22.1381 -13.5227
v  48.4359 18.6765 -6.5825
v  45.5155 22.0082 -13.9681
v  47.1682 27.4188 -14.5723
v  47.3133 26.4654 -13.8268
v  48.6103 28.3933 -13.0018
v  49.3601 26.3683 -10.7778
v  44.9295 25.0563 -10.3400
v  47.1506 27.5342 -14.6626
v  47.6518 24.2418 -12.0879
v  48.7447 26.3579 -16.0899
v  50.1103 23.4930 -14.4249
v  48.4344 18.6708 -6.5779
v  49.9268 25.9762 -9.8850
v  53.9440 26.6856 -13.3640
v  53.4617 25.7807 -12.7108
v  55.4257 25.0665 -14.1079
v  54.5069 22.1377 -12.5135
v  50.1278 23.0009 -13.5830
v  54.0024 26.7951 -13.4431
v  52.3369 23.6702 -11.1872
v  55.0127 27.4257 -11.3147
v  54.4780 25.0111 -8.8115
v  37.3301 21.0049 1.9557
v  36.0670 25.4471 5.7276
v  32.8887 26.9594 7.1872
v  33.0791 26.1646 6.6672
v  31.1518 26.3617 7.0576
v  31.3276 23.7591 5.4666
v  37.0944 20.9691 1.6513
v  34.3615 21.3157 8.1442
v  31.5778 25.0369 8.5331
v  32.1283 24.5506 7.8634
v  31.2580 26.1410 7.0043
v  32.4684 25.2860 4.9918
v  37.3293 21.0043 1.9578
v  36.3054 25.6710 6.0560
v  32.6075 26.3299 7.7610
v  33.0322 25.6508 7.2519
v  31.1835 25.2127 7.7100
v  31.9772 23.0250 6.2768
v  37.1050 20.9758 1.6494
v  31.3521 23.9441 3.7178
v  32.0368 28.4324 3.4619
v  32.5171 27.6001 3.5047
v  33.7485 29.1168 3.3733
v  35.3656 27.3184 3.4870
v  37.3287 21.0031 1.9578
v  36.4078 27.3489 3.8046
v  32.8374 28.4989 6.0663
v  33.2228 27.6839 5.6601
v  31.4371 27.3391 6.5762
v  32.0968 24.8138 5.6129
v  37.1050 20.9768 1.6529
v  30.6026 22.4753 0.5754
v  29.9684 26.5770 2.3641
v  30.5912 25.8734 2.3179
v  31.2693 27.3037 3.3838
v  33.0527 25.8754 3.5616
v  44.1346 23.2181 -3.1076
v  41.6785 29.5905 -1.8709
v  37.9194 31.1092 -3.9253
v  38.4606 30.2297 -3.8672
v  36.7503 30.0461 -5.1133
v  37.9078 27.3627 -5.2824
v  44.8331 23.6010 -3.3438
v  41.2161 28.4285 0.1939
v  43.7344 32.3541 0.3284
v  43.7380 31.4500 -0.0502
v  45.3670 32.4939 -0.5863
v  45.8205 30.3673 -1.7436
v  44.1278 23.2134 -3.0962
v  41.7126 29.4472 -2.7625
v  38.8549 30.5546 0.4000
v  39.3311 29.7439 0.0812
v  38.1168 29.3954 1.7007
v  39.2115 26.8623 1.1848
v  44.8411 23.5986 -3.3399
v  41.5578 29.8268 -5.1787
v  43.8475 33.6971 -3.4524
v  43.9314 32.6643 -3.4791
v  45.5348 33.5443 -2.4131
v  46.2079 30.9447 -2.1921
v  44.1270 23.2160 -3.0971
v  43.3013 29.8608 -4.7980
v  40.5522 32.4459 -2.2862
v  40.8193 31.4665 -2.3615
v  39.4167 31.7796 -0.8497
v  39.8157 28.9912 -0.6556
v  44.8377 23.5988 -3.3432
v  40.0268 28.0808 -5.1016
v  41.8202 32.2427 -4.8586
v  42.0486 31.3227 -4.7687
v  43.5869 32.4645 -4.4566
v  44.6099 30.3509 -4.1411
v  43.5170 21.1020 2.0891
v  45.8547 26.8684 4.6789
v  45.3435 27.7823 8.9804
v  45.1967 27.0081 8.3586
v  44.6796 26.5832 10.3179
v  44.0908 24.1401 8.9816
v  40.5261 19.7707 4.0671
v  41.8409 20.9457 10.9437
v  42.3201 25.6804 11.1680
v  42.1570 24.9393 10.5582
v  42.1602 26.6436 9.5760
v  41.7625 25.2631 7.8074
v  43.5227 21.1010 2.0922
v  46.0694 27.1514 3.2915
v  47.7276 27.6418 7.3791
v  47.4226 26.9428 6.7837
v  48.0175 26.2727 8.5796
v  47.3369 24.0601 7.3399
v  40.5238 19.7684 4.0641
v  39.9270 22.5492 10.5994
v  39.2908 27.2268 9.9846
v  39.3892 26.3777 9.4891
v  39.1553 27.9093 8.2205
v  39.3374 26.1508 6.6106
v  43.5293 21.0993 2.0918
v  43.4604 27.7958 3.8032
v  47.3263 29.5251 5.5010
v  46.9523 28.6381 5.2054
v  48.9091 28.4990 5.8806
v  48.3642 25.8869 5.2100
v  40.5246 19.7690 4.0659
v  40.1364 20.6421 10.8699
v  39.9846 25.1968 11.3802
v  39.9881 24.5101 10.7334
v  39.9250 26.1550 9.8360
v  39.8860 24.9365 8.0310
v  50.4125 19.4410 -4.4463
v  55.1170 25.4115 -5.9145
v  59.7044 24.9577 -8.0357
v  58.8269 24.2482 -7.7186
v  60.7131 23.0812 -8.6999
v  58.5109 20.5738 -7.9829
v  55.3180 23.0106 -9.8031
v  59.8107 25.0436 -8.0741
v  56.7802 22.5934 -6.9791
v  60.2930 25.0355 -5.7726
v  58.4043 22.8085 -4.0632
v  50.4084 19.4544 -4.4419
v  55.5620 23.8144 -10.3940
v  54.1169 29.6228 -9.7601
v  53.8640 28.4867 -9.3241
v  52.4782 30.2184 -8.1321
v  51.4660 27.8081 -6.7100
v  50.9354 25.2950 -10.7178
v  54.1475 29.7603 -9.8129
v  53.2741 25.8371 -8.3073
v  56.1816 29.5879 -8.3901
v  56.0761 26.5856 -6.2803
v  50.4082 19.4467 -4.4411
v  51.3996 27.2699 -5.7291
v  55.6209 29.6585 -3.7060
v  55.1616 28.5783 -3.7650
v  57.2474 28.6302 -2.5463
v  56.4690 25.4711 -2.3810
v  55.5259 25.5062 -6.7271
v  55.6765 29.7893 -3.6988
v  54.0903 26.0588 -3.9026
v  54.0508 30.1120 -2.0228
v  52.4446 27.2074 -1.2180
v  39.2334 24.6292 3.4731
v  37.5981 29.3287 4.1251
v  35.9355 30.1592 6.8478
v  36.2270 29.5466 6.5399
v  35.5358 29.2740 7.8857
v  36.2238 27.3629 7.3327
v  38.7279 24.2831 3.5952
v  35.6974 27.7367 7.1613
v  37.4724 31.2099 6.9116
v  37.5455 30.4350 6.7020
v  38.8147 31.3380 6.1624
v  39.3504 29.5801 5.4891
v  39.2336 24.6298 3.4755
v  38.5229 29.8209 4.9322
v  37.7993 30.6864 8.3176
v  37.9156 30.0177 7.8790
v  37.6020 29.6947 9.4825
v  37.8646 27.6008 8.6056
v  38.7303 24.2822 3.5950
v  35.1170 28.1910 5.4369
v  36.8330 31.4484 6.0484
v  36.9898 30.7001 5.8196
v  38.3433 31.6013 5.8466
v  39.1418 29.8189 5.2327
v  39.2363 24.6315 3.4781
v  37.6989 29.8402 2.9270
v  38.2940 32.0047 5.7347
v  38.3387 31.2321 5.5505
v  38.7815 31.5175 7.0931
v  39.0348 29.3713 6.9875
v  38.7273 24.2832 3.5957
v  33.6726 26.1912 5.4665
v  34.1464 29.9086 6.2095
v  34.5395 29.2574 5.9834
v  35.5315 30.5233 6.0641
v  36.8098 29.1929 5.5085
v  45.5874 27.6662 -0.2977
v  46.4947 33.7272 2.7207
v  45.4891 34.4085 7.0305
v  45.4022 33.6571 6.3419
v  44.6465 33.1315 8.2408
v  44.1708 30.7094 6.6651
v  44.9655 27.8763 -0.6293
v  44.8665 31.4844 5.2005
v  45.2143 35.9258 4.3679
v  45.1626 35.0764 3.9045
v  45.2976 36.5432 2.6115
v  45.1987 34.6774 1.0165
v  45.5925 27.6666 -0.2933
v  47.3507 33.7132 0.9487
v  48.3737 34.9226 4.8542
v  48.1634 34.1106 4.3928
v  48.5535 33.8355 6.3101
v  48.0198 31.3098 5.4422
v  44.9652 27.8741 -0.6325
v  42.9524 32.8927 4.0100
v  42.9574 37.1641 2.0049
v  43.1060 36.1926 1.7763
v  43.3477 37.3747 0.1186
v  43.8145 35.0795 -0.9549
v  45.5951 27.6661 -0.2925
v  45.1292 34.1234 0.2153
v  47.2690 35.9802 3.4203
v  47.0708 35.1112 3.1005
v  48.1648 35.0721 4.7073
v  47.8923 32.5474 4.2258
v  44.9649 27.8749 -0.6311
v  42.2076 31.0795 5.0906
v  41.7073 35.6750 4.0501
v  41.9963 34.8119 3.6567
v  42.1728 36.2952 2.3112
v  42.9662 34.4580 0.9224
v  43.2309 28.9439 -1.6742
v  43.4527 34.8967 -3.8773
v  46.9416 36.4934 -5.4871
v  46.6475 35.6689 -5.1253
v  48.5109 35.6171 -5.6928
v  48.1359 33.1253 -4.7547
v  43.7188 28.9300 -1.4145
v  47.9807 31.1033 -6.4872
v  48.3162 35.7149 -6.0602
v  47.8840 34.9401 -5.6732
v  47.3395 36.5524 -4.7160
v  46.0903 35.0132 -3.4677
v  43.2272 28.9387 -1.6866
v  45.5632 35.1609 -3.3129
v  44.9647 36.6058 -7.5445
v  44.8419 35.7658 -7.0073
v  44.2899 35.5439 -8.9924
v  43.7770 33.0109 -7.9588
v  43.7166 28.9294 -1.4116
v  48.3830 33.2559 -5.1071
v  47.8358 37.8847 -3.6675
v  47.4491 36.9384 -3.5064
v  46.4544 38.3459 -2.3131
v  45.1591 36.2261 -1.5565
v  43.2316 28.9446 -1.6783
v  42.0065 35.3652 -2.3193
v  44.1379 37.3176 -5.5671
v  44.1098 36.4810 -5.1181
v  45.4214 36.5151 -6.5694
v  45.7220 34.1400 -5.6693
v  43.7098 28.9329 -1.4183
v  49.9208 32.5860 -1.6114
v  48.8427 36.7291 -3.8791
v  48.4703 35.8366 -3.6330
v  47.1162 36.9702 -4.6576
v  45.7998 34.9702 -4.3122
v  50.8892 26.5635 -7.0851
v  54.3984 32.4446 -7.2271
v  55.6569 34.1379 -11.2093
v  55.2634 33.2806 -10.8403
v  55.5459 33.2146 -12.9060
v  54.4548 30.6532 -12.3781
v  50.8895 26.5729 -7.0759
v  50.9211 31.2960 -12.3495
v  51.3186 35.6267 -10.5206
v  51.3067 34.6684 -10.2579
v  51.5421 35.8822 -8.6471
v  51.5773 33.6592 -7.5066
v  50.8916 26.5670 -7.0762
v  51.5500 33.5028 -6.3646
v  55.2541 35.5907 -8.1287
v  54.8811 34.6350 -8.0246
v  56.7542 34.6749 -9.0203
v  56.1711 31.8668 -8.9826
v  46.8107 28.2941 -8.6432
v  47.3619 34.2985 -10.9432
v  49.9986 35.3725 -14.0439
v  49.7162 34.5550 -13.5963
v  51.0578 34.2078 -15.0359
v  50.5641 31.6236 -14.0539
v  46.8043 28.3024 -8.6366
v  47.6273 32.7213 -13.8403
v  46.1414 36.8560 -12.5879
v  46.2358 35.9541 -12.2530
v  45.4354 37.1304 -10.8945
v  45.4684 35.0521 -9.6301
v  46.8081 28.2981 -8.6366
v  46.2832 34.2741 -10.7336
v  49.6431 36.4798 -11.7674
v  49.4448 35.6179 -11.4385
v  51.3421 35.8699 -11.6610
v  51.2727 33.3888 -10.7443
v  45.9266 12.1396 -13.7596
v  44.9451 10.2675 -14.5230
v  43.8383 9.2324 -12.0959
v  42.7819 10.2425 -9.4109
v  42.9211 12.2712 -9.0424
v  44.1368 13.2905 -11.3823
v  43.7466 8.6374 -12.2889
v  45.4718 10.4583 -10.1576
v  47.5097 8.3040 -8.3109
v  44.2796 12.9518 -12.3552
v  47.7502 12.6637 -8.1521
v  46.1667 13.1086 -15.9955
v  44.9402 11.5938 -17.1755
v  43.3559 10.7861 -14.7652
v  41.6089 12.3845 -12.7869
v  42.5373 14.1106 -12.0022
v  44.7303 14.5423 -13.7318
v  40.7979 14.3718 -16.2719
v  44.0805 12.6608 -17.3435
v  41.1489 12.5304 -17.2358
v  46.3619 13.9424 -15.7697
v  42.9742 15.3524 -14.3452
v  45.9068 15.6164 -14.6329
v  46.9166 13.0318 -13.9743
v  46.8517 10.9751 -13.8041
v  44.3744 10.3903 -15.2444
v  41.8748 11.8757 -16.1754
v  41.4891 13.9962 -14.7944
v  44.0749 14.5752 -13.8069
v  49.1149 13.5087 -11.4276
v  48.2628 12.3591 -13.2189
v  46.1397 11.0250 -11.1467
v  43.7053 12.8511 -10.0548
v  44.6416 13.9606 -8.2321
v  46.7454 15.2821 -10.2512
v  47.9160 12.9027 -14.1156
v  47.2788 13.8648 -10.9100
v  49.9383 12.5972 -9.0095
v  44.6814 15.6556 -12.6469
v  48.1772 16.5330 -8.4779
v  46.6925 16.2806 -15.8340
v  43.7039 15.3311 -11.5325
v  46.8980 16.2371 -12.5486
v  48.7289 19.1233 -13.8261
v  45.9175 18.2537 -9.5410
v  49.6918 19.1274 -15.4115
v  47.3091 18.2463 -13.3697
v  48.7767 18.2676 -10.2206
v  45.5721 19.7400 -16.0509
v  44.9486 19.7449 -10.7480
v  49.8956 18.3711 -12.4996
v  50.0960 16.5039 -13.5850
v  47.7800 16.6421 -15.2638
v  45.1797 18.2453 -15.5212
v  44.9877 20.0189 -14.3408
v  47.2193 19.8103 -12.6061
v  47.6586 15.6244 -15.4220
v  43.3082 17.3546 -12.5098
v  46.7824 16.8138 -12.4541
v  50.1685 17.8901 -12.5954
v  45.6863 19.2395 -9.8131
v  46.5231 18.3649 -15.5091
v  49.3006 17.3758 -13.0354
v  48.6574 18.3832 -15.7270
v  48.4148 18.4961 -10.1793
v  45.5025 19.0736 -12.6892
v  46.4929 19.2634 -9.9946
v  50.2778 15.1283 -12.5732
v  46.3485 15.8099 -15.9117
v  47.1899 16.3683 -12.5223
v  49.4062 18.6349 -10.8369
v  45.1669 19.1776 -13.9048
v  36.9698 12.6590 2.7651
v  36.7936 10.6456 3.2843
v  39.5312 10.1143 4.1090
v  42.3271 11.0111 3.0580
v  42.4387 13.1310 2.7646
v  39.7426 13.6472 1.8843
v  40.0993 11.4311 4.1634
v  38.6946 9.3228 1.2478
v  39.1722 9.5844 4.0990
v  40.1826 10.2679 -1.3153
v  41.8640 12.2269 1.6470
v  40.3567 12.5655 -1.2539
v  34.6628 15.0635 4.7664
v  34.5356 13.2078 5.6781
v  37.4006 12.2574 5.6460
v  39.9930 14.0848 6.1686
v  40.1571 15.6001 4.7021
v  37.4505 16.1513 4.0844
v  33.9103 16.4055 7.7812
v  36.2595 15.8996 5.5073
v  34.3022 16.3544 2.5862
v  37.6376 17.9849 8.0398
v  38.6555 16.8838 2.7681
v  36.9664 14.3496 1.8091
v  35.5864 12.6144 2.0066
v  35.8602 11.9938 4.7875
v  38.2680 12.8643 7.0876
v  38.1280 15.0635 7.1255
v  38.1748 15.5996 4.3228
v  40.6026 14.0546 4.0203
v  41.2120 12.3327 5.1811
v  43.2965 11.4152 2.9276
v  46.0074 13.3791 2.5926
v  45.5386 15.2734 1.8991
v  42.9568 15.7417 2.9458
v  43.8910 14.7001 5.4775
v  40.9784 12.8432 3.6577
v  43.0850 12.5960 5.5945
v  40.6861 13.9743 0.7705
v  43.8310 15.5719 2.3933
v  41.5228 16.0787 0.7100
v  40.6740 17.5722 6.1815
v  41.7817 15.8356 7.1093
v  44.3400 16.4546 5.7827
v  45.4057 17.7470 3.1898
v  43.9860 18.5479 1.9146
v  41.3344 17.5354 3.0382
v  39.1704 20.2741 4.4250
v  42.2467 19.0518 4.9219
v  43.3398 18.8375 1.6086
v  41.5472 21.2773 7.5814
v  45.9774 19.4799 4.9757
v  39.8853 19.1504 3.7097
v  39.9152 17.1563 4.3149
v  42.1627 17.1933 6.1151
v  44.3639 19.1161 7.0944
v  44.7728 20.7179 5.6678
v  41.9926 21.1417 4.7928
v  37.7687 14.8165 2.8263
v  42.8657 13.4591 2.3325
v  39.9878 14.0204 0.4702
v  37.7911 16.5351 -0.8053
v  42.8829 14.6915 -1.8754
v  36.8236 12.9156 0.2279
v  39.7180 14.3722 -0.1860
v  40.6545 13.7730 -3.4873
v  38.4833 15.8943 2.7538
v  41.0909 17.6530 -1.6412
v  35.9414 18.0510 -0.2286
v  35.4154 16.8168 1.3432
v  38.0642 16.3717 2.5694
v  41.1331 17.3252 2.3179
v  41.3630 17.2034 -0.2745
v  38.9988 19.0563 -0.4665
v  35.0929 18.9035 -0.5035
v  38.2020 18.8794 0.5162
v  40.1118 19.9557 -2.1872
v  36.3306 18.9646 3.5057
v  41.0923 20.7925 1.8847
v  35.9268 17.2997 -1.9543
v  36.3392 16.0982 3.2203
v  38.2764 17.0741 0.5094
v  39.5514 19.3591 -1.8538
v  39.3651 19.0199 3.4886
v  39.4088 15.9393 1.8866
v  36.1263 14.0365 2.6301
v  39.0589 13.7632 1.6637
v  33.8111 15.8366 1.7664
v  37.1379 17.6645 0.7360
v  34.3200 17.5797 0.5660
v  30.2834 18.4470 3.6098
v  35.7245 17.6146 3.9563
v  33.1434 19.5797 2.5221
v  30.9184 22.2137 1.7595
v  36.2145 21.6647 2.2705
v  29.1616 20.5292 2.3469
v  32.3863 20.6754 1.9058
v  32.6226 22.2386 -1.3286
v  31.9944 21.5457 5.3013
v  35.5196 22.6649 1.4673
v  33.1319 20.1043 -0.7883
v  31.4935 18.5354 -1.0946
v  31.3168 17.7094 1.6755
v  31.4575 18.9621 4.4559
v  32.0048 20.9608 4.5650
v  32.7742 21.5669 1.9088
v  46.6014 13.4297 2.9383
v  43.4955 10.7727 3.9998
v  46.1228 11.2791 2.6380
v  41.9385 12.4932 6.0848
v  44.2436 15.0045 4.1624
v  41.5757 14.4703 5.4257
v  40.6446 15.3984 10.5811
v  45.4097 16.5518 8.0646
v  41.9936 17.3387 8.2793
v  38.9701 19.0439 8.9065
v  43.6234 20.2499 6.6163
v  41.6185 18.0188 10.0022
v  41.8062 16.3620 7.0096
v  38.5306 17.2720 5.9591
v  44.8858 18.0097 7.6266
v  41.5719 18.1088 3.5853
v  38.8987 14.0518 8.0768
v  43.8932 14.4846 9.5830
v  41.7027 15.2071 6.8213
v  39.2995 17.3774 5.3308
v  44.5465 17.6081 6.8390
v  39.6067 16.3387 0.5214
v  37.4591 14.7532 3.5112
v  39.8851 14.6653 1.7013
v  34.4103 15.3564 2.3577
v  37.1865 18.4270 1.6116
v  34.3234 17.3488 1.6469
v  31.4569 21.6961 1.9301
v  34.5396 21.2679 2.9545
v  36.6533 21.2734 0.1065
v  32.7068 22.4751 5.7546
v  37.4561 23.5839 3.9341
v  32.1316 18.9440 1.2509
v  33.4474 19.8010 6.4730
v  34.2393 20.5581 3.1669
v  34.0610 22.6503 0.2877
v  35.7949 23.1877 5.2889
v  39.6602 20.5799 8.8542
v  40.0887 20.6555 5.0281
v  37.9976 21.2279 7.2057
v  42.4159 22.9939 4.3342
v  42.1479 22.4607 8.2167
v  44.1888 21.9144 6.0536
v  38.1820 23.5901 6.6871
v  37.8583 21.7959 7.6535
v  40.4457 21.2783 8.8065
v  42.9081 23.0062 9.6356
v  43.6329 24.1425 7.6734
v  40.7284 25.1826 7.2836
v  37.6529 18.1684 3.7652
v  35.0713 15.3875 2.7096
v  37.0462 16.3339 4.5990
v  33.0275 17.1378 0.7507
v  36.9324 18.4677 0.6808
v  34.1118 18.4939 -0.4170
v  31.0266 22.3051 1.3553
v  35.1498 20.7944 4.3830
v  34.2384 21.4672 1.1013
v  33.4455 24.2473 -1.1298
v  37.6294 22.8990 1.7217
v  33.2046 20.4665 -2.2670
v  34.8894 20.9855 0.4786
v  38.2102 21.5728 -0.4203
v  31.5532 21.2647 1.6284
v  36.5670 22.3193 3.5714
v  35.9302 22.6279 -1.1523
v  34.6147 21.0760 -1.9039
v  32.0475 22.5337 -0.8410
v  31.5421 22.9083 2.3420
v  33.0386 23.9131 3.3526
v  35.3932 23.2275 1.8964
v  44.6570 15.8177 5.4797
v  41.6869 17.3363 5.5536
v  39.6612 15.6436 7.8798
v  43.7754 20.1551 4.6072
v  38.4472 19.2472 5.6422
v  37.5528 21.8449 5.8387
v  37.7595 20.6392 7.6052
v  40.7060 20.4922 8.1339
v  43.0256 20.6340 5.8345
v  43.1244 23.0067 5.4527
v  40.3463 23.5683 5.3953
v  38.1673 21.1729 3.2544
v  40.4134 21.3738 5.6113
v  43.4366 20.8266 3.6820
v  38.1282 23.9213 6.4705
v  43.3057 22.7078 7.5650
v  38.7189 24.0371 3.9113
v  38.1458 21.8172 3.4872
v  38.2619 21.2981 6.5821
v  40.4874 21.6384 8.6480
v  41.5912 23.3954 8.5521
v  41.1935 24.1784 5.7473
v  52.4719 10.2253 0.0115
v  49.5426 11.1818 -1.0619
v  47.1367 9.3194 0.6825
v  51.6988 13.7910 -2.0500
v  46.3868 13.1715 -1.2327
v  54.8788 15.0494 2.7758
v  54.1837 15.3357 -2.5222
v  52.4366 15.3649 0.4781
v  50.8551 16.4513 3.4643
v  50.5363 17.5650 -1.8842
v  53.3702 17.5742 4.5321
v  52.5213 17.0225 1.4083
v  49.0562 16.8250 1.4748
v  55.6652 18.6051 1.1873
v  51.3155 17.9853 -1.9990
v  49.4882 14.6269 1.6300
v  50.3068 13.2091 2.8967
v  53.1068 13.5369 2.3993
v  54.8670 14.5672 -0.1573
v  54.0482 16.3474 -0.9373
v  51.4012 16.8153 0.5100
v  46.4637 9.8784 -5.1361
v  48.2635 6.9464 -3.3801
v  46.0049 7.7831 -5.1860
v  49.5350 8.0389 -0.8275
v  47.7903 10.9967 -2.6396
v  49.4911 10.0867 -0.5536
v  54.8659 12.9050 0.7771
v  51.6977 13.0340 -0.4012
v  49.6548 11.2399 1.8751
v  53.4039 15.2122 -2.6516
v  48.9963 15.5698 0.6705
v  53.6996 14.7438 2.5825
v  55.2463 13.5902 1.8427
v  55.1614 14.2159 -1.0360
v  52.5942 14.7334 -2.9056
v  51.6678 16.6315 -2.1980
v  52.0927 16.4711 0.5924
v  56.4529 16.4640 -0.9633
v  55.1348 16.8524 2.6367
v  57.1015 15.5314 0.8498
v  52.1662 17.5746 2.4574
v  53.6278 17.5947 -1.1365
v  51.2282 17.4067 0.5375
v  54.2506 16.2827 4.1566
v  58.0279 15.6315 0.5759
v  54.8144 16.9543 0.9569
v  52.2608 19.3524 1.7185
v  56.5569 18.9280 -1.6905
v  45.2580 9.8800 -4.3298
v  47.8463 7.0033 -4.1015
v  45.3159 7.9324 -5.0744
v  49.9059 7.9126 -1.8929
v  47.9426 11.0618 -3.3315
v  50.5496 10.1718 -2.5896
v  54.3756 12.3218 -5.9907
v  52.4873 9.8987 -3.3734
v  54.6122 10.3203 -5.5331
v  51.1481 11.7399 -1.3337
v  51.6419 13.7474 -4.6326
v  51.3700 13.8658 -1.6452
v  56.3760 14.6605 -2.5141
v  57.7089 13.2424 -3.7731
v  55.3625 12.2008 -5.3005
v  53.7078 13.9019 -7.5785
v  53.0854 15.7857 -7.0013
v  54.5266 16.2342 -4.5481
v  58.6405 14.5605 -6.1014
v  55.7742 15.1883 -4.5248
v  56.3319 14.2702 -1.2065
v  55.9977 17.3762 -7.3157
v  54.4491 17.9624 -2.3493
v  54.8660 14.5442 -1.7975
v  55.0861 12.3624 -1.6625
v  55.2507 11.4492 -4.4400
v  55.7874 13.0192 -7.1313
v  54.5992 14.7262 -7.3459
v  54.8781 15.8699 -4.5442
v  51.0476 12.7766 -2.3897
v  52.1040 11.7407 1.2010
v  52.7878 11.7140 -1.5853
v  50.2903 13.2612 3.1419
v  49.2233 14.2956 -0.4762
v  48.2641 14.0616 2.2365
v  50.7128 18.5097 4.7977
v  49.0988 15.5269 2.8024
v  50.2657 16.4265 5.2580
v  48.7466 16.4889 -0.0789
v  51.1135 18.9693 1.7270
v  49.5981 18.3155 -0.5883
v  52.5372 23.3493 6.2578
v  52.6757 22.2359 0.9412
v  50.5923 23.2430 3.5571
v  49.2880 25.6801 5.8201
v  49.5226 25.1472 0.5448
v  48.6783 20.9428 5.3959
v  49.3538 19.0716 2.0983
v  47.5755 19.5982 4.2772
v  51.6499 20.9670 0.4806
v  51.4538 21.7537 4.4507
v  52.9554 21.7612 1.9723
v  47.9313 22.5532 2.3161
v  47.6858 20.5112 3.1442
v  49.5417 21.3297 5.6606
v  52.5107 22.1988 5.5165
v  52.8714 23.8978 4.3516
v  50.4888 24.2194 2.8646
v  52.4474 16.0303 -2.0068
v  53.3698 14.3443 -3.1009
v  51.1576 13.0829 -4.5333
v  48.2156 14.1196 -5.1676
v  47.1859 14.5003 -3.2684
v  49.4425 16.4590 -2.2564
v  52.5761 12.7694 -1.6690
v  49.5295 13.4367 -2.6116
v  47.8896 14.0940 0.5424
v  51.5047 15.1917 -4.9493
v  46.5980 15.7165 -2.9633
v  53.5597 18.8777 -1.1715
v  54.5636 17.8559 -2.6549
v  52.6113 17.8231 -4.7523
v  50.1919 19.7174 -5.6260
v  49.1374 20.5206 -4.0258
v  51.3260 21.1556 -2.1568
v  53.8277 21.0213 -1.4881
v  50.6749 18.5600 -1.6259
v  52.5588 20.5193 0.1035
v  48.9477 20.0979 -4.0886
v  53.1382 20.0628 -4.5898
v  50.3414 20.4216 -5.6903
v  50.1952 19.4456 -0.7704
v  51.7940 18.4968 0.1237
v  53.8387 18.8365 -1.8705
v  53.9877 19.4302 -4.8881
v  52.4480 20.6458 -5.6322
v  50.4448 20.3992 -3.6465
v  47.3703 9.3077 -5.3281
v  48.9872 7.0336 -2.6107
v  48.9060 7.6609 -5.4174
v  48.9168 8.5279 0.0635
v  47.8777 11.0203 -2.7140
v  48.5183 10.5772 0.0163
v  51.3991 10.8048 5.0834
v  53.1698 9.8791 0.2401
v  50.3855 11.2720 1.9984
v  49.0399 14.0770 3.6897
v  51.2552 13.1199 -1.1541
v  51.6720 9.6820 3.1914
v  49.2419 10.9205 1.2449
v  46.5076 9.0672 2.3406
v  51.6039 13.5318 1.4809
v  46.2018 13.0737 0.6004
v  50.1312 13.8049 7.4230
v  52.0752 12.9995 8.3547
v  53.8318 13.2367 6.1080
v  53.5625 14.2108 3.0193
v  52.6303 16.2532 3.1304
v  50.9037 16.0553 5.3583
v  53.7435 13.4295 4.7272
v  50.1754 12.9780 6.3722
v  53.2109 12.4706 6.4875
v  48.4100 12.0036 3.7401
v  51.6789 13.7505 2.5164
v  48.7708 13.8877 2.3025
v  49.1326 14.3267 7.2298
v  49.0776 12.2859 6.8658
v  51.6332 11.8157 5.5654
v  54.3995 13.2991 5.6438
v  54.2888 15.3685 5.6598
v  51.5148 15.9174 6.0588
v  39.8662 16.5277 -4.3489
v  39.6648 13.7982 -7.2320
v  39.6321 14.4071 -4.4004
v  40.1326 15.2189 -9.8957
v  39.9980 18.0941 -6.9637
v  40.8412 17.1586 -9.8176
v  37.3764 15.4585 -12.7010
v  39.3165 17.2964 -10.5865
v  42.2896 15.4726 -10.2281
v  36.5877 19.5871 -11.1100
v  42.0764 19.7905 -10.6574
v  36.1646 18.9369 -18.0719
v  34.3379 18.4055 -13.1002
v  36.8460 19.8842 -14.9927
v  37.3700 22.6974 -17.2569
v  35.6781 22.2864 -12.3588
v  34.9722 20.8468 -19.1572
v  36.7625 21.1493 -16.4493
v  39.9632 20.1684 -17.3820
v  34.1980 23.5269 -15.9990
v  39.4214 23.4307 -14.8963
v  40.1713 19.5547 -14.7074
v  39.8744 17.4082 -14.6127
v  37.0506 17.2662 -15.0681
v  34.6019 19.1099 -15.1185
v  34.9494 21.2205 -15.0949
v  37.7233 21.3492 -14.5276
v  36.3226 21.5919 -6.3565
v  36.2085 20.1103 -4.6592
v  38.9741 19.4775 -4.2746
v  41.7211 20.3019 -5.6306
v  41.7871 22.6221 -5.5375
v  39.0571 22.9693 -6.5594
v  36.7299 22.4433 -4.2032
v  37.7277 20.8056 -7.5612
v  36.3398 20.2850 -5.0128
v  40.7180 21.5348 -8.1847
v  39.4610 23.5455 -4.9987
v  40.8030 24.0705 -7.5360
v  36.0283 23.3102 -3.2601
v  41.2534 25.0420 -2.9446
v  38.5228 24.4977 -5.0925
v  35.7427 25.5707 -7.0325
v  40.9941 26.9220 -6.5333
v  36.7898 26.7317 -7.4672
v  40.1562 25.8521 -5.8222
v  38.7893 26.8349 -8.2385
v  40.0114 26.9345 -2.8214
v  36.5213 27.3975 -4.4704
v  38.1780 27.6247 -2.1292
v  35.8122 26.1490 -7.5684
v  35.2471 27.3804 -2.5470
v  37.7672 26.7151 -4.9361
v  39.0556 28.4959 -7.7754
v  38.7838 29.4427 -2.6074
v  36.9540 23.9743 -6.1547
v  37.8387 25.0484 -9.1407
v  35.4554 23.8299 -11.4218
v  39.9942 26.8825 -6.9994
v  37.6137 27.6034 -11.8374
v  34.8092 30.1842 -14.0047
v  33.1622 28.8149 -13.7959
v  34.2239 27.4157 -11.3893
v  35.0997 28.6334 -8.5993
v  36.3352 30.2892 -8.7089
v  35.6438 31.4478 -11.2188
v  33.4123 31.6448 -14.6792
v  35.2495 30.4358 -12.2660
v  38.4738 31.7265 -13.1959
v  32.3364 31.6320 -10.6644
v  37.4555 31.7743 -9.4132
v  37.8019 30.1808 -13.4953
v  37.5385 28.2432 -14.4961
v  35.1702 27.3652 -13.1154
v  32.6804 28.5758 -11.8258
v  33.1161 30.4881 -10.6136
v  35.6889 31.3022 -11.4809
v  34.4235 21.9108 -10.4056
v  36.0204 23.3851 -12.8444
v  34.9102 21.9701 -15.8357
v  36.7313 25.5494 -10.1344
v  36.7927 25.8289 -15.5410
v  33.2629 27.1932 -19.9544
v  31.0013 26.9710 -15.0285
v  33.5020 28.4616 -16.9419
v  34.8220 31.0798 -18.9050
v  32.2408 30.7847 -14.2083
v  31.7286 28.1440 -16.9501
v  35.2573 26.8953 -18.1853
v  32.5472 27.6428 -18.8374
v  37.0257 26.5879 -15.7157
v  33.4603 27.7577 -14.4806
v  36.2022 27.5189 -13.8331
v  36.3495 27.1608 -18.0623
v  36.4170 24.9019 -18.1232
v  33.5408 24.5891 -17.4913
v  32.0643 25.3537 -14.6912
v  32.0640 27.6066 -14.6409
v  34.9818 27.8643 -15.1290
v  37.2250 24.8506 -5.2763
v  37.5165 25.7186 -8.4589
v  34.8192 24.2471 -10.2367
v  39.6066 27.9213 -6.6606
v  37.0215 27.9108 -11.4918
v  32.7080 30.8861 -14.0238
v  32.9418 30.7516 -8.5639
v  34.6120 31.6918 -11.4614
v  35.1589 34.5412 -13.6992
v  35.9067 33.7582 -8.6134
v  32.9045 30.3921 -12.0813
v  36.8671 30.2867 -12.8257
v  34.2568 30.2404 -13.9992
v  38.0469 30.5483 -9.8654
v  34.3325 31.6353 -9.6931
v  36.9384 31.7503 -8.5962
v  35.8149 29.3887 -14.3663
v  31.7192 29.0662 -11.0662
v  35.2109 30.0426 -11.2212
v  36.3390 33.1534 -12.8226
v  33.0933 32.1336 -8.9198
v  36.8537 24.7219 -10.4177
v  35.1159 22.2758 -12.9944
v  35.6665 23.0512 -10.0258
v  34.1803 24.1160 -15.3097
v  36.4249 26.2805 -12.9940
v  34.5945 26.2611 -15.1890
v  34.9030 29.7160 -18.3355
v  34.9071 28.0718 -15.3404
v  38.2740 28.3712 -14.5185
v  32.0564 30.3360 -15.7451
v  35.1881 28.8189 -11.7056
v  36.7224 30.1340 -17.0003
v  36.3239 28.3523 -18.0183
v  33.7532 27.6835 -16.9380
v  31.4059 29.0805 -15.5530
v  31.8764 30.8526 -14.5278
v  34.2991 31.6429 -15.8390
v  35.2344 25.6258 -7.4006
v  37.1825 26.6965 -9.8832
v  35.5832 25.2763 -12.6354
v  37.9871 29.0519 -7.3081
v  37.6590 28.9821 -12.7915
v  37.8506 31.6859 -14.4738
v  36.3248 30.2146 -14.8640
v  34.8951 30.4370 -12.3468
v  35.6973 30.6773 -9.3701
v  37.4752 31.6541 -8.9716
v  38.9175 31.4103 -11.4437
v  38.2956 29.8014 -14.6577
v  37.7279 30.4608 -11.4966
v  41.0645 30.3713 -10.2402
v  35.3183 32.4104 -13.1868
v  37.6476 32.3327 -8.2139
v  39.8432 30.1723 -13.6013
v  34.9487 31.9688 -15.4295
v  37.2491 32.1227 -12.8210
v  39.6267 33.2957 -10.4852
v  35.1150 35.2493 -12.6826
v  32.6820 25.7663 -11.2354
v  35.1069 25.7436 -13.4241
v  33.8565 24.3641 -16.3927
v  35.7878 28.7369 -11.4310
v  37.3213 26.9578 -16.1605
v  35.5114 27.9995 -18.8087
v  33.1495 27.7229 -14.0885
v  36.2203 28.5365 -15.6680
v  37.9219 31.1118 -17.3724
v  35.9856 30.3343 -12.4169
v  35.8528 28.4581 -18.1269
v  38.3924 27.0395 -15.5122
v  38.3933 28.3654 -18.1656
v  36.9152 27.1594 -12.7866
v  34.6805 28.9924 -15.3728
v  35.5673 28.7819 -12.6227
v  39.5507 28.5367 -17.2317
v  34.5830 28.8130 -19.1169
v  36.5361 29.4598 -16.3192
v  38.8078 31.6793 -14.7195
v  34.2089 32.4070 -17.0572
v  53.3616 14.9227 -3.4846
v  53.7786 16.2010 -0.4970
v  56.3182 14.4060 1.0498
v  52.4478 18.9415 -2.2774
v  54.6756 18.0972 2.6134
v  57.9622 21.5307 5.4886
v  59.7088 20.2617 5.3375
v  58.8743 19.2777 2.4048
v  59.1370 21.5971 -0.0180
v  57.8038 23.1624 0.2292
v  57.5169 23.3516 3.0332
v  59.7449 19.8123 2.4016
v  56.5258 18.5623 4.2231
v  59.2942 18.0147 3.6886
v  54.0229 19.3792 2.5591
v  57.1963 20.2975 0.5188
v  54.5375 21.1759 1.2786
v  55.5133 21.6073 4.4672
v  55.6185 19.3787 4.8225
v  58.5512 19.2388 4.5629
v  60.8663 20.6733 3.1097
v  60.3528 22.3295 1.9801
v  57.3036 22.2300 1.8740
v  51.8292 16.8161 -2.1748
v  55.4784 15.4100 -1.6408
v  53.5423 16.0742 -3.6665
v  56.4996 16.5059 1.0193
v  53.3285 18.5068 0.0464
v  55.6272 18.2813 1.7087
v  61.6089 22.2854 0.8749
v  57.9758 21.1299 -2.8037
v  58.3118 21.9034 0.5660
v  58.9633 24.5334 2.8971
v  54.8141 22.9845 -0.3976
v  61.1198 22.4675 2.7196
v  58.4276 23.0863 0.9774
v  55.8251 23.4039 3.2698
v  61.0267 23.8030 -1.3072
v  56.3135 26.1276 -0.0462
v  56.1510 22.0624 3.0777
v  56.7197 20.1957 3.7575
v  58.6954 19.4638 1.6890
v  60.1965 20.6900 -0.8866
v  58.1434 21.8152 -2.0296
v  57.6782 23.3268 0.5314
v  52.6952 17.0290 -2.5430
v  55.6905 15.6133 -0.5499
v  53.2191 14.8930 -2.2769
v  56.0588 17.3760 1.9206
v  52.8352 18.6537 0.0642
v  54.4527 18.7727 2.3765
v  59.0597 22.8488 3.2779
v  55.5288 21.6030 -0.7716
v  56.0165 23.4062 2.2433
v  56.5229 25.9822 4.6052
v  53.1376 25.0635 0.5670
v  54.4923 23.6952 5.4482
v  55.6684 23.8197 2.4124
v  52.9709 25.4102 0.6364
v  58.4603 24.6624 4.3963
v  56.8243 25.7882 -0.5469
v  52.8564 22.4375 2.4551
v  53.3116 21.5136 4.4993
v  56.0183 20.6878 3.8839
v  58.4305 21.7160 2.3206
v  58.1511 23.4143 1.1614
v  55.3540 23.8319 1.2892
v  46.6422 16.1366 -14.7735
v  46.2769 14.1065 -15.3620
v  43.7396 13.5852 -14.1384
v  41.8444 14.8496 -12.1059
v  42.7690 16.1718 -10.6600
v  45.1423 16.8899 -12.0914
v  44.9062 13.6262 -14.5434
v  44.9091 14.5501 -11.2887
v  46.9878 12.2635 -9.5490
v  43.0896 17.2166 -12.8041
v  47.5612 16.7693 -9.5799
v  48.3120 16.9441 -15.6044
v  47.8269 15.3376 -16.8102
v  44.9037 15.6149 -17.0623
v  42.7773 16.5762 -14.8469
v  43.2099 18.7239 -14.4440
v  46.0286 18.7894 -14.6516
v  44.3747 18.2793 -18.3538
v  48.0852 17.6830 -17.5025
v  45.7297 16.7855 -19.0683
v  48.5517 18.7012 -14.6543
v  44.9437 19.6697 -15.7018
v  46.8209 19.2106 -13.4971
v  48.8578 15.3878 -14.6751
v  44.9385 14.6079 -18.0729
v  45.8199 16.5615 -15.3104
v  47.2362 19.2922 -13.4698
v  43.4896 18.5647 -17.4310
v  43.8605 17.0065 -13.4356
v  42.2382 15.3819 -14.6290
v  40.8562 14.8667 -12.0675
v  39.8994 16.3700 -9.5262
v  40.0352 18.4884 -9.7080
v  41.5733 18.9599 -12.0820
v  39.4003 17.8514 -13.9174
v  42.4011 15.4245 -12.7370
v  39.8316 15.8738 -14.3350
v  44.6468 17.2637 -11.7793
v  41.2842 19.2015 -11.4724
v  44.2586 19.3878 -11.8347
v  42.3169 19.7680 -16.2433
v  40.8426 18.2387 -17.1713
v  40.0373 17.2073 -14.4860
v  38.1672 18.8489 -12.3345
v  38.7730 20.7815 -11.9256
v  40.7399 21.3021 -13.9644
v  36.9797 20.5048 -16.4823
v  40.1728 20.7305 -15.5622
v  42.0043 20.3957 -18.5110
v  38.2171 22.5275 -13.2012
v  42.7945 23.4344 -15.5741
v  42.6818 21.3704 -16.3518
v  42.7152 19.2530 -16.9371
v  39.9230 18.3846 -16.7803
v  37.2270 20.0267 -16.6031
v  37.2602 21.5184 -15.1384
v  40.0103 22.6863 -15.6939
v  46.6036 18.6916 -14.3672
v  46.9652 15.6391 -11.9107
v  46.7063 16.5290 -14.6203
v  46.7379 16.7638 -9.0761
v  45.5117 19.4885 -11.5435
v  46.1876 18.7587 -8.8799
v  49.1846 19.7129 -16.4389
v  44.1555 18.6555 -14.6737
v  47.1624 20.2272 -13.8433
v  49.4942 22.9263 -14.0389
v  44.4299 22.3921 -12.5437
v  46.7643 21.5135 -16.7946
v  49.0217 19.4424 -14.4608
v  48.1664 20.0306 -17.1272
v  49.3536 21.3362 -11.6707
v  46.1753 22.4040 -13.9460
v  47.4788 22.3100 -11.3596
v  49.0090 20.4337 -11.4875
v  48.7992 18.2438 -11.2107
v  48.5358 17.8843 -14.4119
v  46.2963 19.0717 -16.1913
v  46.1500 21.1573 -16.1412
v  47.6822 21.8912 -13.8818
v  38.6758 20.6177 -12.1799
v  37.6194 18.7247 -15.4157
v  36.9444 19.2616 -12.6710
v  38.7337 20.2469 -17.8304
v  39.2637 22.4539 -14.6912
v  39.4192 22.1939 -17.5142
v  39.0414 25.2000 -22.6577
v  35.8197 24.3162 -18.6216
v  39.2677 24.8426 -19.4051
v  41.8336 27.1800 -20.1083
v  38.1976 26.4270 -16.1716
v  38.8953 23.6417 -21.4970
v  39.8198 23.7553 -18.2792
v  43.2789 23.9546 -18.5884
v  36.5488 25.0819 -18.3077
v  41.0382 25.5410 -15.1771
v  42.4737 22.8286 -18.2398
v  42.5553 21.0615 -19.7118
v  39.8073 20.9542 -20.5033
v  37.0907 22.5722 -19.7526
v  37.6019 24.7409 -20.0493
v  40.3218 24.8729 -19.2952
v  36.5388 23.9143 -19.2274
v  40.2215 22.9649 -19.9325
v  37.5064 22.8572 -20.9296
v  41.7898 23.6074 -17.2894
v  37.9099 23.3386 -16.5287
v  40.5265 22.9403 -15.5400
v  40.5415 22.7787 -21.7467
v  35.3750 22.8058 -20.3389
v  38.4813 24.3273 -19.7509
v  40.3220 26.9832 -21.4281
v  35.7863 26.6139 -18.5780
v  39.4347 21.0068 -11.6734
v  37.9767 18.9014 -14.5467
v  39.0273 18.9339 -11.8203
v  37.7132 20.7550 -17.0479
v  39.6820 22.6491 -14.2223
v  39.7050 22.1266 -17.0603
v  36.5904 24.8132 -19.4561
v  36.4672 22.3741 -19.4382
v  36.0890 21.9595 -16.6319
v  36.8913 23.2208 -13.9694
v  36.9009 25.7434 -14.0508
v  38.5767 25.2542 -16.8094
v  35.9107 23.5068 -19.4927
v  37.5247 23.9494 -16.6885
v  40.9074 23.9153 -17.4679
v  34.4881 25.6532 -16.0986
v  39.4512 26.4769 -14.5030
v  37.4045 23.4022 -20.3325
v  33.7471 23.1148 -16.5115
v  36.5536 24.9177 -17.4841
v  38.5330 27.3781 -19.1074
v  34.2277 27.2679 -15.7689
v  48.0252 18.0711 -11.6786
v  46.7813 16.3626 -12.4676
v  45.1306 15.7727 -10.2039
v  44.8303 16.8689 -7.2421
v  44.4724 19.1539 -7.4597
v  46.6826 19.5520 -9.3504
v  44.8672 17.1226 -10.2537
v  47.3626 14.6401 -8.6523
v  44.6414 14.8469 -9.7677
v  48.6977 16.0209 -6.1676
v  46.4693 18.6436 -8.1498
v  49.1750 18.4292 -7.0787
v  47.8133 18.3292 -14.8582
v  42.7338 19.5614 -13.1030
v  46.1724 19.9220 -12.4576
v  49.2299 21.7363 -12.4483
v  44.1263 22.5475 -10.7314
v  44.2414 21.7158 -14.8671
v  47.8518 20.3864 -14.9707
v  45.5883 21.4620 -16.5177
v  49.3460 21.6163 -12.4307
v  45.5790 22.5544 -12.2206
v  48.1945 22.6222 -11.0239
v  49.5790 17.8720 -11.9278
v  45.6912 18.1705 -15.3695
v  46.6337 19.3997 -12.1895
v  49.0931 21.7528 -11.0477
v  44.8868 22.0102 -14.1971
v  47.7859 18.0859 -11.2775
v  43.1731 17.6616 -8.4534
v  46.3166 19.1620 -8.3982
v  48.8059 21.5087 -9.2770
v  43.8953 21.6888 -7.1304
v  46.8888 19.0541 -11.7493
v  47.0903 19.9435 -8.6163
v  50.2323 18.9232 -7.5272
v  45.4872 22.7587 -10.2064
v  48.2167 22.0970 -5.7816
v  46.8384 20.5224 -12.9691
v  43.7670 21.0299 -8.4034
v  46.5355 22.2486 -10.1266
v  48.2606 24.6352 -12.0995
v  46.2850 24.3329 -6.9860
v  46.1549 24.9381 -14.0465
v  46.7979 24.1538 -10.9267
v  50.0622 25.3843 -10.5530
v  43.4931 25.5783 -11.0410
v  47.3480 25.4026 -7.4585
v  49.3928 24.9131 -10.2120
v  49.6822 22.7279 -10.7359
v  47.6201 22.6428 -12.7921
v  44.5210 23.2586 -12.7217
v  44.0817 25.0992 -11.8023
v  46.5922 26.0227 -10.6276
v  50.2220 20.3375 -9.2015
v  49.3904 19.1296 -10.7765
v  47.4233 17.6927 -9.0612
v  45.1697 18.8864 -7.1823
v  45.7822 20.4194 -5.9354
v  47.9605 21.5807 -7.3590
v  50.5041 19.7636 -10.4634
v  48.5457 19.6107 -7.8543
v  50.9888 19.4777 -5.2185
v  47.0919 22.0752 -9.9251
v  47.8061 21.7060 -4.7150
v  51.3191 23.4225 -10.3429
v  50.5516 22.3247 -12.0839
v  48.0425 21.4566 -10.9721
v  45.9637 22.4275 -8.9562
v  46.8917 23.3628 -7.0641
v  49.5840 23.8831 -7.7822
v  52.2728 23.6201 -11.0111
v  49.4175 23.8922 -9.4105
v  50.0801 23.4831 -5.9649
v  49.2683 25.9324 -12.4333
v  46.6927 25.7466 -7.6469
v  52.4259 21.6891 -8.7660
v  49.2226 21.6632 -12.8829
v  49.2147 22.1742 -9.2980
v  50.1348 24.6681 -6.9814
v  46.5402 24.1839 -10.9256
v  53.1501 28.1917 -13.9834
v  53.2196 26.8054 -10.2942
v  54.6838 27.5842 -12.6560
v  50.3229 26.5725 -9.3585
v  50.2616 27.8808 -13.0855
v  48.8113 27.6090 -10.6737
v  53.5869 27.4107 -9.8670
v  54.2005 25.2536 -10.1523
v  53.2442 25.1322 -12.9523
v  50.1556 25.3138 -13.9684
v  49.5634 27.4599 -13.6193
v  50.4013 27.4863 -10.7705
v  43.1094 21.3946 -11.6269
v  46.1656 22.6694 -11.5668
v  48.0574 21.0721 -14.1107
v  44.1503 24.9015 -9.7203
v  48.8933 25.1227 -12.4549
v  49.1516 26.4168 -18.7339
v  44.4424 26.0877 -15.9773
v  47.6294 27.4709 -16.0111
v  49.4790 30.4692 -17.0185
v  45.4159 29.6246 -13.8855
v  45.8059 26.0040 -16.5130
v  49.8055 26.1776 -16.0232
v  47.6773 26.0785 -17.9349
v  50.0221 26.2715 -12.8346
v  46.3543 27.1336 -13.7361
v  48.4959 27.3067 -11.8946
v  51.2317 24.2362 -15.1627
v  46.6291 23.7807 -17.6881
v  48.1394 25.1925 -14.7053
v  50.2510 28.2010 -14.7769
v  45.3606 27.2509 -16.1868
v  47.5215 22.2083 -7.3025
v  48.7678 19.6865 -10.0828
v  46.6526 20.4112 -7.9108
v  49.8977 21.4994 -12.3321
v  49.1862 23.8027 -9.2867
v  49.8549 23.6703 -12.0623
v  51.8515 29.0012 -13.3634
v  49.7050 28.7954 -14.6778
v  48.3621 27.6130 -12.3038
v  47.6845 28.6800 -9.4955
v  49.4194 29.4824 -8.4538
v  51.5272 29.6392 -10.4037
v  52.5353 29.0896 -9.1028
v  49.9668 27.5761 -10.7720
v  47.5192 27.6967 -8.3028
v  51.7985 29.9968 -12.8218
v  46.7156 28.4565 -12.3540
v  51.8228 27.4007 -9.0245
v  52.7437 25.8500 -10.0813
v  50.7075 25.2304 -12.0029
v  48.2734 26.5725 -13.2889
v  47.3794 28.1065 -12.1664
v  49.5409 28.8958 -10.4582
v  43.7750 22.4316 -8.6929
v  45.9935 23.3779 -10.9921
v  44.5199 22.1180 -13.8885
v  46.7634 25.6337 -8.3189
v  46.8770 25.6541 -13.8113
v  48.8157 26.6266 -15.2745
v  46.5743 26.8759 -12.8952
v  48.7043 27.4991 -10.1042
v  44.9653 28.3103 -15.6918
v  44.3697 28.4060 -10.2331
v  48.7891 26.2247 -15.1794
v  43.7605 27.9959 -16.6290
v  46.2733 28.2017 -14.2283
v  48.8415 29.4196 -12.1295
v  44.1634 31.3381 -13.9829
v  48.3842 22.9627 -14.0564
v  50.2896 23.5776 -11.4745
v  53.3016 21.8457 -11.9315
v  48.3925 26.6798 -11.8904
v  52.8262 25.3098 -9.3703
v  54.8723 26.6805 -12.5138
v  49.6414 26.4306 -13.2288
v  52.1307 27.3702 -10.8818
v  54.3267 29.9806 -9.9899
v  49.0015 29.2651 -10.1934
v  54.3190 26.8158 -11.5687
v  52.2591 25.6076 -8.4710
v  54.8342 26.9469 -9.0825
v  49.3033 25.5782 -9.4133
v  51.3826 27.2259 -12.2425
v  48.8524 27.0749 -10.8391
v  53.8547 27.8382 -7.7385
v  55.8480 28.2550 -12.6538
v  52.9492 28.6575 -10.7849
v  51.0915 30.7364 -8.5772
v  53.4840 31.6458 -13.1152
v  44.0451 25.4450 -10.0418
v  44.7343 23.3919 -13.2332
v  42.9140 24.1103 -11.1348
v  47.3357 24.5081 -14.4746
v  46.8092 26.2266 -11.0387
v  48.5036 25.6851 -13.2326
v  48.8393 27.4075 -16.1405
v  44.3874 27.7956 -13.3216
v  47.8704 27.8443 -13.0443
v  51.1064 29.3198 -13.0144
v  46.2515 30.3569 -10.7567
v  50.3118 28.2330 -14.1784
v  49.2787 27.2196 -10.6046
v  51.2256 26.8018 -12.7402
v  46.3218 27.9395 -10.2662
v  47.1743 27.9430 -14.1313
v  45.1610 27.7963 -12.1559
v  50.6584 29.2812 -11.5712
v  50.9200 27.3229 -12.2734
v  48.9331 27.3335 -14.4121
v  45.9633 28.3854 -14.5399
v  45.7254 30.3106 -13.7604
v  47.9877 30.6479 -12.1020
v  39.4368 17.5202 -2.1282
v  35.8431 16.1792 -3.0588
v  37.5474 16.8394 -0.8333
v  35.1593 17.2490 -5.8351
v  38.2409 19.2020 -4.5328
v  36.1444 18.9941 -6.4457
v  29.6721 23.9398 -6.7232
v  32.9864 22.5838 -2.8190
v  32.8740 23.1469 -6.2448
v  32.6659 25.6627 -8.7753
v  36.4511 23.8213 -5.2044
v  32.0799 20.8358 -8.2657
v  34.4175 21.7825 -6.1902
v  37.3972 21.7661 -7.9935
v  31.4550 22.8177 -4.5657
v  36.3466 24.9893 -5.3176
v  35.1491 23.5230 -8.4903
v  34.7156 21.6367 -9.2142
v  32.4765 20.8952 -7.4383
v  30.6008 22.1272 -5.1243
v  32.4493 23.3070 -3.7175
v  33.2510 24.7923 -6.2096
v  37.6889 16.1398 -4.2889
v  35.0200 13.8608 -5.9109
v  37.9556 14.0364 -4.9311
v  33.3435 15.6047 -7.7803
v  36.2282 17.8740 -6.3663
v  34.1104 17.5952 -8.2140
v  28.0710 17.5384 -9.5266
v  31.6263 17.3322 -5.3153
v  30.3206 19.3061 -7.9571
v  28.5676 21.7437 -9.8162
v  31.8253 21.7343 -5.5737
v  26.6487 19.9566 -8.0542
v  29.8651 20.2951 -8.4490
v  30.0676 21.6041 -11.7968
v  29.3348 21.4075 -5.1444
v  32.8623 22.4599 -8.9952
v  32.9104 19.2995 -10.0821
v  31.8382 17.5138 -11.0313
v  30.3806 16.7155 -8.6596
v  28.9568 18.0199 -6.2951
v  29.1467 20.0767 -6.0956
v  31.0787 20.7412 -8.0552
v  38.8205 19.1260 -1.0127
v  36.5208 16.4090 -3.2849
v  38.8547 16.9515 -1.4759
v  34.0131 18.1520 -3.9214
v  36.7637 20.6662 -2.7260
v  34.5022 20.0911 -4.6112
v  29.3993 22.1031 -2.5900
v  34.1975 23.2923 -0.1545
v  32.2214 23.7559 -3.0204
v  30.1955 25.2286 -5.5046
v  34.7487 26.4962 -3.0522
v  28.9949 25.7552 -3.8617
v  32.0131 24.2009 -3.4029
v  33.2648 25.0218 -6.6312
v  31.1342 25.9409 -0.4401
v  35.3940 26.0440 -3.4679
v  30.4726 21.9946 -6.1404
v  30.1318 22.2401 -0.9227
v  32.4839 22.6075 -3.6205
v  33.8876 24.6586 -6.1759
v  33.5527 24.6833 -0.7219
v  29.9494 18.7032 -9.5210
v  32.9384 18.1949 -5.0955
v  33.0828 19.2324 -8.4081
v  32.9801 21.1769 -11.3801
v  34.4445 22.0007 -6.1797
v  29.9696 21.0267 -11.1153
v  32.6067 20.8447 -9.1790
v  35.4691 20.5327 -11.2503
v  30.0374 22.3602 -7.2406
v  35.1221 23.3682 -7.7186
v  34.3763 17.8749 -11.3930
v  29.4067 18.5753 -9.2601
v  32.7305 19.6116 -9.1580
v  35.3640 21.8323 -10.0699
v  30.7080 22.2780 -7.5341
v  39.1908 19.6609 -1.7259
v  36.2797 17.1385 -1.9517
v  39.3862 17.3896 -1.6715
v  34.7222 17.8658 -4.6547
v  37.2787 20.7010 -3.8610
v  34.9717 19.8353 -5.2621
v  32.5774 24.7428 -6.2683
v  31.2452 24.5366 -4.5562
v  33.4521 23.9925 -2.5916
v  35.9404 25.8052 -1.8828
v  36.6148 27.4126 -3.2933
v  35.0566 26.5557 -5.5849
v  33.0368 22.7996 -5.9740
v  36.8378 23.2032 -5.5078
v  34.6244 23.6897 -7.5830
v  37.3037 25.4602 -3.0472
v  33.4883 24.5874 -3.3794
v  35.6850 24.1282 -1.3530
v  34.7492 23.5450 -7.4685
v  33.9813 21.6303 -7.4235
v  33.6606 21.1958 -4.5950
v  33.3125 23.0113 -2.0813
v  35.2269 24.4232 -1.9922
v  34.6638 25.2604 -4.9335
v  35.6164 16.3866 -3.5528
v  35.6193 13.5340 -6.2687
v  35.3721 14.2973 -3.4898
v  34.8433 15.2674 -9.0020
v  36.9950 17.4293 -6.2238
v  35.8018 17.1273 -8.9891
v  28.8091 16.7632 -11.6914
v  31.9194 17.6824 -11.3313
v  33.3562 17.7966 -14.5102
v  30.5745 18.4654 -8.1524
v  35.2043 19.4671 -10.9068
v  34.4893 17.4849 -12.1941
v  34.6981 15.4120 -11.5915
v  31.6306 14.8499 -11.9376
v  29.4454 16.2992 -10.0267
v  29.4947 18.3649 -10.0527
v  32.2427 18.9533 -10.5391
v  30.8714 28.7501 3.0592
v  36.2374 28.5503 3.8339
v  33.8189 29.2948 1.4404
v  31.3352 31.2213 -0.1713
v  36.5154 31.8338 1.0713
v  31.2021 27.2125 0.7643
v  34.4204 27.5763 0.3713
v  34.9835 27.5261 -3.0600
v  33.6106 29.8965 3.0146
v  37.5327 29.4750 -0.4359
v  31.8720 26.8657 -1.0052
v  33.4083 27.5165 4.2629
v  33.4391 28.9436 1.0875
v  32.3678 31.2604 -1.3721
v  35.1754 31.4269 3.3430
v  35.2672 31.6222 2.3774
v  36.1615 30.2706 3.7932
v  37.9033 28.8665 1.8256
v  40.0537 30.0820 -0.1573
v  39.4213 31.7247 -1.2444
v  37.4310 32.8841 0.4333
v  34.3630 33.1968 0.0424
v  37.2841 31.9751 0.8392
v  39.2887 33.2839 -1.8432
v  35.9392 33.1488 3.8881
v  40.7703 33.2985 1.7835
v  35.1472 30.9863 -1.1826
v  33.9071 29.5556 -0.0687
v  35.8839 28.6526 1.8188
v  38.3376 29.7423 3.2746
v  39.6860 31.0525 1.9400
v  38.0600 31.6943 -0.2913
v  40.1796 22.2807 0.2235
v  37.2548 23.6791 -0.1783
v  35.0958 22.3024 2.1935
v  39.3225 25.8204 -2.0950
v  34.4434 26.0798 0.2375
v  33.6843 28.4773 5.1570
v  38.5643 28.5883 2.7902
v  35.2178 29.4909 2.4440
v  32.5422 31.7843 2.6279
v  37.5284 31.9174 0.6460
v  32.9121 30.6620 4.0613
v  33.6977 29.2223 0.4770
v  31.7267 30.0130 2.4312
v  36.7336 29.0190 0.2271
v  35.9324 30.3812 3.8477
v  37.8954 30.0965 1.8328
v  33.2007 29.4734 0.2523
v  32.4053 27.3904 0.6256
v  33.2813 27.3353 3.4539
v  36.3492 27.3183 4.5459
v  37.1238 29.3889 4.1088
v  36.3592 29.3373 1.2398
v  33.6398 28.4334 -1.0901
v  38.6278 28.2618 1.1402
v  36.7759 29.2886 -1.6140
v  34.9931 32.1752 -2.9977
v  39.8827 31.3781 -1.4185
v  35.4323 30.7466 -4.5033
v  38.8230 30.2200 -2.3836
v  37.6762 30.2547 -5.0060
v  37.7643 30.7313 0.5898
v  35.0749 32.1401 -1.8166
v  36.2790 32.1647 0.7440
v  36.9058 30.0628 -5.5462
v  32.8722 30.1137 -2.1555
v  36.4893 29.8791 -2.3101
v  38.6454 32.7743 -3.0062
v  35.1600 31.7369 0.6792
v  33.7433 31.1237 0.0728
v  36.6341 29.5119 0.9212
v  38.3471 29.7659 -2.0958
v  35.4487 31.8174 3.5090
v  40.2018 30.2936 1.6348
v  34.6040 28.8144 -0.7393
v  33.8950 27.1332 0.2806
v  36.1764 26.4845 1.8921
v  38.6789 27.8618 2.9966
v  39.3542 29.5301 1.9134
v  36.9660 30.3233 0.5422
v  39.7910 22.8532 0.6365
v  37.4096 23.9138 -1.4391
v  34.5795 22.5067 0.0306
v  40.0245 26.2614 -2.1300
v  34.5315 26.1991 -2.0740
v  31.2268 31.3445 -2.6828
v  30.4553 29.8147 -1.3753
v  32.4689 30.0092 0.7074
v  35.5459 30.3077 0.7773
v  36.4053 31.3527 -0.7858
v  34.4390 31.1376 -2.8686
v  32.0681 29.3511 -3.8666
v  34.4151 29.5185 -1.5839
v  37.2258 30.2759 -3.6433
v  31.5808 30.8415 0.0546
v  37.0299 30.9703 0.7279
v  33.3909 26.7391 -4.0212
v  31.7616 28.3159 1.0171
v  34.0622 28.8661 -1.5376
v  35.9054 30.3685 -4.1506
v  33.8489 32.0244 0.5429
v  50.0806 19.2556 -14.5513
v  46.8906 19.0231 -10.0582
v  49.1375 21.0012 -11.9605
v  50.5185 23.4526 -14.0947
v  47.2254 23.4209 -9.8797
v  48.6669 18.6437 -12.9969
v  49.5435 20.2406 -10.2943
v  52.9478 19.1458 -9.8613
v  47.6925 22.6455 -12.0895
v  51.6859 22.7679 -8.5656
v  52.3690 23.3080 -15.4454
v  51.6267 21.9564 -17.1370
v  49.1814 21.1193 -15.8309
v  47.0210 22.3059 -14.0297
v  47.3469 24.2206 -13.2991
v  50.0136 24.7652 -14.0779
v  47.8720 24.3727 -17.5687
v  51.5461 23.2012 -17.1251
v  48.9445 22.4680 -18.1508
v  52.8126 25.0789 -15.0364
v  48.8686 25.2029 -14.6630
v  51.4630 25.9919 -13.7239
v  52.5184 23.4017 -13.2957
v  53.0291 21.3328 -13.9740
v  50.1158 20.4167 -13.7118
v  47.3901 21.5164 -14.5399
v  47.5447 23.5335 -15.7595
v  49.8601 24.5141 -14.2691
v  48.2192 20.5927 -13.2040
v  44.4403 21.6498 -9.3346
v  47.3955 22.7706 -10.8668
v  49.6874 24.6612 -12.7681
v  45.9275 25.7390 -9.1551
v  48.1996 23.2191 -14.8971
v  48.0989 23.3940 -11.4759
v  51.5890 22.8405 -11.0489
v  46.0207 25.9250 -12.8359
v  49.9760 26.0550 -9.4208
v  45.9318 25.8236 -16.0278
v  44.1328 25.7263 -11.1130
v  47.1751 25.4551 -13.0138
v  49.8617 27.0766 -14.7058
v  47.9263 26.7517 -9.6061
v  46.0967 29.4574 -16.4013
v  47.3086 27.2039 -14.1378
v  50.7105 27.8758 -14.4268
v  43.9761 27.7482 -13.0685
v  48.8344 27.1479 -10.7433
v  49.7836 27.4817 -13.5245
v  50.3524 26.2292 -15.3620
v  47.4596 25.3077 -15.6872
v  44.7321 26.6752 -15.7937
v  44.4509 28.3232 -14.5571
v  47.0187 28.7622 -13.4612
v  52.9261 21.9654 -13.3563
v  48.1055 21.5054 -11.0480
v  51.3492 22.5964 -10.4489
v  54.2854 24.5793 -10.1812
v  48.9165 25.3811 -9.5483
v  53.4737 21.7927 -13.0164
v  52.0862 22.8076 -10.2255
v  53.6630 21.1095 -7.5387
v  51.4184 25.3197 -12.6531
v  52.8134 25.5705 -7.6441
v  55.2550 23.9173 -14.2917
v  49.9244 25.0662 -14.3242
v  52.8550 25.1618 -12.4456
v  55.7379 26.8416 -11.1930
v  50.4743 27.5479 -10.8716
v  55.7959 25.9055 -15.2918
v  53.6946 26.2638 -12.7728
v  55.4057 25.5157 -9.8455
v  52.3229 28.5243 -15.1181
v  51.6828 27.5396 -9.9145
v  55.5398 25.0832 -10.5925
v  54.9826 23.0541 -10.1939
v  52.9199 22.6996 -12.1515
v  51.2499 24.3695 -14.1147
v  51.1950 26.4398 -13.7016
v  53.6911 26.7788 -12.3104
v  33.5407 25.2485 7.6262
v  31.9886 22.6595 5.1021
v  32.2701 23.4889 7.8286
v  33.2000 23.2728 2.3621
v  35.2980 25.1311 5.0381
v  34.7466 24.6598 2.2888
v  30.2126 24.0896 4.6824
v  33.4574 23.2333 8.9559
v  32.9394 25.2847 6.1761
v  31.2990 27.9566 4.4642
v  34.1401 27.4886 8.9226
v  38.9971 19.0640 2.4553
v  36.6528 21.3662 2.8364
v  33.6531 19.7391 3.4901
v  39.5207 23.1497 3.9332
v  34.3252 23.7929 4.4709
v  30.1250 25.2750 7.7603
v  29.7526 23.1126 8.0358
v  32.4009 21.8814 7.9545
v  35.3074 23.1551 8.2051
v  35.5795 24.5976 6.5750
v  32.9934 26.2208 7.3687
v  31.5633 24.4380 11.1115
v  31.9024 24.9164 7.9067
v  28.5556 25.8672 6.9260
v  34.7691 26.4604 9.2653
v  31.8538 27.0644 4.8572
v  32.0888 23.7611 4.1470
v  31.8541 21.7437 4.5046
v  33.0430 21.4779 7.0983
v  33.4349 23.4002 9.6194
v  33.8678 25.3684 9.1124
v  32.0739 25.7758 6.8096
v  31.0292 25.7487 9.5630
v  36.1881 24.8555 9.3699
v  33.3587 25.4640 7.2714
v  31.1674 27.8590 5.8558
v  36.5196 27.0826 6.0469
v  32.1265 25.5596 10.2596
v  33.0280 25.9055 7.0517
v  29.9372 25.7028 5.4681
v  35.5616 27.5625 8.8667
v  33.3792 27.8618 3.8354
v  32.8012 24.5582 3.8857
v  31.4770 22.8071 4.5760
v  32.1984 22.7070 7.3435
v  34.2462 24.3155 9.2880
v  33.7507 26.4875 8.9888
v  33.0118 26.6127 6.2645
v  39.7026 22.2209 3.2592
v  36.7449 20.7009 5.4654
v  39.6150 20.8587 4.8530
v  34.1154 21.7684 4.3381
v  37.0929 23.3195 2.1479
v  34.2627 23.1524 2.7688
v  31.0948 24.6488 5.3692
v  36.4101 23.1974 5.2687
v  33.9808 25.3599 3.9404
v  32.1204 28.2547 3.1684
v  37.2816 26.9711 3.2728
v  30.6250 27.4289 4.6074
v  32.4601 26.1453 1.4739
v  30.0236 27.4482 2.5471
v  35.5281 27.3365 1.7069
v  33.5601 26.8028 5.4301
v  36.0670 27.2649 3.8068
v  32.3215 24.2682 0.8054
v  32.0593 23.7326 6.3059
v  33.1855 25.8204 3.5884
v  32.4402 28.5926 1.5060
v  32.7967 27.6499 6.8362
v  30.9571 29.8440 6.3051
v  30.5453 28.0221 7.6527
v  33.4234 27.6109 8.2514
v  35.9350 27.2262 6.5192
v  35.6719 27.3421 4.2253
v  33.3073 29.0782 4.3450
v  32.9227 27.5202 7.4581
v  32.0128 26.9044 3.7494
v  31.0821 26.7348 6.4849
v  34.6710 27.3365 2.1352
v  35.4969 26.7256 5.9626
v  36.3619 26.3882 3.2941
v  31.2612 23.9569 3.6172
v  34.5892 24.0204 7.8121
v  33.8348 25.5936 4.7680
v  31.4483 28.1707 3.8096
v  35.8694 27.9190 6.8463
v  38.8342 19.7012 3.7939
v  36.5578 21.4019 2.1862
v  33.5246 19.7612 2.8909
v  39.0471 23.9062 2.6814
v  33.7530 23.6952 1.2976
v  28.4434 26.9246 0.9764
v  27.7003 24.8768 1.4191
v  29.5937 24.2998 3.5582
v  32.5214 24.8599 4.2178
v  33.1556 27.0546 3.8803
v  31.2529 27.7425 1.8719
v  28.7158 26.9104 2.7197
v  31.5337 25.0876 2.1460
v  31.6088 24.5969 -1.3162
v  31.9392 26.4450 5.3769
v  35.0246 25.7885 1.0441
v  30.1395 25.3192 -0.3283
v  30.7318 23.0617 -0.6353
v  31.1068 22.2871 2.0938
v  31.3107 23.6634 4.9012
v  32.8313 25.4271 4.6778
v  32.1482 26.2850 2.0587
v  45.0969 22.5052 0.1348
v  43.7917 23.4451 -2.7401
v  40.4294 22.4148 -2.7313
v  46.9277 25.1069 -2.7450
v  41.9510 25.9662 -4.7666
v  37.1613 30.4652 -5.6399
v  35.8057 29.2644 -4.4772
v  37.9093 27.8261 -2.9337
v  40.2431 29.0186 -1.1546
v  41.3281 30.5460 -2.0320
v  39.4614 31.7072 -3.8452
v  37.1535 29.4443 -5.5204
v  40.0639 28.6075 -4.2990
v  42.1875 29.3815 -7.0955
v  38.4657 30.3676 -1.6862
v  43.4175 30.3101 -3.4937
v  39.8764 30.0572 -6.4329
v  38.9585 28.1676 -7.0748
v  37.9721 27.2799 -4.5204
v  36.9195 28.4847 -1.9188
v  38.1036 30.3370 -1.2238
v  39.5711 31.1360 -3.5134
v  47.2474 22.8871 -1.3229
v  44.7391 24.6048 -2.5191
v  41.7994 23.0765 -1.4211
v  47.4406 26.8195 -3.0945
v  42.0488 27.1645 -2.7427
v  42.2310 32.6163 -2.3351
v  45.8002 31.5171 -1.0745
v  44.0843 32.2290 -3.2831
v  45.6151 31.1317 1.9483
v  42.0215 32.1513 0.6626
v  43.7393 31.9482 2.8991
v  42.4627 31.4301 -3.0929
v  41.1110 29.6558 -2.7254
v  41.3871 29.7883 0.2201
v  44.0839 29.2184 1.9541
v  45.4251 30.9768 1.5212
v  45.2354 30.7104 -1.4303
v  45.6014 23.2128 0.6604
v  43.4813 24.5204 -1.5224
v  40.3456 22.9148 -1.0846
v  46.2111 26.7518 -1.3697
v  40.9229 26.9924 -2.7840
v  36.6513 28.6330 1.1725
v  41.9235 28.4476 2.6055
v  39.6682 29.5064 0.1843
v  37.6899 32.4060 -0.8667
v  42.7654 31.6038 -0.0707
v  38.6587 29.5494 2.5874
v  37.6162 29.5450 -1.3088
v  36.6411 29.4796 1.3816
v  40.4860 29.7461 -2.7042
v  40.9691 30.7527 1.0055
v  41.8702 30.8889 -1.6735
v  37.6421 27.8341 -2.8968
v  37.6008 27.5252 2.3636
v  39.7070 28.4571 -0.4407
v  39.2364 31.5721 -2.3352
v  40.1870 30.5475 2.6501
v  47.4509 24.6488 -2.3877
v  44.3640 22.1764 -2.3544
v  47.1690 22.9372 -1.2276
v  41.8899 24.0106 -2.7247
v  45.0253 26.2203 -3.3348
v  42.1947 26.1662 -2.9426
v  44.5348 32.9716 -6.8184
v  44.2729 31.6481 -3.6790
v  47.6415 31.5266 -2.8182
v  41.7948 34.2575 -4.3615
v  44.6376 32.7001 -0.1283
v  45.9286 30.7232 -5.6008
v  44.6290 29.3539 -6.4983
v  42.8660 28.7783 -4.3113
v  41.9765 30.0590 -1.6754
v  43.3366 31.4073 -0.8125
v  44.8938 32.1813 -3.0906
v  45.9761 23.7630 -0.2099
v  43.5438 24.7416 -2.2666
v  40.7461 23.4400 -0.6456
v  46.1578 27.0241 -3.1520
v  40.6685 27.0215 -2.9332
v  38.1849 32.5233 -3.0354
v  37.7397 31.1775 -1.4118
v  40.2382 31.4555 0.0410
v  43.2315 31.5764 -0.7250
v  43.6786 32.4102 -2.5633
v  41.2250 32.1089 -4.0262
v  40.5288 29.8710 -5.6988
v  41.3977 30.2135 -2.5563
v  44.9125 30.6808 -2.9360
v  38.2329 31.7716 -2.7069
v  42.5787 31.8291 0.6505
v  40.1709 27.0275 -5.0551
v  38.7059 28.7705 -0.0211
v  41.0867 29.0317 -2.5478
v  43.1399 30.2972 -5.1297
v  41.2657 32.1768 -0.4441
v  43.8813 24.3519 0.7251
v  43.8642 24.7336 -2.5195
v  41.0182 23.1173 -3.7718
v  45.4044 27.8245 -1.3072
v  43.1434 26.2880 -5.8252
v  38.6847 30.9639 -5.0831
v  42.1697 30.6712 -1.1202
v  41.8793 31.4047 -4.5791
v  41.0228 33.9519 -6.8618
v  44.8677 33.1379 -3.1923
v  41.7190 30.2037 -7.3664
v  44.5072 29.3024 -4.7757
v  44.2228 30.6431 -7.4064
v  43.0468 29.0668 -2.0486
v  40.4705 30.4364 -4.6038
v  41.3910 30.3698 -1.8576
v  43.2086 28.6834 -7.7919
v  38.7649 28.9687 -4.8799
v  42.1790 29.6002 -4.8133
v  44.8182 31.8113 -5.7029
v  40.2272 32.5507 -3.3535
v  46.4418 22.0282 0.1528
v  44.0468 19.4756 2.5153
v  45.7270 19.9243 0.0680
v  43.8072 21.1536 5.1342
v  45.0784 23.6490 2.4005
v  43.3135 23.1800 4.7805
v  45.4846 24.6227 10.5425
v  48.2781 25.7940 5.9389
v  45.3840 26.4689 7.8105
v  42.9785 28.0986 9.8108
v  45.7850 29.3320 5.4571
v  44.4189 26.1764 9.8987
v  44.4990 25.1501 6.6308
v  40.9984 25.5284 6.1145
v  47.2739 27.2677 7.2574
v  43.4768 27.3860 3.6668
v  42.7653 25.1630 10.3226
v  47.9668 25.4935 9.8358
v  44.9183 26.0214 7.9988
v  42.1537 28.1381 7.2346
v  47.5888 28.2548 6.6822
v  42.3480 20.8165 2.5749
v  42.5726 18.5705 5.8870
v  42.8847 18.8456 2.8878
v  39.9276 19.7408 7.5068
v  42.0994 22.6587 5.3947
v  39.9339 21.8553 7.4012
v  42.7753 23.2867 13.2889
v  45.0763 23.0169 8.4505
v  42.3043 24.2944 10.1104
v  40.0830 26.3929 11.9233
v  43.9891 27.0992 8.1668
v  43.3299 25.3697 13.6345
v  42.0223 25.3473 10.6299
v  38.5277 24.8353 10.9585
v  45.1370 27.0444 10.3595
v  40.4483 27.9775 8.2992
v  39.1072 21.9055 10.3278
v  44.1475 22.5315 12.3129
v  41.8320 23.6875 9.9816
v  39.2926 25.9535 8.9258
v  44.3920 26.3554 10.3894
v  45.5576 23.2123 -0.3340
v  46.4843 20.5344 2.2848
v  45.0371 20.9953 -0.4511
v  45.3123 21.6113 5.0647
v  45.1036 24.4603 2.4106
v  45.0788 23.6732 5.1336
v  46.2443 26.1426 8.7771
v  48.3443 25.8037 9.2498
v  49.1476 25.2396 6.4102
v  48.8397 27.1012 3.8765
v  47.3765 28.8002 3.8848
v  45.9173 28.0052 6.2624
v  49.8545 26.1813 6.4621
v  46.6191 26.1080 8.5490
v  49.6189 26.7170 8.8199
v  44.5722 28.4742 7.2935
v  47.7572 28.0969 5.0256
v  44.8000 27.5133 4.7857
v  44.4962 26.0525 7.5148
v  44.8112 24.0140 7.5700
v  47.3319 23.7749 6.1985
v  49.7606 25.6539 5.6444
v  48.9084 27.5355 4.4613
v  46.7949 27.9091 6.7115
v  43.3685 21.0812 3.2736
v  41.6455 18.2184 5.3592
v  43.8976 19.1074 3.7768
v  39.6106 19.9948 7.3038
v  40.2632 21.6915 3.6001
v  38.7712 21.5834 6.2315
v  39.7789 24.7124 11.4384
v  43.3316 23.2002 7.7585
v  39.9801 23.9947 8.1939
v  37.7709 26.8480 8.7540
v  41.1654 25.5081 4.9942
v  37.5590 25.4270 11.4869
v  39.3364 25.6739 8.7620
v  37.1715 26.5521 6.1696
v  41.8538 25.6197 11.2503
v  41.5410 26.6816 5.8838
v  37.4828 24.5994 6.7347
v  37.2617 22.5448 7.3930
v  38.2396 23.2164 10.2978
v  41.2862 24.1882 10.8468
v  41.8636 25.8814 9.8123
v  40.3512 25.7279 7.3991
v  44.2718 20.4935 -0.5014
v  44.3268 22.2601 2.3289
v  45.9686 20.3365 4.7755
v  44.2777 24.9845 -0.0750
v  44.4520 24.4328 5.3977
v  47.2539 29.2169 8.0045
v  48.9017 27.8962 7.6076
v  49.0761 27.7087 4.6214
v  46.5387 27.9983 2.5803
v  46.3048 30.3909 2.5034
v  46.6053 30.9605 5.2641
v  44.7243 28.1111 7.5505
v  46.2597 27.5661 4.7254
v  43.4498 27.6171 2.4319
v  48.4607 29.7421 6.4203
v  47.5679 28.2188 1.2861
v  44.5374 27.5855 6.8279
v  43.7861 25.3796 6.7469
v  46.6455 24.5453 5.7522
v  48.3134 25.3840 3.3333
v  48.3775 27.4146 2.9007
v  45.9001 28.3571 4.1705
v  38.8625 23.4796 13.6028
v  43.6751 23.8221 11.1473
v  40.2858 24.5123 10.8477
v  37.5438 26.7214 11.1622
v  41.9576 26.2458 7.9348
v  40.3393 25.2424 12.7710
v  39.9722 23.7808 9.7047
v  36.6110 22.8695 9.6127
v  42.3019 26.6214 9.7056
v  38.6206 24.8492 6.3982
v  37.2036 23.8269 9.2564
v  36.9227 21.7588 9.7213
v  39.5574 20.9787 10.5280
v  42.6024 22.2864 9.8684
v  42.6979 24.3517 9.8577
v  39.9478 25.1276 9.6437
v  57.6314 22.9738 -5.9405
v  58.2322 20.9107 -6.4630
v  55.7738 19.6258 -7.3806
v  52.9712 20.8570 -8.2537
v  52.1346 21.9613 -6.5529
v  54.7069 23.7634 -6.2554
v  52.6870 17.9620 -6.4596
v  50.8783 19.5225 -4.2429
v  52.3172 18.3526 -1.1381
v  51.5335 22.0126 -6.6538
v  50.4401 21.9541 -1.4484
v  59.8659 23.3585 -5.6214
v  60.3313 21.6695 -6.7094
v  58.0954 21.5015 -8.4939
v  56.0761 23.6036 -9.8007
v  55.5310 25.1477 -8.5214
v  58.0952 25.7183 -7.1850
v  60.3440 26.0169 -10.1693
v  60.5236 23.1552 -7.3773
v  62.0415 24.9265 -9.5993
v  59.3121 24.9263 -4.7679
v  57.4953 25.7448 -8.4884
v  57.5133 25.8709 -5.4642
v  57.6186 23.4910 -4.4339
v  58.3788 21.5735 -4.4670
v  59.2216 21.3480 -7.2078
v  58.6052 22.7264 -9.8911
v  58.1139 24.7615 -9.7531
v  57.3564 25.0368 -7.0387
v  48.1749 20.0504 -3.3067
v  49.9025 17.9976 -6.1301
v  47.4045 18.5727 -4.8237
v  52.4086 19.5143 -7.0293
v  50.3928 21.8439 -4.6808
v  52.5945 21.5096 -6.4420
v  54.6350 23.9029 -10.5497
v  53.2548 24.8755 -7.6556
v  55.5071 23.5378 -5.3652
v  52.1666 27.2737 -10.0050
v  53.0442 27.0737 -4.5868
v  56.0163 26.7906 -9.5557
v  55.0528 26.3567 -11.6000
v  52.2928 26.6963 -10.9244
v  50.6112 27.3964 -8.2329
v  51.5469 29.2770 -7.4326
v  54.2747 28.9793 -8.1064
v  56.7317 29.3186 -9.7387
v  53.7008 30.0466 -7.3045
v  56.6726 29.3231 -7.6654
v  51.3388 28.1832 -8.6984
v  54.1716 28.8249 -11.3057
v  51.3026 29.1623 -10.8862
v  56.6864 30.3786 -8.3588
v  57.1645 28.3888 -8.6941
v  54.9717 27.4965 -10.3791
v  53.0274 28.9742 -12.3526
v  52.3606 30.8277 -11.7088
v  53.9504 31.3801 -9.4016
v  56.6288 23.9289 -4.4454
v  51.6608 22.5126 -6.3642
v  53.4319 24.7228 -4.2854
v  54.9128 27.6409 -2.9710
v  50.1703 26.3817 -5.0252
v  56.1710 25.4400 -4.3882
v  53.7676 23.5477 -2.0480
v  56.4628 24.7355 -2.3818
v  50.9157 25.1996 -2.2005
v  53.3373 25.5452 -5.6699
v  50.6855 25.8579 -4.2545
v  58.0252 27.0230 -3.7143
v  53.8137 26.7888 -7.2947
v  54.8624 27.9132 -4.0325
v  56.1076 30.6243 -2.1149
v  51.8519 29.7131 -5.3531
v  57.6547 30.2841 -2.6523
v  54.4382 28.3666 -1.7125
v  57.3877 28.2669 -1.5335
v  52.5293 28.3399 -4.2134
v  55.7775 30.2445 -5.1701
v  53.0216 29.8180 -5.6321
v  55.4638 26.2026 -0.7075
v  57.5905 26.1617 -5.5535
v  54.9588 27.4793 -3.6986
v  53.8595 29.9239 -1.3912
v  56.3006 30.0531 -6.0663
v  41.2212 23.5902 4.8182
v  39.2097 24.9451 3.9578
v  36.9303 23.7404 4.9128
v  41.3184 26.6897 3.4224
v  37.0858 26.9621 3.8696
v  34.3364 28.1710 7.2649
v  38.5561 27.9421 7.8982
v  36.5704 29.2039 6.4857
v  34.8070 31.3025 6.0253
v  38.9222 31.0007 6.9468
v  36.3409 28.9296 7.5444
v  35.3865 27.7498 4.8357
v  34.8781 28.3827 6.9591
v  37.3096 27.6155 3.3981
v  38.2701 28.7345 6.1382
v  38.7396 28.4992 3.9739
v  34.9928 29.7325 4.5664
v  34.5809 28.0034 4.6739
v  35.0092 27.8736 6.9633
v  37.2872 28.1194 8.1167
v  37.6902 29.8407 7.9567
v  37.3639 29.9020 5.6413
v  36.0621 29.0998 8.5494
v  40.2208 28.9084 7.4495
v  37.7527 29.8462 6.7298
v  36.0476 32.1675 6.9153
v  39.8101 31.5206 5.4316
v  35.9404 30.4966 8.1541
v  36.7457 30.4275 5.0816
v  35.0303 30.3884 6.5444
v  39.2515 30.6252 5.2404
v  38.1248 31.4704 7.9475
v  39.7843 31.5639 6.4624
v  34.9512 29.1977 5.7655
v  37.0075 29.1065 9.3700
v  37.3990 29.3458 6.5491
v  36.7891 31.7658 5.0803
v  39.2803 30.9323 8.2000
v  36.2947 30.0333 9.0324
v  37.7165 29.5698 10.3441
v  39.0424 28.7224 8.6100
v  40.0913 29.7214 6.6641
v  38.9851 30.5891 5.6824
v  37.0653 30.7430 6.8748
v  36.9821 31.6182 9.8803
v  37.8448 30.1961 7.7646
v  35.7538 30.6198 6.0453
v  39.9132 31.7973 8.9826
v  38.9151 30.6378 5.0715
v  36.6522 29.4522 5.5929
v  36.1367 27.9529 6.0370
v  37.6978 27.4101 7.5765
v  39.2828 28.5185 9.0183
v  39.7840 30.0141 8.5188
v  38.0875 30.6251 7.1605
v  35.6227 29.3696 6.2635
v  36.1258 28.1394 7.3199
v  38.3741 28.2802 6.9254
v  39.7776 28.5409 4.9518
v  39.1429 29.3936 3.7180
v  36.9152 29.2370 4.0813
v  35.0379 29.9119 4.0880
v  37.2215 30.1161 5.4513
v  39.0490 30.5941 3.3725
v  35.3097 31.2565 7.1185
v  39.6181 31.3287 6.7363
v  35.5201 27.6461 3.9278
v  36.0725 29.0683 8.0036
v  37.0353 29.1746 5.4382
v  37.7863 30.0855 2.9178
v  37.9413 31.6343 6.8638
v  42.4346 26.3067 3.8075
v  39.9216 26.4419 4.3443
v  39.5210 25.2612 6.8070
v  40.4139 28.8461 2.8314
v  37.4045 27.5309 5.3839
v  38.7019 31.3028 8.2439
v  41.1141 31.0541 4.8597
v  38.4902 31.5351 5.6922
v  36.7974 33.5013 6.6836
v  38.9403 32.8192 3.0946
v  36.4554 30.3609 6.3342
v  37.8792 29.5326 3.7307
v  35.9131 30.5900 4.4201
v  40.2535 29.4253 4.2994
v  38.8067 30.6123 6.7141
v  40.7127 30.5275 5.4619
v  35.8731 28.7102 4.8829
v  38.6032 28.9356 8.0546
v  38.3052 29.4318 5.3811
v  37.3403 31.1728 3.4103
v  39.6462 31.7561 6.7546
v  40.5399 25.6379 5.2130
v  38.2661 23.7461 5.9063
v  40.4479 24.2947 6.1228
v  36.2033 24.8323 5.2041
v  38.5474 26.5295 4.2276
v  36.3689 26.0822 4.1681
v  32.3224 28.8584 7.3807
v  36.3680 29.1786 8.3038
v  34.5791 29.3051 6.2155
v  32.7721 30.5381 4.4654
v  36.7220 31.3371 5.9535
v  34.2571 28.9897 7.5556
v  33.7708 28.5120 4.5959
v  32.9866 28.1163 6.7216
v  35.8673 28.8578 3.4546
v  36.4494 28.5049 6.4970
v  37.2617 28.4396 4.4269
v  34.1330 28.2116 3.6084
v  34.4317 26.5892 3.6911
v  34.8062 26.4059 5.9525
v  36.1295 27.7813 7.5420
v  35.8577 29.3988 7.3960
v  35.0149 29.6109 5.3472
v  47.4452 28.4648 -2.0654
v  47.2649 26.5350 1.4429
v  48.1539 26.6238 -1.4503
v  44.2136 27.4239 2.3858
v  46.3830 30.4598 0.4443
v  43.9701 29.5021 2.0635
v  45.9662 32.5733 9.1792
v  48.6150 32.1011 4.5383
v  45.6002 33.1788 5.8873
v  43.0201 35.1523 7.3271
v  47.0648 35.9598 3.7415
v  44.7656 32.0185 7.7073
v  44.7637 32.1931 4.4349
v  41.4887 31.4401 3.2988
v  47.5579 34.0953 5.5427
v  44.0043 34.9256 1.8304
v  42.3978 31.0200 5.8688
v  47.0178 31.7025 8.6842
v  45.1653 32.7683 5.9339
v  42.8831 35.0008 4.3508
v  47.6501 35.4359 6.6734
v  47.9974 30.3205 -1.1665
v  46.9778 27.6704 1.4461
v  47.7925 28.0816 -1.5471
v  44.1716 28.6657 2.6275
v  45.7287 31.5224 0.4783
v  43.8699 30.7129 2.4592
v  42.9087 33.9298 4.8281
v  44.3082 33.2433 6.3508
v  46.5133 32.6367 4.4024
v  47.9239 34.5937 2.3627
v  46.9275 36.5057 1.7470
v  44.2930 35.8904 2.7935
v  46.1110 34.3532 6.1957
v  42.9876 34.8584 4.0008
v  43.9857 35.3170 6.8707
v  43.8055 37.0845 1.6048
v  46.9886 36.1076 3.6888
v  45.9833 35.6768 0.8699
v  42.1430 34.2807 2.9753
v  42.1541 32.3441 3.6877
v  44.9554 31.9295 4.2096
v  47.4124 33.7597 4.8010
v  47.6283 35.2298 2.9413
v  44.6423 36.0190 3.3035
v  47.5756 29.9290 -2.1531
v  47.9240 27.0939 0.5586
v  48.4418 28.0112 -2.1351
v  47.6243 28.8641 3.3612
v  45.4778 30.4028 0.1914
v  46.1724 30.3541 3.1371
v  49.5600 33.1592 6.0362
v  50.5516 31.6492 1.0175
v  47.9670 32.2997 3.2423
v  46.2600 35.0655 4.9072
v  47.0647 33.7161 -0.0913
v  48.2799 34.1249 7.5749
v  47.9345 34.3438 4.3380
v  44.6271 35.2507 3.6917
v  51.4576 34.2558 4.6726
v  47.8308 35.3172 0.7046
v  45.1526 32.9665 3.4982
v  45.3663 30.9651 4.3058
v  47.8508 31.7736 6.0433
v  50.6417 32.6620 4.6474
v  50.5000 34.2668 3.3532
v  47.8653 34.0248 2.2883
v  47.8031 26.7966 -0.1664
v  44.9987 28.6025 -0.0699
v  42.5004 26.6443 1.4484
v  47.4433 31.2888 0.0389
v  41.9610 30.8144 0.1122
v  41.0578 33.8954 2.4372
v  42.0592 32.6312 3.8570
v  44.9000 32.4638 2.9160
v  45.8495 32.6800 -0.2049
v  45.7946 35.0640 -0.5190
v  43.3331 35.6299 0.7683
v  41.3624 35.5840 -1.2906
v  43.2697 35.4230 1.3503
v  46.5325 35.1613 -0.2135
v  40.8469 37.8202 2.2636
v  45.8517 36.4405 3.8527
v  41.7870 35.6122 -0.7946
v  41.4665 33.3614 -1.3118
v  41.6030 32.7364 1.7627
v  43.7533 33.2365 3.8751
v  44.6582 35.1061 3.8636
v  44.2095 35.9510 1.0845
v  45.2175 6.5056 -3.9981
v  45.3881 6.3826 -3.9120
v  45.4820 6.1305 -3.9024
v  45.4424 5.8724 -3.9652
v  45.2857 5.7497 -4.0647
v  45.1094 5.8726 -4.1453
v  45.0203 6.1356 -4.1582
v  45.0697 6.4091 -4.1094
v  44.3362 6.5451 -2.4482
v  44.1991 6.3577 -2.5723
v  44.1281 6.0744 -2.5854
v  44.1702 5.8352 -2.4896
v  44.3268 5.7232 -2.3662
v  44.4892 5.8708 -2.2729
v  44.5590 6.1541 -2.2653
v  44.4996 6.4207 -2.3417
v  45.7730 6.7940 -3.1135
v  45.7615 6.6038 -2.9452
v  45.7709 6.2776 -2.8905
v  45.8164 6.0280 -2.9839
v  45.8719 6.0062 -3.1756
v  45.8289 6.1251 -3.3471
v  45.7651 6.3735 -3.3975
v  45.7432 6.6499 -3.3007
v  41.6764 12.7047 -4.2962
v  41.7753 12.9186 -4.2992
v  42.0093 12.8034 -4.2485
v  42.1952 12.5568 -4.2460
v  42.2066 12.3821 -4.3536
v  42.1101 12.1539 -4.3511
v  41.8897 12.2237 -4.3585
v  41.7199 12.4374 -4.3325
v  46.8408 11.5533 -2.4034
v  46.6573 11.3080 -2.2352
v  46.5104 10.9611 -2.1948
v  46.5009 10.7596 -2.3160
v  46.5216 10.7757 -2.5147
v  46.5898 11.0276 -2.6282
v  46.7552 11.3859 -2.5766
v  43.2776 10.9149 -4.3900
v  43.4310 10.7866 -4.3434
v  43.5088 10.6183 -4.3844
v  43.4898 10.4584 -4.5001
v  43.3023 10.4084 -4.5492
v  43.1414 10.5013 -4.5535
v  43.0672 10.6822 -4.5249
v  43.1016 10.8992 -4.4766
v  45.8620 11.7180 -2.8783
v  46.0617 11.8471 -3.0001
v  46.1408 11.6138 -3.0460
v  46.0688 11.2227 -3.0254
v  45.8918 10.9894 -3.0112
v  45.6979 10.9852 -2.9673
v  45.6071 11.1149 -2.8494
v  45.6734 11.3996 -2.8057
v  46.3267 12.6334 -2.1000
v  46.1511 12.4094 -2.1914
v  46.0873 12.1974 -2.1323
v  46.1801 12.0577 -2.0042
v  46.3907 12.0524 -2.0107
v  46.5182 12.2604 -2.0244
v  46.4960 12.5438 -2.0387
v  40.1901 15.8176 -2.9161
v  40.2164 15.5864 -3.0912
v  40.0716 15.4188 -3.1302
v  39.8819 15.5602 -2.9922
v  39.8489 15.8226 -2.8217
v  39.9829 16.0046 -2.7877
v  47.9218 17.1251 -4.4794
v  48.0330 16.7612 -4.2467
v  47.9947 16.3433 -4.0980
v  47.8293 16.2281 -4.1211
v  47.6774 16.3535 -4.1169
v  47.7391 16.8752 -4.3653
v  39.3616 18.6826 -0.4588
v  39.3317 18.2382 -0.7694
v  39.3409 17.9948 -0.7340
v  39.4642 17.9903 -0.5794
v  39.4844 18.4517 -0.2771
v  39.4539 18.7243 -0.2710
v  47.5539 16.8475 -3.3788
v  47.4333 17.0796 -3.5897
v  47.3446 16.7417 -3.6294
v  47.3075 16.3654 -3.4724
v  47.3807 16.2690 -3.2626
v  47.5201 16.4785 -3.2168
v  40.4397 16.0459 -2.2047
v  40.3275 16.1374 -1.9629
v  40.3376 15.8496 -1.9701
v  40.4666 15.5210 -2.1701
v  40.5940 15.4430 -2.4018
v  40.5692 15.6873 -2.4420
v  48.2117 16.8108 -3.6134
v  48.1685 16.4879 -3.3975
v  48.2062 16.1960 -3.3912
v  48.2270 16.1401 -3.5776
v  48.2058 16.3695 -3.7628
v  48.2611 16.8010 -3.8084
v  40.0964 20.7988 0.6219
v  40.0038 20.6554 0.5946
v  40.0087 20.3571 0.5137
v  40.1138 20.3675 0.5801
v  40.2074 20.6291 0.6906
v  40.1972 20.7802 0.6652
v  46.7530 21.8546 -4.5444
v  46.6038 21.8093 -4.5553
v  46.5974 21.5224 -4.5744
v  46.7225 21.3320 -4.5353
v  46.8773 21.3778 -4.5240
v  46.8885 21.6375 -4.5289
v  41.9494 25.2506 -0.2523
v  40.0616 20.3461 -0.1107
v  39.9543 20.4134 0.0274
v  40.0472 20.7589 0.2041
v  40.2062 21.0539 0.1934
v  40.2180 20.6598 -0.0122
v  41.8471 24.4445 -0.0450
v  41.8794 25.0087 -0.1990
v  41.7363 24.8865 -0.0829
v  47.6431 20.0572 -4.8183
v  47.7176 19.6440 -4.6829
v  47.7859 19.5525 -4.8212
v  47.7070 19.7359 -4.9930
v  47.6200 20.0427 -4.9886
v  41.5971 24.3550 0.1677
v  41.6064 23.9167 0.3086
v  46.6917 22.0298 -5.2695
v  46.8686 21.6169 -5.2564
v  46.7484 21.4610 -5.3075
v  46.5815 21.5309 -5.2209
v  46.5099 22.0026 -5.2611
v  41.7634 24.0601 0.1757
# 4343 vertices

vn 0.9396 -0.3393 -0.0450
vn 0.9643 -0.2643 -0.0148
vn 0.6937 -0.6769 -0.2462
vn 0.7876 -0.5113 -0.3437
vn 0.2205 -0.9614 -0.1648
vn 0.0469 -0.9567 -0.2871
vn -0.0122 -0.9995 -0.0306
vn -0.0400 -0.9966 -0.0715
vn -0.2571 -0.9481 -0.1870
vn -0.0555 -0.9670 -0.2488
vn -0.7563 -0.5872 -0.2884
vn -0.7949 -0.4526 -0.4040
vn -0.9744 -0.2242 -0.0197
vn -0.9951 -0.0857 -0.0484
vn -0.9868 -0.1346 -0.0905
vn -0.9071 -0.3880 -0.1631
vn -0.8610 0.3760 -0.3425
vn -0.7485 0.4398 -0.4963
vn -0.5531 0.8317 -0.0494
vn -0.3107 0.9503 -0.0181
vn -0.5195 0.8542 -0.0215
vn -0.8081 0.5878 -0.0396
vn 0.0027 0.8853 -0.4650
vn 0.0238 0.7296 -0.6834
vn 0.5777 0.8151 -0.0432
vn 0.8453 0.5343 -0.0080
vn 0.6375 0.7688 -0.0500
vn 0.3527 0.9354 -0.0240
vn 0.8746 0.3505 -0.3349
vn 0.7315 0.4213 -0.5361
vn 0.9793 -0.1605 -0.1236
vn 0.8643 -0.4611 -0.2011
vn 0.9044 -0.4259 -0.0241
vn 0.7356 -0.6736 -0.0710
vn 0.3454 -0.9358 -0.0704
vn -0.0820 -0.9961 -0.0340
vn -0.3972 -0.9161 -0.0556
vn -0.7161 -0.6928 -0.0845
vn -0.9371 -0.3473 -0.0360
vn -0.9989 0.0153 -0.0445
vn -0.8874 0.4516 -0.0925
vn -0.6678 0.7439 -0.0244
vn -0.4717 0.8810 -0.0355
vn 0.0696 0.9871 -0.1443
vn 0.5289 0.8484 -0.0246
vn 0.6484 0.7610 -0.0215
vn 0.9088 0.4019 -0.1120
vn 0.9875 -0.1458 -0.0603
vn 0.9364 -0.3503 -0.0210
vn 0.6522 -0.7577 -0.0255
vn 0.2840 -0.9577 -0.0467
vn 0.0189 -0.9997 -0.0120
vn -0.3419 -0.9386 -0.0464
vn -0.7696 -0.6370 -0.0446
vn -0.9573 -0.2857 -0.0444
vn -0.9988 -0.0405 -0.0269
vn -0.9295 0.3628 -0.0657
vn -0.6285 0.7775 -0.0209
vn -0.3280 0.9440 -0.0351
vn -0.0198 0.9983 -0.0540
vn 0.3898 0.9205 -0.0265
vn 0.7503 0.6611 -0.0057
vn 0.9519 0.3013 -0.0556
vn 0.9999 -0.0028 -0.0099
vn 0.8931 -0.4496 -0.0152
vn 0.7124 -0.7016 -0.0163
vn 0.3890 -0.9212 0.0029
vn -0.0711 -0.9972 0.0210
vn -0.4476 -0.8942 -0.0106
vn -0.7043 -0.7096 -0.0223
vn -0.9210 -0.3893 -0.0164
vn -0.9977 0.0663 -0.0159
vn -0.8909 0.4508 -0.0553
vn -0.7063 0.7054 -0.0598
vn -0.3968 0.9165 -0.0507
vn 0.0714 0.9965 -0.0436
vn 0.4574 0.8876 -0.0548
vn 0.7000 0.7123 -0.0518
vn 0.9194 0.3917 -0.0361
vn 0.9971 -0.0755 -0.0030
vn 0.8909 -0.4521 0.0438
vn 0.6646 -0.7472 -0.0061
vn 0.4027 -0.9144 0.0420
vn -0.0111 -0.9929 0.1188
vn -0.4564 -0.8741 0.1666
vn -0.7367 -0.6568 0.1608
vn -0.9110 -0.3891 0.1366
vn -0.9942 0.0337 0.1017
vn -0.8291 0.5538 0.0773
vn -0.6638 0.7479 0.0025
vn -0.3965 0.9178 0.0189
vn 0.0275 0.9981 0.0557
vn 0.4771 0.8757 0.0751
vn 0.7529 0.6554 0.0603
vn 0.9207 0.3885 0.0371
vn 0.9992 -0.0316 0.0224
vn 0.8560 -0.5135 0.0604
vn 0.5904 -0.8042 -0.0680
vn 0.8157 -0.5742 -0.0699
vn 0.3958 -0.9133 -0.0957
vn 0.1603 -0.9571 -0.2413
vn 0.0396 -0.9888 -0.1438
vn -0.6894 -0.1898 0.6990
vn -0.4891 -0.8423 -0.2266
vn 0.0477 0.0037 0.9989
vn -0.7826 -0.5478 -0.2957
vn 0.7218 -0.0481 0.6904
vn -0.8854 -0.3464 -0.3099
vn -0.4557 0.8206 -0.3449
vn -0.9654 0.0057 -0.2607
vn -0.7786 0.6274 -0.0098
vn -0.8506 0.5182 -0.0890
vn -0.5828 0.8124 0.0178
vn -0.3928 0.9166 0.0746
vn -0.0412 0.9868 0.1563
vn 0.4876 0.8400 0.2379
vn 0.7920 0.5603 0.2424
vn 0.9025 0.3657 0.2276
vn 0.9841 0.0113 0.1774
vn 0.8350 -0.4871 0.2559
vn 0.4850 -0.8634 0.1391
vn 0.1297 -0.9915 -0.0023
vn -0.3228 -0.9318 -0.1657
vn -0.7659 -0.5654 -0.3061
vn -0.9007 -0.2868 -0.3263
vn -0.9176 0.2047 -0.3408
vn -0.6416 0.7348 -0.2202
vn -0.3570 0.9295 -0.0929
vn 0.0809 0.9959 0.0395
vn 0.5770 0.7900 0.2075
vn 0.8433 0.4480 0.2968
vn 0.9459 0.0186 0.3240
vn 0.7918 -0.4823 0.3747
vn 0.3703 -0.8872 0.2751
vn -0.3316 -0.9433 0.0148
vn -0.6778 -0.7181 -0.1578
vn -0.9309 -0.0951 -0.3528
vn -0.7844 0.4771 -0.3963
vn -0.3624 0.8829 -0.2986
vn 0.3447 0.9375 -0.0476
vn 0.6894 0.7125 0.1305
vn 0.9412 0.0883 0.3263
vn 0.7806 -0.5279 0.3346
vn 0.1953 -0.9097 0.3664
vn -0.4434 -0.8623 0.2446
vn -0.9170 -0.3989 -0.0076
vn -0.9399 0.2010 -0.2761
vn -0.5294 0.7394 -0.4159
vn 0.0906 0.9319 -0.3511
vn 0.7200 0.6784 -0.1462
vn 0.9884 0.1014 0.1128
vn 0.7856 -0.6043 0.1326
vn 0.1248 -0.9355 0.3305
vn -0.6100 -0.7217 0.3271
vn -0.9890 -0.0909 0.1169
vn -0.7893 0.5902 -0.1693
vn -0.1276 0.9245 -0.3592
vn 0.6066 0.7087 -0.3602
vn 0.9866 0.0813 -0.1417
vn 0.7241 -0.6843 -0.0861
vn -0.0224 -0.9885 0.1493
vn -0.7770 -0.5622 0.2830
vn -0.9327 0.3054 0.1920
vn -0.3763 0.9228 -0.0833
vn 0.4672 0.8400 -0.2759
vn 0.9392 0.1558 -0.3060
vn 0.6924 -0.6650 -0.2798
vn -0.1726 -0.9742 -0.1455
vn -0.8289 -0.5580 0.0394
vn -0.9137 0.3438 0.2165
vn -0.2966 0.9337 0.2005
vn 0.5513 0.8341 0.0174
vn 0.9753 0.0919 -0.2007
vn 0.6497 -0.7443 -0.1547
vn -0.1606 -0.9434 -0.2903
vn -0.8839 -0.4107 -0.2237
vn -0.9172 0.3973 -0.0302
vn -0.2582 0.9452 0.1997
vn 0.5945 0.7686 0.2362
vn 0.9954 -0.0149 0.0952
vn 0.5487 -0.8212 0.1569
vn -0.2774 -0.9589 -0.0589
vn -0.8955 -0.3699 -0.2476
vn -0.8319 0.4829 -0.2735
vn -0.1314 0.9839 -0.1210
vn 0.6646 0.7408 0.0976
vn 0.9741 -0.0629 0.2171
vn 0.5007 -0.8181 0.2827
vn -0.3473 -0.9273 0.1397
vn -0.9276 -0.3468 -0.1391
vn -0.8028 0.4859 -0.3456
vn -0.0673 0.9442 -0.3225
vn 0.7252 0.6830 -0.0869
vn 0.9788 -0.1028 0.1771
vn 0.5092 -0.8005 -0.3161
vn -0.7803 -0.4141 -0.4687
vn -0.8768 -0.3562 -0.3230
vn -0.6567 0.1689 -0.7349
vn 0.1843 0.8650 -0.4667
vn 0.3908 0.8053 -0.4458
vn 0.8438 0.3044 -0.4419
vn -0.7868 -0.3672 -0.4962
vn -0.2669 0.4115 -0.8714
vn 0.5038 -0.7900 -0.3495
vn -0.8728 -0.3563 -0.3334
vn -0.6420 0.1481 -0.7522
vn 0.1987 0.8579 -0.4739
vn 0.3673 0.8061 -0.4639
vn 0.8189 0.3248 -0.4733
vn 0.8266 -0.5210 -0.2129
vn 0.5799 -0.8126 -0.0587
vn 0.3983 -0.9171 0.0188
vn 0.0644 -0.9858 0.1549
vn -0.4420 -0.8355 0.3264
vn -0.7417 -0.5550 0.3767
vn -0.8555 -0.3622 0.3702
vn -0.9420 -0.0064 0.3356
vn -0.8366 0.5154 0.1856
vn -0.5930 0.8049 0.0196
vn -0.3970 0.9177 -0.0150
vn -0.0517 0.9922 -0.1132
vn 0.4482 0.8402 -0.3054
vn 0.7233 0.5407 -0.4295
vn 0.8249 0.3403 -0.4513
vn 0.9087 -0.0136 -0.4173
vn 0.7594 -0.4926 -0.4250
vn 0.4470 -0.8654 -0.2262
vn 0.1086 -0.9929 -0.0491
vn -0.3163 -0.9324 0.1748
vn -0.7262 -0.5645 0.3924
vn -0.8384 -0.2834 0.4656
vn -0.8729 0.2047 0.4429
vn -0.6111 0.7353 0.2930
vn -0.3295 0.9308 0.1582
vn 0.0596 0.9948 -0.0830
vn 0.5225 0.7865 -0.3294
vn 0.7747 0.4434 -0.4509
vn 0.8729 0.0142 -0.4877
vn 0.6931 -0.4694 -0.5471
vn 0.2879 -0.8736 -0.3923
vn -0.3540 -0.9352 -0.0066
vn -0.6613 -0.7128 0.2337
vn -0.8593 -0.0967 0.5023
vn -0.7039 0.4749 0.5282
vn -0.3006 0.8787 0.3708
vn 0.3329 0.9426 -0.0243
vn 0.6447 0.7198 -0.2574
vn 0.8452 0.1041 -0.5242
vn 0.6483 -0.4763 -0.5941
vn 0.0584 -0.8466 -0.5290
vn -0.5184 -0.8248 -0.2259
vn -0.8916 -0.4035 0.2053
vn -0.8522 0.1888 0.4880
vn -0.4105 0.7146 0.5664
vn 0.1956 0.8936 0.4039
vn 0.7391 0.6736 0.0053
vn 0.9083 0.1408 -0.3938
vn 0.6854 -0.5366 -0.4922
vn -0.0180 -0.8313 -0.5555
vn -0.7128 -0.6321 -0.3039
vn -0.9922 -0.0540 0.1124
vn -0.6912 0.5588 0.4582
vn 0.0143 0.8457 0.5335
vn 0.7078 0.6507 0.2751
vn 0.9880 0.0704 -0.1378
vn 0.6799 -0.6769 -0.2822
vn -0.1088 -0.8518 -0.5124
vn -0.8433 -0.3952 -0.3643
vn -0.9237 0.3787 0.0586
vn -0.2865 0.8693 0.4029
vn 0.5627 0.6869 0.4599
vn 0.9883 0.0448 0.1459
vn 0.6301 -0.7764 0.0136
vn -0.2232 -0.9199 -0.3224
vn -0.8164 -0.3941 -0.4221
vn -0.8403 0.5023 -0.2039
vn -0.2088 0.9691 0.1310
vn 0.5944 0.7176 0.3630
vn 0.9487 -0.0883 0.3035
vn 0.4808 -0.8315 0.2783
vn -0.3278 -0.9430 0.0580
vn -0.9132 -0.3274 -0.2427
vn -0.7929 0.4852 -0.3686
vn -0.0679 0.9740 -0.2162
vn 0.7139 0.6982 0.0536
vn 0.9470 -0.1274 0.2948
vn 0.4336 -0.8701 0.2346
vn -0.4296 -0.8558 0.2882
vn -0.9746 -0.1967 0.1072
vn -0.7887 0.5878 -0.1803
vn -0.0060 0.9330 -0.3597
vn 0.7709 0.5699 -0.2845
vn 0.9713 -0.2363 -0.0268
vn 0.3798 -0.9210 0.0862
vn -0.4474 -0.8314 0.3294
vn -0.9461 -0.1230 0.2995
vn -0.7434 0.6688 0.0104
vn 0.0083 0.9476 -0.3194
vn 0.7453 0.5059 -0.4342
vn 0.9099 -0.3264 -0.2560
vn -0.8467 0.4780 -0.2338
vn -0.7957 0.5284 -0.2960
vn -0.6849 -0.5377 -0.4917
vn 0.0516 -0.8891 -0.4548
vn 0.0961 -0.5143 -0.8522
vn -0.8062 0.4419 -0.3934
vn -0.6914 0.6448 -0.3259
vn -0.7304 0.6019 -0.3230
vn -0.7199 -0.1225 -0.6832
vn -0.7731 0.5988 -0.2092
vn -0.6457 -0.5493 -0.5304
vn 0.1723 -0.8988 -0.4032
vn 0.0925 -0.6005 -0.7943
vn -0.8630 0.3764 -0.3369
vn -0.7679 0.6037 -0.2145
vn 0.8652 0.0696 -0.4966
vn 0.8890 0.0254 -0.4572
vn 0.8634 -0.0089 -0.5045
vn 0.9111 0.0590 -0.4080
vn 0.9086 -0.0196 -0.4172
vn 0.4047 0.1827 -0.8960
vn 0.3764 0.2575 -0.8899
vn 0.4325 0.2350 -0.8705
vn 0.4868 0.2121 -0.8474
vn 0.4589 0.2856 -0.8413
vn 0.0536 -0.0129 -0.9985
vn -0.0122 -0.0136 -0.9998
vn 0.0022 0.0485 -0.9988
vn -0.0271 -0.0752 -0.9968
vn -0.0776 -0.0108 -0.9969
vn 0.1451 0.7738 -0.6166
vn 0.0816 -0.2415 -0.9670
vn 0.1003 -0.2636 -0.9594
vn 0.5716 -0.1671 -0.8034
vn 0.5843 -0.1034 -0.8049
vn 0.8266 -0.3465 -0.4434
vn 0.8601 -0.2896 -0.4200
vn 0.7464 -0.6517 -0.1344
vn 0.7816 -0.6009 -0.1673
vn 0.4538 -0.8908 0.0239
vn 0.4531 -0.8906 -0.0381
vn -0.0741 -0.9970 -0.0210
vn 0.0449 -0.9943 -0.0962
vn -0.3874 -0.8711 -0.3020
vn -0.2647 -0.9008 -0.3441
vn -0.3894 -0.6130 -0.6875
vn -0.2466 -0.5563 -0.7936
vn -0.1578 -0.0603 -0.9856
vn 0.4997 0.1081 -0.8594
vn 0.8878 -0.1342 -0.4402
vn 0.8318 -0.5530 -0.0484
vn 0.3767 -0.9150 0.1447
vn -0.2347 -0.9679 0.0897
vn -0.6505 -0.7205 -0.2402
vn -0.6130 -0.3719 -0.6971
vn -0.3468 -0.1481 -0.9262
vn 0.2322 -0.1751 -0.9568
vn 0.3166 -0.5513 -0.7719
vn 0.6533 -0.5140 -0.5559
vn 0.1567 -0.8213 -0.5486
vn 0.5956 -0.7767 -0.2052
vn 0.1821 -0.7577 -0.6267
vn 0.1954 -0.9731 0.1220
vn -0.3255 -0.9315 0.1623
vn -0.7216 -0.6851 -0.1001
vn -0.6760 -0.2949 -0.6754
vn -0.3964 0.0165 -0.9179
vn 0.3344 -0.1240 -0.9342
vn 0.6711 -0.5076 -0.5404
vn 0.4773 -0.8785 -0.0227
vn -0.1873 -0.9527 0.2396
vn -0.7246 -0.6877 0.0452
vn -0.8378 -0.2349 -0.4928
vn 0.3490 -0.7692 -0.5353
vn 0.0016 -0.9384 -0.3454
vn -0.2199 -0.6332 -0.7421
vn 0.6126 -0.5920 -0.5237
vn 0.1255 -0.8899 -0.4385
vn -0.2995 -0.9505 0.0826
vn -0.3431 -0.9391 -0.0187
vn -0.4360 -0.8114 -0.3893
vn 0.0544 -0.2052 -0.9772
vn 0.5686 -0.0129 -0.8225
vn 0.9342 -0.2073 -0.2903
vn 0.8621 -0.5057 0.0333
vn 0.4673 -0.8615 0.1986
vn -0.0117 -0.9987 0.0504
vn -0.3409 -0.8780 -0.3359
vn -0.2400 -0.4701 -0.8493
vn -0.0019 -0.0518 -0.9987
vn 0.6819 0.0988 -0.7247
vn 0.9618 -0.1581 -0.2235
vn 0.7568 -0.6212 0.2035
vn 0.1084 -0.9750 0.1942
vn -0.3658 -0.9068 -0.2095
vn -0.4350 -0.5024 -0.7473
vn -0.4190 -0.8380 -0.3496
vn -0.0090 -0.4228 -0.9062
vn -0.2294 -0.8209 -0.5229
vn -0.3847 -0.6589 -0.6465
vn -0.2219 -0.2327 -0.9469
vn 0.2122 -0.1101 -0.9710
vn 0.4418 -0.0353 -0.8964
vn 0.3251 -0.3182 -0.8906
vn 0.0832 0.6300 -0.7721
vn -0.2427 0.1580 -0.9571
vn -0.5876 0.5605 -0.5836
vn -0.6357 0.4969 -0.5907
vn -0.6367 0.5443 -0.5462
vn -0.6330 0.5904 -0.5008
vn -0.6829 0.5263 -0.5067
vn -0.0429 -0.5316 -0.8459
vn 0.0367 -0.5291 -0.8478
vn -0.0006 -0.5732 -0.8194
vn -0.0357 -0.6159 -0.7870
vn 0.0427 -0.6112 -0.7903
vn -0.2044 0.0351 -0.9783
vn -0.1715 0.1589 -0.9723
vn -0.6998 -0.0941 -0.7081
vn -0.6818 -0.0111 -0.7314
vn -0.9314 0.1114 -0.3466
vn -0.9150 0.2147 -0.3416
vn -0.8647 0.4916 -0.1031
vn -0.8488 0.5050 -0.1565
vn -0.5904 0.8055 -0.0505
vn -0.5621 0.8241 -0.0701
vn -0.1362 0.9728 -0.1871
vn -0.1233 0.9769 -0.1744
vn 0.1690 0.8585 -0.4842
vn 0.1826 0.8716 -0.4549
vn 0.2029 0.5545 -0.8071
vn 0.1831 0.5226 -0.8327
vn 0.1730 -0.0814 -0.9816
vn -0.5640 -0.4270 -0.7068
vn -0.9229 -0.2068 -0.3247
vn -0.9401 0.3405 -0.0163
vn -0.5271 0.8483 0.0503
vn -0.0040 0.9877 -0.1562
vn 0.4320 0.7243 -0.5374
vn 0.4422 0.3399 -0.8300
vn 0.3831 0.1526 -0.9110
vn -0.3012 0.2134 -0.9294
vn -0.2483 0.9676 -0.0458
vn -0.6743 0.4808 -0.5605
vn 0.3133 -0.5117 0.8001
vn -0.6673 0.7033 -0.2450
vn 0.4947 -0.0518 -0.8675
vn -0.2495 0.9519 0.1776
vn 0.3087 0.9273 0.2118
vn 0.6863 0.7266 -0.0308
vn 0.7417 0.3618 -0.5648
vn 0.2573 -0.0727 -0.9636
vn -0.4561 -0.0741 -0.8869
vn -0.8144 0.2859 -0.5050
vn -0.6507 0.7551 -0.0803
vn -0.0185 0.9962 0.0853
vn 0.5513 0.8231 -0.1366
vn 0.7261 0.3913 -0.5653
vn 0.1893 -0.3832 -0.9041
vn -0.5684 -0.4599 -0.6822
vn -0.9363 0.1385 -0.3227
vn -0.5522 0.8125 -0.1868
vn 0.2012 0.8931 -0.4023
vn 0.5729 0.2977 -0.7636
vn 0.1899 -0.5242 -0.8302
vn -0.9537 -0.0328 -0.2990
vn 0.0698 0.8028 -0.5922
vn -0.9998 -0.0021 -0.0174
vn -0.6541 0.7046 -0.2751
vn 0.3166 -0.6353 -0.7044
vn 0.1399 0.9284 -0.3443
vn -0.1696 -0.3863 -0.9066
vn -0.6108 -0.6082 -0.5069
vn -0.9358 -0.3392 -0.0961
vn -0.9829 0.1636 0.0846
vn -0.7933 0.6087 0.0164
vn -0.3718 0.8681 -0.3288
vn -0.0401 0.7158 -0.6972
vn 0.0767 0.2783 -0.9574
vn -0.0025 -0.4580 -0.8889
vn -0.6266 -0.6449 -0.4376
vn -0.9962 -0.0835 -0.0262
vn -0.7481 0.6600 -0.0693
vn -0.1273 0.8479 -0.5146
vn 0.2428 0.2903 -0.9256
vn 0.1034 -0.4602 -0.8818
vn -0.9776 -0.0089 -0.2102
vn 0.0177 0.8428 -0.5379
vn -0.9930 -0.0486 -0.1079
vn -0.8378 0.4242 -0.3436
vn -0.3374 -0.5019 -0.7964
vn -0.4288 0.7684 -0.4751
vn 0.3816 0.0087 -0.9243
vn 0.4396 -0.0040 -0.8982
vn 0.4131 -0.0619 -0.9086
vn 0.4629 0.0545 -0.8847
vn 0.4951 -0.0182 -0.8686
vn 0.6948 -0.2870 -0.6595
vn -0.1199 -0.9170 -0.3803
vn 0.1073 -0.7417 -0.6621
vn 0.1853 -0.7266 -0.6616
vn 0.1557 -0.7671 -0.6223
vn 0.1269 -0.8047 -0.5799
vn 0.2061 -0.7865 -0.5822
vn 0.0785 0.1584 -0.9843
vn 0.1161 0.0896 -0.9892
vn 0.2464 0.6680 -0.7022
vn 0.3226 0.6028 -0.7298
vn 0.5241 0.7663 -0.3715
vn 0.6599 0.6638 -0.3519
vn 0.8821 0.4642 -0.0797
vn 0.8940 0.4177 -0.1622
vn 0.9966 -0.0127 -0.0813
vn 0.9938 -0.0218 -0.1089
vn 0.8710 -0.4364 -0.2257
vn 0.7810 -0.5624 -0.2716
vn 0.5071 -0.6511 -0.5647
vn 0.5145 -0.7067 -0.4857
vn 0.2220 -0.4395 -0.8704
vn 0.2344 -0.5718 -0.7862
vn -0.1904 0.2087 -0.9593
vn -0.0239 0.7678 -0.6403
vn 0.3305 0.9151 -0.2311
vn 0.7991 0.6006 0.0264
vn 1.0000 0.0058 0.0057
vn 0.8320 -0.4997 -0.2410
vn 0.4192 -0.6567 -0.6269
vn -0.0037 -0.4243 -0.9055
vn -0.0377 0.1669 -0.9853
vn 0.1420 0.6240 -0.7684
vn 0.9897 0.1001 0.1027
vn 0.5471 0.7551 -0.3613
vn -0.9111 -0.3690 0.1840
vn 0.8780 0.4694 -0.0941
vn -0.3580 0.0305 -0.9332
vn 0.9993 -0.0254 -0.0284
vn 0.7579 -0.5955 -0.2662
vn 0.4758 -0.7139 -0.5138
vn 0.1343 -0.5415 -0.8299
vn -0.2203 0.1227 -0.9677
vn 0.7350 0.6541 -0.1788
vn 0.6510 -0.6858 -0.3254
vn 0.7376 0.6750 -0.0177
vn 0.9846 0.0048 -0.1748
vn -0.2978 0.1618 -0.9408
vn 0.7050 -0.6679 -0.2384
vn -0.1937 0.4639 -0.8644
vn -0.1485 0.8611 -0.4863
vn 0.2502 0.9678 -0.0292
vn 0.6841 0.7182 0.1275
vn 0.9534 0.3016 0.0039
vn 0.8825 -0.1745 -0.4367
vn 0.6304 -0.2996 -0.7161
vn 0.2211 -0.1473 -0.9641
vn -0.4129 0.3264 -0.8503
vn -0.2306 0.8989 -0.3726
vn 0.2563 0.9651 -0.0541
vn 0.8311 0.5560 0.0131
vn 0.9659 0.0098 -0.2587
vn 0.6197 -0.3714 -0.6915
vn -0.0228 -0.2303 -0.9729
vn -0.4960 0.2419 -0.8340
vn -0.2176 0.8714 -0.4396
vn 0.5060 0.8531 -0.1277
vn 0.9538 0.2112 -0.2137
vn 0.6809 -0.4146 -0.6037
vn -0.0419 -0.4025 -0.9145
vn -0.4755 0.2435 -0.8454
vn 0.5311 0.8316 -0.1625
vn 0.6657 -0.4382 -0.6040
vn 0.5446 0.8366 -0.0596
vn 0.8674 0.3079 -0.3910
vn -0.4510 0.3559 -0.8185
vn 0.7621 -0.3727 -0.5295
vn 0.3056 -0.0529 -0.9507
vn 0.7320 -0.5099 -0.4519
vn 0.7702 -0.4391 -0.4625
vn 0.7746 -0.4796 -0.4123
vn 0.7748 -0.5189 -0.3613
vn 0.8139 -0.4448 -0.3738
vn -0.5621 -0.7111 -0.4224
vn -0.6074 -0.6977 -0.3798
vn -0.6198 -0.6579 -0.4278
vn -0.5923 -0.7347 -0.3307
vn -0.6503 -0.6810 -0.3365
vn -0.2546 -0.4379 -0.8622
vn -0.9230 -0.1270 -0.3633
vn -0.8784 -0.2145 -0.4271
vn -0.3129 0.1137 -0.9430
vn -0.3282 -0.0096 -0.9446
vn 0.3542 -0.0287 -0.9347
vn 0.4538 -0.1012 -0.8854
vn 0.6589 -0.3525 -0.6645
vn 0.6578 -0.3527 -0.6655
vn 0.5321 -0.8017 -0.2722
vn 0.5581 -0.7700 -0.3094
vn 0.0524 -0.9920 0.1150
vn -0.0304 -0.9965 0.0776
vn -0.4568 -0.8582 0.2341
vn -0.3719 -0.9135 0.1651
vn -0.8314 -0.5519 0.0641
vn -0.7839 -0.6187 0.0525
vn -0.9331 0.1518 -0.3261
vn -0.2786 0.5367 -0.7965
vn 0.3582 0.3850 -0.8506
vn 0.7152 -0.1472 -0.6833
vn 0.6696 -0.7215 -0.1763
vn 0.1562 -0.9671 0.2006
vn -0.5400 -0.7660 0.3489
vn -0.9335 -0.3118 0.1771
vn -0.8944 0.1554 -0.4195
vn -0.4683 0.3285 -0.8202
vn 0.6739 -0.7367 0.0567
vn 0.3759 0.0294 -0.9262
vn 0.2403 0.4849 0.8409
vn 0.5824 -0.2699 -0.7668
vn -0.9277 0.3496 -0.1307
vn 0.5711 -0.7169 -0.3999
vn -0.0258 -0.9889 0.1465
vn -0.4531 -0.8509 0.2660
vn -0.9432 -0.3252 0.0680
vn -0.8913 0.1553 -0.4259
vn -0.0656 0.3060 -0.9498
vn 0.5520 -0.4133 -0.7242
vn 0.1388 -0.9848 -0.1047
vn -0.7697 -0.6321 0.0900
vn -0.8431 0.1505 -0.5163
vn 0.4348 -0.0818 -0.8968
vn -0.2095 -0.9720 -0.1068
vn 0.6030 -0.0750 -0.7942
vn 0.3782 -0.7527 -0.5390
vn -0.8577 0.1985 -0.4743
vn -0.0641 -0.9976 0.0261
vn -0.8509 0.3099 -0.4241
vn -0.3785 0.6252 -0.6825
vn 0.5434 0.3363 -0.7692
vn 0.7206 0.0056 -0.6933
vn 0.6526 -0.5697 -0.4995
vn -0.0651 -0.9807 -0.1846
vn -0.4381 -0.8932 -0.1013
vn -0.9245 -0.3469 -0.1582
vn -0.8452 0.3058 -0.4384
vn 0.0366 0.5460 -0.8370
vn 0.6062 -0.2381 -0.7589
vn 0.1233 -0.9283 -0.3508
vn -0.7931 -0.5922 -0.1426
vn -0.8794 0.2409 -0.4106
vn 0.3236 -0.0768 -0.9431
vn -0.3023 -0.9461 -0.1158
vn -0.7829 -0.5712 -0.2464
vn -0.7762 -0.6210 -0.1086
vn -0.9328 -0.3573 -0.0471
vn -0.7528 -0.6575 0.0315
vn 0.1197 -0.1786 -0.9766
vn 0.3599 -0.7030 -0.6134
vn 0.4272 -0.6605 -0.6174
vn 0.4112 -0.7069 -0.5755
vn 0.3935 -0.7502 -0.5313
vn 0.4615 -0.7066 -0.5364
vn -0.0446 -0.4947 -0.8679
vn 0.0862 0.0756 -0.9934
vn 0.1396 0.1118 -0.9839
vn 0.1620 0.0514 -0.9854
vn 0.1190 0.1723 -0.9778
vn 0.0604 0.1875 -0.9804
vn 0.1905 0.1416 -0.9714
vn 0.1223 0.8814 -0.4563
vn 0.3076 0.8337 -0.4586
vn 0.4879 0.8658 0.1111
vn 0.6249 0.7768 0.0778
vn 0.8081 0.4356 0.3966
vn 0.8557 0.3597 0.3721
vn 0.9160 -0.2349 0.3252
vn 0.8510 -0.3908 0.3507
vn 0.7203 -0.6857 -0.1044
vn 0.6097 -0.7920 -0.0316
vn 0.3862 -0.6200 -0.6830
vn 0.3303 -0.7120 -0.6196
vn -0.0664 0.1949 -0.9786
vn 0.0181 0.9072 -0.4202
vn 0.4983 0.8278 0.2576
vn 0.8908 0.1098 0.4409
vn 0.8170 -0.5764 -0.0185
vn 0.3643 -0.5884 -0.7218
vn -0.2599 0.1553 -0.9531
vn -0.1216 0.8566 -0.5014
vn 0.4822 0.8729 0.0740
vn 0.9605 0.2005 0.1928
vn 0.8326 -0.4984 -0.2416
vn 0.2314 -0.5229 -0.8204
vn -0.3718 0.1316 -0.9189
vn 0.4752 0.8643 -0.1652
vn 0.7784 -0.4150 -0.4711
vn 0.5333 0.8459 -0.0019
vn 0.9379 0.2734 -0.2136
vn -0.3853 0.1272 -0.9140
vn 0.8395 -0.4458 -0.3108
vn 0.1929 0.1458 -0.9703
vn 0.6952 -0.2524 -0.6731
vn -0.7109 -0.4611 -0.5310
vn -0.2908 -0.4748 -0.8307
vn 0.0591 -0.0498 -0.9970
vn 0.1211 -0.0304 -0.9922
vn 0.1252 -0.0936 -0.9877
vn 0.1159 0.0327 -0.9927
vn 0.1255 -0.0181 -0.9919
vn 0.1758 -0.1045 -0.9789
vn 0.6576 -0.0349 -0.7525
vn 0.6953 -0.0667 -0.7156
vn 0.9021 -0.2991 -0.3112
vn 0.8756 -0.3434 -0.3396
vn 0.6921 -0.7143 0.1038
vn 0.6944 -0.7196 0.0016
vn 0.1440 -0.9479 0.2842
vn 0.1173 -0.9734 0.1970
vn -0.3342 -0.9254 0.1787
vn -0.2717 -0.9551 0.1181
vn -0.6559 -0.7026 -0.2759
vn -0.5932 -0.7663 -0.2467
vn -0.4539 -0.2980 -0.8398
vn -0.3504 -0.3934 -0.8500
vn 0.2108 0.0370 -0.9768
vn 0.6337 -0.0194 -0.7733
vn 0.8862 -0.2638 -0.3810
vn 0.6435 -0.7347 0.2146
vn 0.2020 -0.9012 0.3833
vn -0.4072 -0.8788 0.2487
vn -0.7536 -0.6070 -0.2524
vn -0.5946 -0.2589 -0.7612
vn -0.0841 0.0629 -0.9945
vn 0.7555 -0.0628 -0.6521
vn 0.8189 -0.5647 0.1026
vn 0.0294 -0.8395 0.5426
vn -0.7548 -0.6346 0.1663
vn -0.8289 -0.1682 -0.5335
vn -0.1158 0.2860 -0.9512
vn 0.4928 -0.2886 -0.8208
vn 0.2218 -0.5098 0.8312
vn 0.4194 -0.8778 -0.2315
vn -0.0569 0.5769 -0.8148
vn -0.2489 -0.9236 0.2917
vn -0.8952 -0.3799 0.2329
vn -0.8767 0.2575 -0.4064
vn -0.1615 0.1661 -0.9728
vn 0.5367 -0.4066 -0.7393
vn 0.2378 -0.9709 0.0296
vn -0.6689 -0.7047 0.2368
vn -0.9342 -0.0238 -0.3561
vn -0.1291 -0.0258 -0.9913
vn 0.6302 -0.7619 -0.1498
vn -0.7100 -0.7037 0.0258
vn 0.7025 -0.7094 0.0571
vn -0.0136 -0.9767 0.2143
vn -0.1241 0.0856 -0.9886
vn -0.7213 -0.6493 0.2410
vn 0.0052 0.0221 -0.9997
vn 0.7617 -0.1116 -0.6382
vn 0.8211 -0.5673 0.0637
vn 0.1272 -0.8850 0.4479
vn -0.6439 -0.7534 0.1337
vn -0.7346 -0.3090 -0.6041
vn -0.0119 0.0059 -0.9999
vn 0.7405 -0.1457 -0.6560
vn 0.8005 -0.5974 0.0484
vn 0.1086 -0.9059 0.4094
vn -0.6485 -0.7572 0.0779
vn -0.7094 -0.3083 -0.6338
vn -0.0353 -0.7725 -0.6340
vn -0.0709 -0.9572 -0.2804
vn -0.1600 -0.6300 -0.7599
vn -0.1148 -0.9906 -0.0747
vn 0.0071 -0.9829 0.1841
vn 0.0398 -0.9908 -0.1295
vn -0.2271 -0.7230 -0.6525
vn 0.1828 -0.0128 -0.9831
vn 0.2551 -0.7376 -0.6252
vn 0.3299 -0.7063 -0.6264
vn 0.3054 -0.7505 -0.5861
vn 0.2779 -0.7914 -0.5445
vn 0.3556 -0.7583 -0.5464
vn 0.0883 -0.9558 -0.2804
vn 0.2132 -0.5889 -0.7796
vn 0.2895 -0.5654 -0.7723
vn 0.2619 -0.6151 -0.7437
vn 0.2326 -0.6619 -0.7126
vn 0.3113 -0.6362 -0.7060
vn 0.1314 0.0524 -0.9899
vn -0.2933 0.2975 -0.9086
vn -0.4447 0.2225 -0.8676
vn 0.5520 0.1717 -0.8160
vn 0.5299 -0.0467 -0.8468
vn 0.8954 -0.2851 -0.3420
vn 0.8001 -0.4467 -0.4003
vn 0.6343 -0.7729 -0.0180
vn 0.5963 -0.8022 -0.0293
vn 0.0772 -0.9950 0.0635
vn 0.0576 -0.9971 0.0497
vn -0.4107 -0.9071 -0.0918
vn -0.3950 -0.9169 -0.0567
vn -0.7702 -0.5177 -0.3724
vn -0.8282 -0.4253 -0.3650
vn -0.7545 -0.0117 -0.6562
vn -0.7743 -0.0018 -0.6329
vn -0.0480 0.4850 -0.8732
vn 0.6098 0.3808 -0.6951
vn 0.9669 -0.1322 -0.2185
vn 0.7589 -0.6190 0.2024
vn 0.1047 -0.9760 0.1912
vn -0.4863 -0.8736 0.0166
vn -0.8616 -0.4199 -0.2852
vn -0.7073 0.1254 -0.6957
vn -0.3630 0.2479 -0.8982
vn 0.6121 -0.0036 -0.7907
vn 0.8731 -0.4874 0.0137
vn 0.8035 -0.2498 -0.5404
vn 0.1594 0.3092 0.9375
vn 0.6692 -0.7418 -0.0428
vn -0.1928 0.2436 -0.9505
vn -0.0841 -0.9755 0.2031
vn -0.4121 -0.8996 0.1446
vn -0.8778 -0.4064 -0.2535
vn -0.7745 0.0205 -0.6323
vn -0.1239 0.3787 -0.9172
vn 0.7114 0.1732 -0.6811
vn 0.8400 -0.5175 -0.1632
vn 0.1832 -0.9789 0.0901
vn -0.6090 -0.7795 -0.1466
vn -0.7636 -0.1056 -0.6370
vn -0.0276 0.3151 -0.9486
vn 0.8264 -0.4903 -0.2769
vn -0.4877 -0.8018 -0.3452
vn 0.8241 -0.5449 -0.1547
vn 0.1936 -0.9577 -0.2129
vn -0.0857 0.4048 -0.9104
vn -0.5476 -0.8233 -0.1494
vn -0.0789 0.2121 -0.9741
vn 0.8493 0.1756 -0.4978
vn 0.9809 -0.0564 -0.1862
vn 0.7636 -0.5918 0.2583
vn 0.0214 -0.9770 0.2121
vn -0.2768 -0.9600 0.0424
vn -0.6458 -0.5605 -0.5185
vn -0.4938 -0.1222 -0.8610
vn 0.0301 0.4142 -0.9097
vn 0.8179 0.2798 -0.5028
vn 0.9043 -0.4268 0.0073
vn 0.2574 -0.9608 0.1028
vn -0.4834 -0.8247 -0.2935
vn -0.6041 -0.1433 -0.7839
vn -0.0120 0.5641 -0.8257
vn 0.8477 0.2614 -0.4617
vn 0.7315 -0.6615 -0.1656
vn -0.1797 -0.9200 -0.3482
vn -0.6386 -0.1825 -0.7476
vn -0.0029 0.5717 -0.8205
vn 0.9003 -0.2980 -0.3172
vn -0.3542 -0.7150 -0.6027
vn 0.9004 -0.2034 -0.3845
vn 0.2573 -0.6059 -0.7528
vn -0.1959 0.6550 -0.7298
vn -0.5688 -0.5775 -0.5856
vn 0.2743 -0.7956 -0.5402
vn 0.3436 -0.7332 -0.5868
vn -0.1847 -0.9509 -0.2485
vn -0.2401 -0.9329 -0.2682
vn -0.7492 -0.6610 0.0417
vn -0.7888 -0.6142 0.0228
vn -0.9941 0.0519 0.0955
vn -0.9968 0.0536 0.0589
vn -0.7650 0.6301 -0.1333
vn -0.7294 0.6709 -0.1332
vn -0.1126 0.8285 -0.5485
vn -0.1448 0.8755 -0.4610
vn 0.3523 0.5246 -0.7751
vn 0.3922 0.5367 -0.7471
vn 0.5698 -0.0895 -0.8169
vn 0.6231 -0.1203 -0.7728
vn 0.0940 -0.7618 -0.6410
vn -0.3703 -0.9187 -0.1376
vn -0.7654 -0.6064 0.2156
vn -0.9418 0.0989 0.3212
vn -0.6944 0.7194 -0.0145
vn -0.3115 0.8480 -0.4288
vn 0.1163 0.5447 -0.8305
vn 0.2986 -0.1459 -0.9432
vn -0.0378 -0.6314 -0.7746
vn -0.4493 -0.8867 0.1086
vn -0.8367 -0.1587 0.5242
vn -0.7251 0.6374 0.2605
vn -0.1308 0.7977 -0.5888
vn 0.1491 0.0986 -0.9839
vn 0.1112 -0.7293 -0.6751
vn -0.6347 -0.7436 -0.2104
vn -0.3494 0.9014 0.2557
vn -0.9982 0.0057 0.0590
vn -0.0184 -0.9565 -0.2912
vn -0.6185 0.7764 -0.1209
vn 0.1246 0.7945 -0.5943
vn 0.4905 0.0419 -0.8704
vn 0.0772 -0.7446 -0.6630
vn -0.5883 -0.7946 -0.1502
vn -0.9911 -0.0963 0.0921
vn -0.7327 0.6534 -0.1903
vn -0.0676 0.7078 -0.7032
vn 0.3324 0.0070 -0.9431
vn -0.0165 -0.7338 -0.6792
vn -0.9755 -0.1939 0.1042
vn -0.2874 0.5873 -0.7566
vn -0.9530 -0.0774 0.2928
vn -0.8432 0.4835 -0.2351
vn 0.0764 -0.7680 -0.6359
vn -0.2228 0.7517 -0.6207
vn 0.2049 -0.8289 -0.5206
vn -0.0988 -0.9492 0.2987
vn -0.6646 -0.3702 0.6490
vn -0.9271 0.3290 0.1798
vn -0.6307 0.4382 -0.6405
vn -0.0522 -0.1261 -0.9906
vn 0.1278 -0.7934 -0.5952
vn -0.2628 -0.9558 0.1319
vn -0.7931 -0.3938 0.4646
vn -0.9431 0.3275 0.0585
vn -0.5549 0.4948 -0.6688
vn -0.0254 -0.0704 -0.9972
vn -0.0261 -0.7924 -0.6095
vn -0.9297 -0.2721 0.2482
vn -0.4390 0.4847 -0.7566
vn 0.1700 -0.0048 -0.9854
vn 0.0133 -0.3591 -0.9332
vn -0.4586 0.4027 -0.7922
vn -0.1454 -0.6585 -0.7384
vn 0.7049 -0.2608 -0.6596
vn 0.7285 -0.1839 -0.6599
vn 0.7477 -0.2323 -0.6221
vn 0.7642 -0.2790 -0.5815
vn 0.7871 -0.2029 -0.5824
vn -0.2698 -0.8835 -0.3830
vn -0.3041 -0.8936 -0.3301
vn -0.3456 -0.8625 -0.3696
vn -0.2627 -0.9209 -0.2879
vn -0.3376 -0.8997 -0.2767
vn 0.0769 -0.5446 -0.8352
vn 0.1549 -0.5327 -0.8320
vn 0.1219 -0.5803 -0.8053
vn 0.0891 -0.6255 -0.7751
vn 0.1670 -0.6125 -0.7726
vn -0.0753 -0.0808 -0.9939
vn -0.0970 -0.0124 -0.9952
vn -0.7202 0.0194 -0.6935
vn -0.7303 0.0688 -0.6797
vn -0.8730 0.4257 -0.2380
vn -0.8360 0.4711 -0.2813
vn -0.4656 0.8739 0.1395
vn -0.4612 0.8859 0.0488
vn 0.2433 0.9534 0.1784
vn 0.2604 0.9592 0.1099
vn 0.7024 0.6942 -0.1571
vn 0.6599 0.7409 -0.1249
vn 0.6373 0.2537 -0.7276
vn 0.5914 0.2851 -0.7543
vn 0.0096 -0.1739 -0.9847
vn -0.6693 -0.0743 -0.7392
vn -0.8845 0.4059 -0.2300
vn -0.4918 0.8533 0.1731
vn 0.2775 0.9425 0.1861
vn 0.7347 0.6594 -0.1593
vn 0.6230 0.0860 -0.7775
vn -0.5859 0.7322 -0.3473
vn -0.1339 0.9378 -0.3203
vn -0.0483 0.5228 -0.8511
vn -0.8063 0.5290 -0.2648
vn -0.3015 0.8761 -0.3762
vn 0.3420 0.9397 -0.0029
vn 0.3475 0.9299 -0.1202
vn 0.3194 0.7881 -0.5261
vn 0.5289 0.0677 -0.8460
vn 0.6385 -0.4228 -0.6431
vn 0.6682 -0.3494 -0.6569
vn 0.6858 -0.3926 -0.6128
vn 0.7006 -0.4340 -0.5664
vn 0.7301 -0.3608 -0.5803
vn -0.7330 -0.6039 -0.3132
vn 0.7622 0.0160 -0.6471
vn 0.7302 -0.1044 -0.6752
vn 0.4102 -0.7324 -0.5435
vn 0.4398 -0.7626 -0.4744
vn -0.3765 -0.8872 -0.2668
vn -0.3651 -0.9152 -0.1708
vn -0.9432 -0.3312 -0.0253
vn -0.9183 -0.3958 -0.0014
vn -0.8343 0.5457 -0.0791
vn -0.9202 0.3491 -0.1771
vn 0.2144 0.8416 -0.4957
vn 0.1839 0.6823 -0.7075
vn 0.7773 0.2391 -0.5819
vn 0.4743 -0.6760 -0.5640
vn -0.4026 -0.8771 -0.2618
vn -0.9877 -0.1557 0.0140
vn -0.6865 0.7217 0.0886
vn 0.2337 0.9412 -0.2439
vn 0.7600 0.2872 -0.5830
vn 0.3159 -0.4600 -0.8298
vn -0.8578 -0.3008 0.4167
vn -0.5306 -0.6228 -0.5750
vn 0.9650 0.1220 -0.2322
vn -0.9964 -0.0709 -0.0463
vn -0.6353 0.7309 0.2493
vn 0.3142 0.9487 -0.0337
vn 0.6884 0.3290 -0.6464
vn 0.1696 -0.5316 -0.8298
vn -0.7865 -0.4145 -0.4578
vn -0.8582 0.5109 -0.0493
vn 0.0335 0.9871 -0.1566
vn 0.5889 0.3073 -0.7475
vn -0.4526 -0.5523 -0.7001
vn -0.6149 0.7296 -0.2994
vn -0.5248 -0.6965 -0.4893
vn -0.9151 0.0099 -0.4031
vn 0.7216 0.2874 -0.6298
vn -0.7025 0.7098 -0.0513
vn 0.8116 0.1926 -0.5516
vn 0.4662 -0.6371 -0.6138
vn -0.3916 -0.8121 -0.4326
vn -0.9669 -0.1825 -0.1785
vn -0.7102 0.6974 -0.0961
vn 0.2415 0.9236 -0.2979
vn 0.6098 0.2675 -0.7460
vn -0.4205 -0.6027 -0.6782
vn -0.6121 0.6986 -0.3706
vn -0.4773 -0.6083 -0.6342
vn -0.5172 -0.5606 -0.6467
vn -0.3997 -0.5724 -0.7160
vn -0.5551 -0.5107 -0.6566
vn 0.8165 -0.0875 -0.5707
vn -0.2166 0.0649 -0.9741
vn 0.4208 -0.1583 -0.8932
vn 0.4442 -0.2139 -0.8700
vn 0.3870 -0.2306 -0.8928
vn 0.4997 -0.1979 -0.8433
vn 0.4648 -0.2688 -0.8437
vn 0.1755 0.1528 -0.9726
vn 0.1175 0.2614 -0.9580
vn 0.9540 -0.0073 -0.2997
vn 0.9600 -0.0336 -0.2781
vn 0.8006 -0.4861 0.3503
vn 0.7477 -0.5875 0.3096
vn 0.0750 -0.8462 0.5276
vn 0.0670 -0.8812 0.4680
vn -0.6645 -0.7250 0.1811
vn -0.6953 -0.6939 0.1873
vn -0.7854 -0.3208 -0.5295
vn -0.8353 -0.1514 -0.5286
vn 0.1483 0.1580 -0.9762
vn 0.9281 0.0311 -0.3710
vn 0.8215 -0.4470 0.3540
vn 0.0617 -0.8171 0.5732
vn -0.6855 -0.7137 0.1439
vn -0.7398 -0.2715 -0.6156
vn 0.1368 0.1310 -0.9819
vn 0.9629 -0.0561 -0.2641
vn 0.5574 -0.6346 0.5354
vn -0.4655 -0.8105 0.3554
vn -0.7829 -0.3874 -0.4867
vn 0.2046 -0.9094 -0.3622
vn 0.1358 -0.9215 -0.3638
vn -0.1766 -0.4778 -0.8605
vn 0.4427 -0.8774 0.1850
vn 0.1865 -0.9258 -0.3289
vn -0.3564 -0.5256 -0.7724
vn 0.2197 -0.5215 -0.8245
vn 0.2144 -0.8423 -0.4946
vn 0.1778 -0.8735 -0.4531
vn 0.1370 -0.8558 -0.4988
vn 0.2186 -0.8872 -0.4064
vn 0.1405 -0.9010 -0.4103
vn 0.2010 -0.3481 -0.9157
vn -0.1400 -0.4221 -0.8957
vn 0.1195 -0.4445 -0.8878
vn -0.8303 -0.4465 -0.3336
vn -0.8966 -0.2765 -0.3458
vn -0.9339 0.1294 0.3334
vn -0.9456 0.2645 0.1893
vn -0.3724 0.8075 0.4575
vn -0.4441 0.7929 0.4172
vn 0.3295 0.9439 -0.0240
vn 0.6793 0.7303 -0.0725
vn 0.4701 0.3890 -0.7923
vn 0.6701 0.1883 -0.7180
vn -0.0372 -0.3804 -0.9241
vn -0.7373 -0.6317 -0.2396
vn -0.9168 0.0391 0.3975
vn -0.3848 0.7720 0.5060
vn 0.3626 0.9282 -0.0838
vn 0.5780 0.3031 -0.7576
vn -0.1630 -0.3360 -0.9276
vn -0.8128 -0.4855 -0.3218
vn -0.0832 0.6695 0.7382
vn -0.9193 0.0637 0.3884
vn 0.2291 -0.7259 -0.6485
vn -0.3793 0.7791 0.4991
vn 0.2806 0.9572 -0.0715
vn 0.4017 0.4157 -0.8159
vn -0.3007 -0.1336 -0.9443
vn -0.9576 0.2220 0.1834
vn 0.0858 0.9634 -0.2538
vn -0.8914 0.1579 0.4248
vn -0.4772 0.8343 0.2760
vn -0.2034 -0.2689 -0.9414
vn 0.2478 0.9674 -0.0526
vn -0.1716 -0.4443 -0.8793
vn -0.7590 -0.6144 -0.2155
vn -0.8980 -0.0080 0.4399
vn -0.4501 0.7716 0.4495
vn 0.1432 0.9729 -0.1818
vn 0.2880 0.3813 -0.8785
vn -0.3163 -0.2600 -0.9123
vn -0.9715 0.1002 0.2150
vn -0.0655 0.9388 -0.3381
vn 0.2758 0.3683 -0.8878
vn -0.0677 0.0997 -0.9927
vn -0.1663 0.9148 -0.3682
vn -0.3976 -0.1889 -0.8979
vn 0.0875 0.1475 -0.9852
vn 0.1216 0.2016 -0.9719
vn 0.1662 0.1557 -0.9737
vn 0.0752 0.2451 -0.9666
vn 0.1568 0.2533 -0.9546
vn 0.5613 0.1417 -0.8154
vn 0.5398 0.2194 -0.8127
vn 0.5905 0.1904 -0.7843
vn 0.6380 0.1590 -0.7535
vn 0.6189 0.2361 -0.7491
vn -0.4847 -0.7713 -0.4125
vn 0.5906 0.4771 -0.6508
vn 0.6096 0.4986 -0.6163
vn 0.4179 -0.5512 -0.7222
vn 0.4776 -0.5525 -0.6831
vn -0.5233 -0.8114 -0.2604
vn -0.5268 -0.8329 -0.1696
vn -0.9851 -0.1703 0.0258
vn -0.9898 -0.1420 -0.0066
vn -0.7613 0.6466 -0.0483
vn -0.7853 0.6071 -0.1213
vn -0.0153 0.9448 -0.3273
vn -0.0735 0.9254 -0.3717
vn 0.5949 0.4815 -0.6437
vn 0.4799 -0.6000 -0.6400
vn -0.3686 -0.8933 -0.2573
vn -0.9256 -0.3727 0.0658
vn -0.7494 0.6540 0.1036
vn 0.0142 0.9533 -0.3017
vn 0.4713 0.4093 -0.7813
vn 0.3046 -0.5160 -0.8006
vn -0.8389 -0.0283 0.5436
vn -0.4282 -0.8552 -0.2919
vn 0.9378 0.1016 -0.3319
vn -0.9528 -0.2651 0.1476
vn -0.7770 0.6161 0.1290
vn -0.0780 0.9426 -0.3247
vn 0.2576 0.3017 -0.9179
vn -0.5238 -0.7060 -0.4766
vn -0.8108 0.5695 -0.1354
vn -0.4764 -0.8453 -0.2420
vn -0.9661 -0.2195 -0.1359
vn 0.4338 0.2949 -0.8514
vn -0.8350 0.5472 0.0576
vn 0.6785 0.3450 -0.6486
vn 0.5040 -0.5942 -0.6268
vn -0.3582 -0.8803 -0.3111
vn -0.9631 -0.2557 -0.0843
vn -0.7732 0.6197 -0.1347
vn 0.0302 0.9139 -0.4047
vn 0.5068 0.2420 -0.8274
vn -0.3613 -0.7544 -0.5479
vn -0.7419 0.5339 -0.4057
vn -0.4624 -0.0404 -0.8857
vn -0.5445 0.5084 -0.6671
vn 0.4561 0.7108 -0.5355
vn -0.4330 0.8763 -0.2112
vn -0.1721 -0.5882 -0.7902
vn -0.0956 -0.6082 -0.7880
vn -0.1423 -0.6384 -0.7564
vn -0.1872 -0.6669 -0.7212
vn -0.1083 -0.6841 -0.7213
vn 0.3827 -0.1244 -0.9155
vn 0.5318 -0.6794 -0.5056
vn 0.5889 -0.6222 -0.5158
vn 0.5832 -0.6644 -0.4674
vn 0.5741 -0.7042 -0.4177
vn 0.6329 -0.6439 -0.4299
vn -0.1073 -0.4675 -0.8774
vn 0.0947 -0.4895 -0.8668
vn -0.8897 -0.0048 -0.4566
vn -0.7546 0.1542 -0.6378
vn -0.6393 0.7097 0.2959
vn -0.3901 0.8877 0.2445
vn 0.3069 0.8075 0.5037
vn 0.4014 0.8347 0.3771
vn 0.9531 0.2649 0.1466
vn 0.9348 0.3484 0.0697
vn 0.7588 -0.4663 -0.4548
vn 0.7782 -0.3132 -0.5444
vn 0.0952 -0.4561 -0.8848
vn -0.5036 0.3464 -0.7915
vn -0.2152 0.6369 0.7403
vn -0.2672 0.9621 -0.0543
vn 0.7403 0.6699 -0.0567
vn 0.4340 0.7984 0.4174
vn 0.9564 0.1052 0.2725
vn 0.7874 -0.5114 -0.3441
vn -0.0098 -0.3131 -0.9497
vn -0.6233 0.4550 -0.6361
vn -0.1157 0.9898 0.0832
vn 0.7835 0.5868 0.2047
vn 0.8724 -0.2236 -0.4347
vn -0.0718 -0.1410 -0.9874
vn -0.4915 0.8537 -0.1721
vn 0.8210 0.5264 -0.2212
vn -0.5562 0.8269 0.0831
vn 0.2442 0.9661 0.0842
vn -0.1123 -0.3097 -0.9442
vn 0.8834 0.4677 0.0297
vn -0.0681 -0.1025 -0.9924
vn -0.8836 0.1991 -0.4237
vn -0.6042 0.6264 0.4924
vn 0.2771 0.7049 0.6529
vn 0.8983 0.4303 0.0892
vn 0.7317 0.0644 -0.6786
vn -0.1490 -0.0774 -0.9858
vn -0.8458 0.3777 -0.3769
vn -0.3404 0.8599 0.3803
vn 0.6523 0.7210 0.2337
vn 0.7808 0.1521 -0.6060
vn -0.0904 -0.1103 -0.9898
vn -0.5153 0.8466 -0.1332
vn 0.8031 0.5534 -0.2211
vn -0.6138 0.7759 -0.1456
vn -0.6325 0.7620 -0.1391
vn -0.6064 0.7899 -0.0911
vn -0.6508 0.7476 -0.1325
vn -0.7949 -0.4263 -0.4316
vn -0.8316 -0.3962 -0.3893
vn -0.8266 -0.3545 -0.4371
vn -0.8329 -0.4364 -0.3404
vn -0.8647 -0.3641 -0.3462
vn 0.5017 -0.4493 -0.7392
vn -0.0124 0.0489 -0.9987
vn -0.0779 0.0042 -0.9970
vn -0.0749 0.0678 -0.9949
vn -0.0727 0.1309 -0.9887
vn -0.1374 0.0835 -0.9870
vn -0.2362 0.3207 -0.9173
vn -0.2130 0.3849 -0.8981
vn 0.2866 0.8409 -0.4590
vn 0.3426 0.8300 -0.4401
vn 0.8318 0.5522 0.0571
vn 0.8689 0.4946 0.0179
vn 0.9102 -0.2234 0.3487
vn 0.9406 -0.1955 0.2776
vn 0.4832 -0.8666 0.1249
vn 0.5388 -0.8269 0.1613
vn -0.1299 -0.8095 -0.5726
vn -0.0905 -0.8251 -0.5577
vn -0.3107 0.1999 -0.9293
vn 0.2450 0.8084 -0.5353
vn 0.8150 0.5748 0.0737
vn 0.8839 -0.2407 0.4010
vn 0.3892 -0.9096 0.1457
vn -0.2322 -0.7928 -0.5635
vn -0.3418 0.0384 -0.9390
vn 0.2128 0.7964 -0.5661
vn 0.7855 0.6037 0.1364
vn 0.8229 -0.2342 0.5177
vn 0.2546 -0.9403 0.2259
vn -0.3307 -0.7910 -0.5147
vn -0.1937 -0.0415 -0.9802
vn 0.4558 0.5361 -0.7105
vn 0.5327 -0.2010 0.8221
vn 0.9082 0.4167 0.0383
vn -0.6621 0.2801 -0.6951
vn 0.7610 -0.2841 0.5833
vn 0.1296 -0.9099 0.3941
vn -0.3564 -0.8347 -0.4198
vn -0.3577 -0.0214 -0.9336
vn 0.5375 0.5718 -0.6198
vn 0.9860 0.1026 0.1312
vn 0.4306 -0.8159 0.3859
vn -0.3921 -0.8641 -0.3157
vn -0.4329 0.0051 -0.9014
vn 0.4626 0.5539 -0.6923
vn 0.9979 0.0371 -0.0531
vn 0.4798 -0.8589 0.1790
vn -0.4045 -0.8379 -0.3666
vn 0.5925 -0.5133 -0.6209
vn 0.5576 -0.5614 -0.6115
vn -0.4340 -0.5048 -0.7462
vn 0.9967 -0.0416 -0.0695
vn 0.5963 -0.4827 -0.6414
vn -0.4688 -0.6905 -0.5508
vn -0.1276 0.1849 -0.9745
vn 0.1997 0.8659 -0.4586
vn 0.6712 0.6855 0.2821
vn 0.8135 -0.1648 0.5577
vn 0.4960 -0.8627 0.0987
vn 0.0455 -0.7194 -0.6931
vn -0.0439 0.1221 -0.9915
vn 0.3735 0.8621 -0.3424
vn 0.8279 0.3990 0.3942
vn 0.7171 -0.6475 0.2579
vn 0.1806 -0.7639 -0.6196
vn 0.6974 -0.6909 -0.1904
vn 0.9140 -0.3468 -0.2105
vn 0.9650 -0.1501 0.2152
vn 0.4568 -0.6737 -0.5810
vn 0.9644 -0.1669 -0.2049
vn 0.8716 0.3970 0.2874
vn 0.3609 -0.3680 -0.8569
vn -0.0126 -0.6197 -0.7847
vn 0.0663 -0.6080 -0.7912
vn 0.0345 -0.6526 -0.7569
vn 0.0009 -0.6937 -0.7203
vn 0.0815 -0.6823 -0.7265
vn -0.2766 -0.8254 -0.4922
vn -0.3237 -0.8322 -0.4502
vn -0.3492 -0.7953 -0.4956
vn -0.2957 -0.8657 -0.4038
vn -0.3692 -0.8356 -0.4067
vn -0.2920 -0.5193 -0.8032
vn -0.3246 -0.5331 -0.7813
vn -0.9456 -0.1097 -0.3063
vn -0.9548 0.0126 -0.2970
vn -0.7975 0.5597 0.2254
vn -0.7591 0.6253 0.1810
vn -0.0201 0.9142 0.4047
vn -0.0244 0.9184 0.3949
vn 0.7440 0.6671 0.0389
vn 0.7852 0.6092 0.1109
vn 0.7427 -0.1111 -0.6604
vn 0.8038 -0.1613 -0.5727
vn -0.2120 -0.5518 -0.8066
vn -0.9935 0.0862 0.0749
vn 0.0445 0.9088 0.4149
vn 0.9019 0.2150 -0.3746
vn -0.2120 -0.6587 -0.7219
vn -0.9947 0.0961 0.0373
vn 0.4885 -0.4430 0.7518
vn -0.0462 0.9797 0.1949
vn 0.7920 0.2815 -0.5417
vn -0.2145 -0.3924 -0.8944
vn -0.8247 0.5480 -0.1399
vn 0.4624 0.7178 -0.5206
vn -0.2826 -0.5516 -0.7847
vn -0.9677 -0.0639 0.2440
vn -0.1134 0.9209 0.3729
vn 0.5997 0.4857 -0.6359
vn -0.2193 -0.5775 -0.7864
vn -0.9997 -0.0116 0.0211
vn -0.2261 0.9698 0.0917
vn 0.5617 0.4195 -0.7131
vn -0.2465 -0.5084 -0.8251
vn -0.8760 0.4651 -0.1277
vn 0.3604 0.6851 -0.6331
vn -0.1478 -0.4675 -0.8716
vn -0.0141 -0.1003 -0.9949
vn 0.0386 -0.0626 -0.9973
vn 0.0630 -0.1215 -0.9906
vn 0.0162 -0.0028 -0.9999
vn 0.0917 -0.0262 -0.9954
vn 0.5637 -0.3660 -0.7404
vn 0.3604 -0.3998 -0.8428
vn 0.4137 -0.4861 -0.7698
vn -0.9427 -0.1808 -0.2805
vn -0.6140 -0.5815 -0.5337
vn -0.9759 0.1813 0.1217
vn -0.4079 0.8161 0.4093
vn -0.3438 0.8772 0.3350
vn 0.7824 0.6195 -0.0633
vn 0.3191 0.9338 0.1617
vn 0.8389 0.4861 -0.2449
vn 0.3130 -0.4529 -0.8348
vn -0.9315 -0.2175 -0.2917
vn -0.4473 0.7936 0.4125
vn 0.8139 0.5751 -0.0827
vn 0.4086 -0.4418 -0.7986
vn -0.8472 0.0553 -0.5284
vn 0.0214 -0.4991 0.8663
vn -0.3103 0.9041 0.2937
vn 0.8935 0.4446 0.0629
vn 0.3800 -0.1610 -0.9109
vn -0.6942 0.5367 -0.4796
vn 0.5405 0.8412 -0.0165
vn 0.3763 -0.4969 -0.7820
vn -0.9121 -0.2364 -0.3349
vn -0.4647 0.8586 0.2164
vn 0.7584 0.6250 -0.1850
vn 0.1996 -0.2801 -0.9390
vn -0.8824 0.2942 -0.3671
vn 0.3257 0.8998 -0.2903
vn -0.5765 0.4055 -0.7094
vn -0.5150 0.7022 -0.4917
vn 0.7529 0.6169 -0.2294
vn 0.2851 0.9055 -0.3143
vn 0.9246 0.3810 -0.0082
vn 0.7938 -0.5803 0.1819
vn 0.8573 -0.4936 0.1463
vn -0.6292 -0.7580 -0.1719
vn -0.8705 -0.1406 -0.4716
vn -0.4275 0.4563 -0.7804
vn 0.8071 0.4952 -0.3216
vn -0.3513 0.4145 0.8395
vn 0.6872 -0.6723 0.2753
vn -0.6260 -0.7548 -0.1961
vn -0.2702 0.1498 -0.9511
vn 0.9289 -0.0669 -0.3642
vn -0.0679 -0.9719 -0.2255
vn -0.3528 0.4453 -0.8229
vn 0.7569 0.6356 -0.1519
vn 0.7385 -0.5752 0.3520
vn -0.4351 -0.8287 -0.3521
vn -0.0967 0.2043 -0.9741
vn 0.9820 0.0897 -0.1662
vn 0.1213 -0.9461 -0.3002
vn -0.3927 0.6596 -0.6409
vn -0.2674 0.7449 -0.6112
vn 0.5895 0.7587 -0.2773
vn 0.6063 0.7481 -0.2696
vn 0.9919 -0.1190 0.0444
vn 0.9958 -0.0902 0.0161
vn 0.3670 -0.9280 0.0637
vn 0.4102 -0.9099 0.0625
vn -0.6517 -0.6454 -0.3984
vn -0.5568 -0.7412 -0.3750
vn -0.3531 0.5273 -0.7729
vn 0.7763 0.6158 -0.1349
vn 0.7355 -0.6214 0.2701
vn -0.4334 -0.8346 -0.3399
vn -0.3752 0.4507 -0.8100
vn 0.7979 0.4749 -0.3713
vn 0.6962 -0.7178 -0.0025
vn -0.4833 -0.7591 -0.4360
vn -0.4951 0.3342 -0.8020
vn 0.8091 0.0423 -0.5861
vn -0.1389 -0.9064 -0.3990
vn -0.2962 -0.9315 -0.2109
vn -0.3363 -0.8961 -0.2896
vn -0.9838 -0.1287 -0.1250
vn -0.9447 -0.2288 -0.2348
vn -0.5704 0.7826 -0.2493
vn -0.5947 0.7762 -0.2093
vn 0.6142 0.6566 -0.4379
vn 0.7176 0.6406 -0.2734
vn 0.6561 -0.6728 -0.3418
vn 0.7416 -0.6176 -0.2619
vn -0.2967 -0.9265 -0.2313
vn -0.9699 0.1841 -0.1591
vn 0.1368 0.9259 -0.3522
vn 0.8333 -0.3229 -0.4488
vn 0.5686 0.3607 -0.7393
vn 0.6238 0.2452 -0.7421
vn 0.7983 -0.5694 -0.1963
vn 0.7603 -0.6039 -0.2392
vn -0.0123 -0.9764 0.2157
vn -0.0520 -0.9763 0.2101
vn -0.9002 -0.4067 0.1559
vn -0.8945 -0.3957 0.2081
vn -0.7651 0.4398 -0.4704
vn -0.8035 0.4059 -0.4355
vn 0.5968 0.5539 -0.5805
vn 0.7964 -0.5980 0.0905
vn -0.4793 -0.8745 0.0744
vn -0.8020 0.2131 -0.5580
vn 0.6357 0.4243 -0.6449
vn 0.7931 -0.6064 0.0576
vn -0.4137 -0.9050 -0.0994
vn -0.5860 0.1177 -0.8017
vn 0.5987 0.1603 -0.7848
vn 0.3982 -0.9173 0.0075
vn -0.6385 -0.3747 -0.6722
vn -0.3926 -0.9141 -0.1014
vn 0.0157 -0.5398 -0.8416
vn -0.2189 -0.8745 -0.4327
vn -0.2801 -0.9365 -0.2110
vn 0.0359 -0.9503 -0.3091
vn -0.7628 -0.6415 0.0809
vn 0.1616 -0.8006 -0.5769
vn 0.3533 -0.7389 -0.5738
vn -0.1514 -0.4549 -0.8776
vn 0.2659 -0.8793 -0.3952
vn 0.0445 -0.5627 -0.8255
vn -0.0375 -0.3649 -0.9303
vn 0.2857 -0.4026 -0.8697
vn -0.6123 -0.1379 -0.7786
vn 0.4190 -0.6231 -0.6604
vn 0.5901 -0.5769 -0.5649
vn -0.2232 -0.7190 -0.6582
vn 0.4461 -0.1843 -0.8758
vn 0.0341 -0.5822 -0.8123
vn -0.1322 -0.7055 -0.6963
vn 0.1890 -0.7537 -0.6295
vn -0.6967 -0.4356 -0.5700
vn 0.4341 -0.5493 -0.7140
vn 0.5966 -0.5382 -0.5953
vn -0.2749 0.8056 -0.5248
vn -0.7582 0.0999 -0.6444
vn -0.4896 0.6077 -0.6252
vn -0.3390 0.7695 -0.5412
vn -0.6147 0.6956 -0.3719
vn 0.2880 0.7032 -0.6501
vn -0.7999 0.4282 -0.4204
vn -0.8991 0.3499 -0.2632
vn 0.2360 0.4602 -0.8559
vn -0.5148 0.6604 -0.5466
vn -0.1055 0.4479 -0.8878
vn 0.0651 0.2993 -0.9519
vn -0.2507 0.1945 -0.9483
vn 0.6441 0.3521 -0.6791
vn -0.4951 0.3485 -0.7959
vn -0.6475 0.2371 -0.7242
vn -0.5771 0.4390 -0.6886
vn -0.0886 -0.2801 -0.9559
vn -0.4587 0.1563 -0.8747
vn -0.5841 0.3144 -0.7483
vn -0.6660 -0.0065 -0.7459
vn -0.2936 0.8197 -0.4917
vn -0.4711 -0.2560 -0.8441
vn -0.4898 -0.4357 -0.7552
vn -0.7139 0.1794 -0.6769
vn -0.9171 0.2477 -0.3123
vn -0.6075 0.2061 -0.7671
vn -0.6067 0.2044 -0.7682
vn -0.3979 0.1154 -0.9101
vn -0.6051 -0.1119 -0.7883
vn -0.1742 0.7433 -0.6459
vn -0.0814 0.2114 -0.9740
vn -0.1526 0.6904 -0.7071
vn -0.1542 0.6913 -0.7059
vn -0.2186 0.8417 -0.4938
vn -0.4540 0.6440 -0.6158
vn -0.3978 0.3498 -0.8482
vn -0.6813 -0.1011 -0.7250
vn -0.3872 0.3453 -0.8549
vn -0.3852 0.3456 -0.8557
vn -0.1676 0.4997 -0.8498
vn -0.1304 0.1940 -0.9723
vn -0.1113 0.3493 -0.9304
vn -0.0114 -0.2452 -0.9694
vn -0.1628 0.2827 -0.9453
vn -0.1646 0.2837 -0.9447
vn -0.2667 0.4986 -0.8248
vn -0.4661 0.2354 -0.8528
vn -0.4305 -0.0256 -0.9022
vn -0.5697 -0.4738 -0.6715
vn -0.3503 -0.0446 -0.9356
vn -0.3483 -0.0441 -0.9363
vn -0.1645 0.1445 -0.9757
vn -0.0587 -0.1696 -0.9838
vn -0.2789 0.1483 -0.9488
vn 0.0678 -0.3207 -0.9448
vn -0.2293 0.1344 -0.9640
vn -0.2314 0.1350 -0.9635
vn -0.3931 0.3177 -0.8629
vn -0.5093 0.0058 -0.8606
vn 0.8061 0.1624 -0.5691
vn -0.0212 0.5936 -0.8045
vn 0.5165 0.3966 -0.7589
vn 0.6991 0.2890 -0.6540
vn 0.5977 0.5863 -0.5468
vn 0.7079 -0.3495 -0.6137
vn 0.3076 0.7236 -0.6179
vn 0.2235 0.8470 -0.4823
vn 0.4810 0.0784 -0.8732
vn 0.8664 0.4149 -0.2778
vn 0.5868 0.2714 -0.7629
vn 0.4011 0.1999 -0.8940
vn 0.4077 0.5034 -0.7618
vn 0.2203 -0.4104 -0.8849
vn 0.6077 0.6030 -0.5167
vn 0.5430 0.7444 -0.3887
vn 0.6801 -0.5376 -0.4984
vn 0.6914 0.3451 -0.6347
vn 0.7770 -0.2227 -0.5888
vn 0.7487 -0.4393 -0.4965
vn 0.9202 -0.2085 -0.3314
vn 0.2106 -0.7641 -0.6098
vn 0.9120 0.1155 -0.3936
vn 0.9393 0.2443 -0.2409
vn 0.3267 0.2613 -0.9083
vn -0.4125 0.5627 -0.7164
vn -0.0097 0.2574 -0.9663
vn 0.1416 0.0876 -0.9860
vn -0.1836 0.0005 -0.9830
vn 0.7151 0.1676 -0.6786
vn -0.4085 0.2011 -0.8903
vn -0.5743 0.1151 -0.8105
vn 0.6734 -0.0772 -0.7352
vn -0.1978 0.0027 -0.9802
vn 0.3771 0.0269 -0.9258
vn 0.5837 0.0531 -0.8102
vn 0.3876 0.3139 -0.8667
vn 0.8005 -0.4129 -0.4344
vn 0.0674 0.2997 -0.9516
vn -0.0562 0.4473 -0.8926
vn 0.6103 0.5853 -0.5338
vn 0.0217 0.9922 -0.1225
vn 0.3404 0.7655 -0.5461
vn 0.4266 0.5924 -0.6834
vn 0.1111 0.6898 -0.7154
vn 0.8702 0.1956 -0.4522
vn -0.0566 0.8677 -0.4939
vn -0.2556 0.8403 -0.4781
vn -0.5111 -0.8533 -0.1036
vn 0.0218 -0.5353 -0.8444
vn -0.2525 -0.8572 -0.4488
vn -0.3280 -0.9162 -0.2303
vn -0.0096 -0.9493 -0.3143
vn -0.8037 -0.5936 0.0417
vn 0.1382 -0.8062 -0.5753
vn 0.3329 -0.7564 -0.5630
vn -0.1970 0.4598 -0.8659
vn -0.4359 -0.3343 -0.8356
vn -0.1934 0.1736 -0.9656
vn -0.0550 0.3639 -0.9298
vn 0.0790 0.0679 -0.9946
vn -0.2379 0.8186 -0.5228
vn -0.0773 -0.2232 -0.9717
vn 0.0283 -0.3872 -0.9216
vn -0.4778 -0.4750 -0.7390
vn -0.5380 -0.7416 -0.4008
vn -0.5037 -0.3535 -0.7883
vn -0.5021 -0.3527 -0.7896
vn -0.3896 -0.1434 -0.9098
vn -0.2045 -0.4174 -0.8854
vn -0.4367 -0.6148 -0.6567
vn 0.1584 -0.6015 -0.7830
vn -0.3872 -0.5635 -0.7297
vn -0.3887 -0.5643 -0.7283
vn -0.6139 -0.5214 -0.5926
vn -0.4200 -0.7675 -0.4844
vn -0.4783 -0.2623 -0.8381
vn -0.7621 -0.5184 -0.3880
vn -0.4412 -0.3777 -0.8141
vn -0.4392 -0.3784 -0.8148
vn -0.2079 -0.3072 -0.9287
vn -0.2149 -0.5985 -0.7718
vn -0.3540 -0.4690 -0.8091
vn 0.1889 -0.1647 -0.9681
vn -0.2683 -0.4491 -0.8522
vn -0.2688 -0.4510 -0.8511
vn -0.4373 -0.5788 -0.6882
vn -0.1283 -0.6966 -0.7059
vn -0.1838 -0.4105 -0.8932
vn -0.0989 -0.8464 -0.5232
vn -0.0982 -0.4398 -0.8927
vn -0.0967 -0.4384 -0.8935
vn -0.0379 -0.1937 -0.9803
vn 0.2183 -0.3866 -0.8961
vn -0.0739 -0.5104 -0.8567
vn 0.4829 -0.1326 -0.8656
vn 0.0362 -0.4559 -0.8893
vn 0.0356 -0.4578 -0.8883
vn -0.1632 -0.6017 -0.7819
vn 0.1457 -0.6930 -0.7060
vn 0.6946 0.4557 -0.5567
vn -0.0828 0.2747 -0.9580
vn 0.3818 0.5118 -0.7696
vn 0.3822 0.5135 -0.7683
vn 0.5428 0.6108 -0.5765
vn 0.2459 0.7517 -0.6120
vn 0.6639 0.1656 -0.7293
vn 0.8986 0.2246 -0.3769
vn 0.5746 0.0548 -0.8166
vn 0.5729 0.0558 -0.8177
vn 0.3292 0.0024 -0.9442
vn 0.4116 0.3043 -0.8591
vn 0.3642 0.3862 -0.8474
vn -0.1520 0.5202 -0.8404
vn 0.2957 0.2183 -0.9300
vn 0.2978 0.2184 -0.9293
vn 0.5128 0.0819 -0.8546
vn 0.5035 0.4014 -0.7651
vn -0.1031 -0.9834 -0.1493
vn 0.6096 -0.4394 -0.6598
vn 0.2601 -0.8586 -0.4418
vn 0.0966 -0.9521 -0.2901
vn 0.4071 -0.8920 -0.1966
vn -0.5120 -0.7937 -0.3286
vn 0.6299 -0.6921 -0.3524
vn 0.7675 -0.5919 -0.2462
vn -0.5156 -0.4487 -0.7299
vn -0.1069 -0.9717 -0.2108
vn -0.3401 -0.6789 -0.6507
vn -0.3890 -0.4867 -0.7821
vn -0.0847 -0.6176 -0.7819
vn -0.8151 -0.0601 -0.5762
vn 0.0332 -0.8300 -0.5568
vn 0.2298 -0.8269 -0.5132
vn 0.3787 -0.8283 -0.4128
vn 0.2068 -0.0969 -0.9736
vn 0.4293 -0.5599 -0.7087
vn 0.4974 -0.6923 -0.5228
vn 0.6695 -0.4232 -0.6105
vn 0.0613 -0.9848 -0.1627
vn 0.5605 -0.1805 -0.8082
vn 0.6272 0.0072 -0.7788
vn -0.1115 -0.7771 -0.6194
vn 0.2983 -0.3881 -0.8720
vn -0.1359 -0.6868 -0.7140
vn -0.1363 -0.6883 -0.7125
vn -0.3057 -0.7891 -0.5327
vn 0.0141 -0.8678 -0.4966
vn -0.2611 -0.7733 -0.5778
vn 0.2144 -0.4797 -0.8508
vn -0.2551 -0.7010 -0.6659
vn -0.2556 -0.7024 -0.6643
vn -0.4332 -0.7658 -0.4752
vn -0.1276 -0.8886 -0.4406
vn -0.5030 -0.4986 -0.7060
vn -0.0173 -0.2274 -0.9736
vn -0.4750 -0.4470 -0.7580
vn -0.4754 -0.4487 -0.7567
vn -0.6242 -0.5472 -0.5577
vn -0.3400 -0.7035 -0.6241
vn -0.3628 -0.7859 -0.5007
vn 0.4682 -0.5634 -0.6807
vn -0.0600 -0.7874 -0.6135
vn -0.2726 -0.8156 -0.5103
vn 0.0019 -0.9310 -0.3651
vn -0.7233 -0.3712 -0.5823
vn 0.3117 -0.8417 -0.4409
vn 0.4517 -0.8416 -0.2960
vn -0.2772 -0.4421 -0.8531
vn 0.4299 -0.7380 -0.5201
vn 0.0033 -0.5201 -0.8541
vn -0.1696 -0.3627 -0.9163
vn 0.1504 -0.2908 -0.9449
vn -0.7179 -0.3406 -0.6071
vn 0.4079 -0.4497 -0.7946
vn 0.5729 -0.3482 -0.7420
vn -0.0490 -0.6325 -0.7730
vn 0.5789 -0.0186 -0.8152
vn 0.2143 -0.4630 -0.8601
vn 0.0504 -0.6174 -0.7850
vn 0.3632 -0.6396 -0.6774
vn -0.5548 -0.4280 -0.7134
vn 0.5904 -0.4010 -0.7004
vn 0.7329 -0.3885 -0.5585
vn 0.3428 -0.4031 -0.8485
vn 0.4336 -0.7311 -0.5269
vn 0.2603 -0.3585 -0.8965
vn 0.2610 -0.3565 -0.8971
vn 0.1879 -0.1109 -0.9759
vn 0.4943 -0.1467 -0.8568
vn 0.1812 -0.7564 -0.6285
vn 0.3623 -0.3298 -0.8718
vn -0.0301 -0.6826 -0.7302
vn -0.0303 -0.6842 -0.7287
vn -0.1874 -0.8098 -0.5560
vn 0.1394 -0.8483 -0.5109
vn 0.0880 -0.3035 -0.9488
vn 0.3675 -0.6054 -0.7060
vn 0.0639 -0.2300 -0.9711
vn 0.0641 -0.2278 -0.9716
vn -0.0541 0.0101 -0.9985
vn 0.2749 0.0099 -0.9614
vn -0.0994 -0.5451 -0.8324
vn 0.4118 -0.3597 -0.8373
vn -0.1275 -0.4566 -0.8805
vn -0.1289 -0.4580 -0.8796
vn -0.3739 -0.4977 -0.7826
vn -0.1400 -0.7124 -0.6877
vn 0.4253 -0.1967 -0.8834
vn 0.8150 -0.0475 -0.5775
vn 0.3910 -0.1775 -0.9031
vn 0.3893 -0.1764 -0.9041
vn 0.1324 -0.1746 -0.9757
vn 0.2824 0.1198 -0.9518
vn 0.1912 -0.4388 -0.8780
vn 0.0538 0.2082 -0.9766
vn 0.1803 -0.2995 -0.9369
vn 0.1820 -0.3007 -0.9362
vn 0.2740 -0.5085 -0.8163
vn 0.4972 -0.2572 -0.8286
vn -0.6314 -0.2958 -0.7168
vn -0.0494 -0.2217 -0.9739
vn -0.5575 -0.2966 -0.7754
vn -0.5585 -0.2981 -0.7741
vn -0.7360 -0.3475 -0.5810
vn -0.5074 -0.5806 -0.6368
vn -0.8716 -0.2478 -0.4230
vn -0.9184 -0.3884 -0.0751
vn -0.8177 -0.1412 -0.5580
vn -0.8165 -0.1416 -0.5598
vn -0.6576 -0.0441 -0.7520
vn -0.6310 -0.3666 -0.6837
vn -0.6943 0.1157 -0.7104
vn -0.1734 -0.1333 -0.9758
vn -0.6326 0.0878 -0.7695
vn -0.6343 0.0871 -0.7682
vn -0.8071 0.1424 -0.5729
vn -0.7512 -0.1781 -0.6356
vn -0.6497 -0.4038 -0.6441
vn -0.6293 -0.7012 -0.3352
vn -0.5950 -0.3244 -0.7354
vn -0.5934 -0.3238 -0.7369
vn -0.4743 -0.1263 -0.8713
vn -0.3124 -0.4147 -0.8547
vn -0.4246 -0.0152 -0.9053
vn 0.1731 -0.0722 -0.9823
vn -0.3732 -0.0302 -0.9273
vn -0.3748 -0.0315 -0.9266
vn -0.6053 -0.0549 -0.7941
vn -0.4303 -0.3324 -0.8393
vn -0.7156 -0.6628 -0.2203
vn -0.1869 -0.9734 -0.1329
vn -0.6143 -0.7083 -0.3478
vn -0.6146 -0.7071 -0.3496
vn -0.7347 -0.4984 -0.4602
vn -0.4733 -0.6206 -0.6252
vn -0.5112 0.2985 -0.8060
vn -0.2563 -0.1997 -0.9457
vn -0.4303 0.3124 -0.8469
vn -0.4319 0.3133 -0.8457
vn -0.5119 0.5134 -0.6888
vn -0.6935 0.2363 -0.6806
vn -0.0913 0.3857 -0.9181
vn -0.4900 0.4871 -0.7230
vn 0.0050 0.3641 -0.9313
vn 0.0060 0.3623 -0.9320
vn 0.2317 0.2203 -0.9475
vn -0.0517 0.0566 -0.9971
vn -0.3236 0.5407 -0.7765
vn -0.1842 -0.2356 -0.9542
vn -0.3641 0.2857 -0.8864
vn -0.3659 0.2866 -0.8854
vn -0.4559 0.4942 -0.7402
vn -0.6367 0.2177 -0.7397
vn -0.1459 0.0166 -0.9892
vn -0.5300 -0.3031 -0.7920
vn -0.1549 0.0484 -0.9868
vn -0.1527 0.0483 -0.9871
vn 0.0792 0.1795 -0.9806
vn 0.0958 -0.1516 -0.9838
vn -0.1032 0.3490 -0.9314
vn -0.1716 -0.2529 -0.9522
vn -0.0893 0.2912 -0.9525
vn -0.0905 0.2929 -0.9519
vn -0.0868 0.5352 -0.8403
vn -0.3782 0.3777 -0.8451
vn -0.4922 0.1038 -0.8643
vn -0.8525 -0.1538 -0.4996
vn -0.5001 0.0627 -0.8637
vn -0.4983 0.0620 -0.8648
vn -0.2549 0.1179 -0.9597
vn -0.3310 -0.2020 -0.9218
vn -0.1617 -0.9600 -0.2286
vn 0.4349 -0.5080 -0.7435
vn 0.0861 -0.8775 -0.4717
vn -0.0566 -0.9529 -0.2978
vn 0.2704 -0.9303 -0.2480
vn -0.6486 -0.7190 -0.2496
vn 0.4808 -0.7601 -0.4371
vn 0.6444 -0.6790 -0.3517
vn -0.2257 -0.4148 -0.8815
vn -0.1020 -0.9490 -0.2984
vn -0.1278 -0.6210 -0.7734
vn -0.1075 -0.4209 -0.9007
vn 0.1622 -0.5824 -0.7965
vn -0.5416 0.0412 -0.8396
vn 0.1689 -0.8124 -0.5581
vn 0.3343 -0.8310 -0.4446
vn 0.4317 -0.8197 -0.3765
vn 0.3450 -0.0997 -0.9333
vn 0.4872 -0.5828 -0.6504
vn 0.5156 -0.7228 -0.4601
vn 0.7198 -0.4674 -0.5133
vn 0.0074 -0.9840 -0.1782
vn 0.6616 -0.2142 -0.7186
vn 0.7377 -0.0330 -0.6743
vn -0.6727 0.5618 -0.4815
vn -0.1227 0.2397 -0.9631
vn -0.4953 0.5133 -0.7009
vn -0.4972 0.5129 -0.6998
vn -0.6601 0.5592 -0.5016
vn -0.7086 0.2657 -0.6537
vn -0.5767 0.7305 -0.3657
vn -0.6020 0.7924 0.0989
vn -0.5364 0.7174 -0.4445
vn -0.5371 0.7160 -0.4460
vn -0.4824 0.5708 -0.6645
vn -0.7386 0.4743 -0.4791
vn -0.5553 0.6910 -0.4628
vn -0.2609 0.1832 -0.9478
vn -0.5537 0.5340 -0.6389
vn -0.5554 0.5339 -0.6376
vn -0.6727 0.6149 -0.4115
vn -0.7759 0.3275 -0.5392
vn -0.5651 0.3710 -0.7370
vn -0.8197 -0.3468 -0.4560
vn -0.5662 -0.0430 -0.8231
vn -0.5644 -0.0432 -0.8244
vn -0.3547 0.0684 -0.9325
vn -0.3349 -0.2646 -0.9043
vn -0.5210 0.4351 -0.7344
vn -0.2457 -0.0333 -0.9688
vn -0.4583 0.4359 -0.7746
vn -0.4600 0.4364 -0.7733
vn -0.5541 0.5960 -0.5812
vn -0.7135 0.3095 -0.6286
vn -0.8587 0.1001 -0.5026
vn -0.7055 -0.5305 -0.4700
vn -0.7347 -0.0254 -0.6779
vn -0.7335 -0.0241 -0.6793
vn -0.6355 0.2138 -0.7419
vn -0.4800 -0.0477 -0.8760
vn -0.6833 -0.1004 -0.7232
vn -0.0709 -0.1255 -0.9896
vn -0.5882 -0.1210 -0.7996
vn -0.5894 -0.1224 -0.7985
vn -0.7767 -0.1540 -0.6107
vn -0.5942 -0.4198 -0.6861
vn -0.1984 0.3789 -0.9039
vn -0.5915 0.2514 -0.7661
vn -0.0873 0.4256 -0.9007
vn -0.0854 0.4246 -0.9013
vn 0.1810 0.4213 -0.8887
vn 0.0331 0.1424 -0.9893
vn -0.5900 0.3902 -0.7069
vn -0.5369 -0.1652 -0.8273
vn -0.5170 0.3820 -0.7660
vn -0.5180 0.3834 -0.7647
vn -0.4907 0.6086 -0.6236
vn -0.7388 0.4070 -0.5371
vn -0.1090 -0.0375 -0.9933
vn -0.2546 -0.4961 -0.8301
vn -0.1076 0.0075 -0.9942
vn -0.1057 0.0086 -0.9944
vn 0.0235 0.2404 -0.9704
vn 0.2100 -0.0336 -0.9771
vn -0.4323 0.0888 -0.8973
vn -0.2688 -0.4156 -0.8690
vn -0.3077 0.1277 -0.9429
vn -0.3091 0.1293 -0.9422
vn -0.3398 0.3809 -0.8599
vn -0.5869 0.1711 -0.7914
vn -0.3849 -0.2133 -0.8980
vn -0.5785 -0.5094 -0.6371
vn -0.3333 -0.1157 -0.9357
vn -0.3312 -0.1153 -0.9365
vn -0.1377 0.0620 -0.9885
vn -0.0484 -0.2557 -0.9655
vn 0.2151 0.7639 -0.6084
vn -0.0812 0.2410 -0.9671
vn 0.1111 0.6917 -0.7136
vn 0.1102 0.6932 -0.7122
vn 0.1479 0.8527 -0.5010
vn -0.1652 0.7913 -0.5887
vn 0.2041 0.8328 -0.5146
vn -0.1734 0.9506 -0.2574
vn 0.1739 0.7538 -0.6337
vn 0.1737 0.7524 -0.6354
vn 0.2875 0.5591 -0.7777
vn -0.0419 0.5890 -0.8070
vn 0.5409 0.5159 -0.6643
vn -0.1109 0.3697 -0.9225
vn 0.3161 0.6226 -0.7159
vn 0.3164 0.6241 -0.7144
vn 0.4622 0.7185 -0.5198
vn 0.1493 0.8365 -0.5272
vn -0.1484 0.6934 -0.7051
vn -0.3700 0.8498 -0.3754
vn -0.0876 0.6127 -0.7855
vn -0.0880 0.6109 -0.7868
vn 0.0218 0.4032 -0.9148
vn -0.3054 0.3943 -0.8667
vn 0.3972 0.3852 -0.8329
vn -0.1183 0.4821 -0.8681
vn 0.4016 0.3027 -0.8643
vn 0.4034 0.3033 -0.8633
vn 0.6285 0.2224 -0.7454
vn 0.5223 0.5272 -0.6702
vn -0.0986 0.8685 -0.4857
vn -0.3236 0.9306 -0.1712
vn 0.0043 0.7979 -0.6027
vn 0.0041 0.7966 -0.6045
vn 0.1317 0.6232 -0.7709
vn -0.1961 0.6191 -0.7604
vn 0.7568 -0.6189 -0.2104
vn 0.6654 0.1560 -0.7300
vn 0.8306 -0.3233 -0.4535
vn 0.8289 -0.4848 -0.2790
vn 0.9563 -0.1833 -0.2278
vn 0.3515 -0.9052 -0.2390
vn 0.9044 0.0821 -0.4188
vn 0.9046 0.2648 -0.3341
vn 0.0494 -0.5662 -0.8228
vn 0.7542 -0.3766 -0.5378
vn 0.2797 -0.4216 -0.8626
vn 0.0536 -0.3817 -0.9227
vn 0.2793 -0.1403 -0.9499
vn -0.4157 -0.6773 -0.6070
vn 0.5762 -0.1395 -0.8053
vn 0.6579 0.0369 -0.7522
vn 0.7363 -0.0467 -0.6750
vn -0.0990 0.1496 -0.9838
vn 0.4674 0.1047 -0.8778
vn 0.6632 0.0936 -0.7426
vn 0.4993 0.3791 -0.7791
vn 0.7965 -0.4375 -0.4175
vn 0.1892 0.4103 -0.8921
vn 0.0750 0.5616 -0.8240
vn -0.4980 0.5013 -0.7076
vn -0.5324 -0.0489 -0.8451
vn -0.4199 0.4821 -0.7689
vn -0.4206 0.4837 -0.7675
vn -0.3598 0.6967 -0.6206
vn -0.6421 0.5404 -0.5437
vn -0.2098 0.5430 -0.8131
vn -0.6905 0.1535 -0.7069
vn -0.2183 0.3219 -0.9213
vn -0.2164 0.3209 -0.9220
vn 0.0463 0.3229 -0.9453
vn -0.1001 0.0278 -0.9946
vn -0.2092 0.6654 -0.7165
vn -0.4135 0.1478 -0.8984
vn -0.1583 0.6179 -0.7702
vn -0.1587 0.6195 -0.7688
vn -0.0556 0.7982 -0.5998
vn -0.3785 0.7315 -0.5671
vn -0.2755 0.3345 -0.9012
vn -0.6485 -0.0450 -0.7599
vn -0.2449 0.2899 -0.9252
vn -0.2429 0.2897 -0.9258
vn 0.0061 0.3849 -0.9230
vn -0.0295 0.0639 -0.9975
vn -0.1689 0.3356 -0.9267
vn -0.4871 -0.0450 -0.8722
vn -0.0451 0.2673 -0.9625
vn -0.0445 0.2694 -0.9620
vn 0.1525 0.4325 -0.8887
vn -0.1563 0.5375 -0.8287
vn -0.6587 0.3755 -0.6520
vn -0.8909 -0.0724 -0.4484
vn -0.6021 0.2881 -0.7446
vn -0.6004 0.2880 -0.7461
vn -0.3759 0.3973 -0.8372
vn -0.4208 0.0754 -0.9040
vn -0.0821 0.7767 -0.6245
vn -0.1015 0.2965 -0.9496
vn 0.0336 0.7482 -0.6627
vn 0.0326 0.7495 -0.6612
vn 0.0493 0.8972 -0.4389
vn -0.2536 0.8053 -0.5359
vn 0.0061 0.5611 -0.8278
vn -0.3187 0.7838 -0.5330
vn 0.0491 0.5260 -0.8490
vn 0.0491 0.5242 -0.8502
vn 0.1893 0.3128 -0.9308
vn -0.1409 0.2865 -0.9477
vn 0.3552 0.6011 -0.7159
vn -0.1741 0.2304 -0.9574
vn 0.2294 0.5675 -0.7907
vn 0.2295 0.5693 -0.7894
vn 0.3701 0.7040 -0.6062
vn 0.0477 0.7751 -0.6301
vn -0.2447 0.2954 -0.9235
vn -0.5338 0.5426 -0.6485
vn -0.1578 0.2756 -0.9482
vn -0.1575 0.2735 -0.9489
vn 0.0144 0.0755 -0.9970
vn -0.3027 -0.0101 -0.9530
vn 0.1601 0.4490 -0.8791
vn -0.2940 0.2027 -0.9340
vn 0.2293 0.3689 -0.9007
vn 0.2304 0.3706 -0.8998
vn 0.4476 0.4547 -0.7700
vn 0.1766 0.6436 -0.7447
vn -0.3679 0.5447 -0.7536
vn -0.6514 0.6409 -0.4061
vn -0.3129 0.4895 -0.8139
vn -0.3127 0.4877 -0.8151
vn -0.1403 0.3230 -0.9359
vn -0.4427 0.2039 -0.8732
vn 0.4696 -0.4334 -0.7692
vn 0.0874 0.0214 -0.9959
vn 0.4058 -0.3949 -0.8242
vn 0.4078 -0.3951 -0.8232
vn 0.5560 -0.5261 -0.6435
vn 0.6536 -0.2202 -0.7241
vn 0.5128 -0.5569 -0.6534
vn 0.8475 -0.4413 -0.2951
vn 0.5009 -0.4790 -0.7209
vn 0.5001 -0.4776 -0.7223
vn 0.2904 -0.4015 -0.8686
vn 0.5322 -0.1787 -0.8275
vn 0.2165 -0.6426 -0.7350
vn 0.5446 -0.2525 -0.7997
vn 0.1036 -0.5809 -0.8074
vn 0.1029 -0.5826 -0.8062
vn -0.1017 -0.7121 -0.6947
vn 0.2009 -0.7875 -0.5826
vn 0.4295 -0.2718 -0.8612
vn 0.8335 -0.1904 -0.5186
vn 0.4215 -0.2042 -0.8835
vn 0.4202 -0.2027 -0.8845
vn 0.1767 -0.1404 -0.9742
vn 0.3837 0.1117 -0.9167
vn 0.1502 -0.3781 -0.9135
vn -0.0222 0.0633 -0.9977
vn 0.0382 -0.4783 -0.8774
vn 0.0399 -0.4795 -0.8766
vn 0.1110 -0.6870 -0.7181
vn 0.3450 -0.4743 -0.8099
vn 0.6397 -0.2571 -0.7244
vn 0.6313 0.3320 -0.7009
vn 0.4973 -0.1755 -0.8497
vn 0.4955 -0.1765 -0.8505
vn 0.3379 -0.3882 -0.8574
vn 0.2048 -0.1057 -0.9731
vn 0.5495 -0.4565 -0.6997
vn 0.6590 0.0385 -0.7511
vn 0.3871 -0.4349 -0.8130
vn 0.3871 -0.4368 -0.8120
vn 0.2433 -0.6437 -0.7256
vn 0.5414 -0.6021 -0.5868
vn 0.0684 -0.4197 -0.9051
vn 0.2896 -0.7116 -0.6402
vn 0.0025 -0.3479 -0.9375
vn 0.0028 -0.3459 -0.9383
vn -0.0986 -0.1044 -0.9896
vn 0.2310 -0.1256 -0.9648
vn 0.4865 -0.1080 -0.8670
vn 0.1964 0.3728 -0.9069
vn 0.4177 -0.1320 -0.8990
vn 0.4194 -0.1329 -0.8980
vn 0.5226 -0.3482 -0.7782
vn 0.6799 -0.0607 -0.7308
vn 0.3685 -0.6479 -0.6667
vn 0.3398 -0.0167 -0.9404
vn 0.3736 -0.5365 -0.7567
vn 0.3749 -0.5376 -0.7553
vn 0.3938 -0.7250 -0.5651
vn 0.6385 -0.5029 -0.5826
vn -0.0502 -0.4691 -0.8817
vn 0.4182 -0.5766 -0.7019
vn -0.0651 -0.4136 -0.9081
vn -0.0658 -0.4117 -0.9089
vn -0.2751 -0.2476 -0.9290
vn 0.0229 -0.1174 -0.9928
vn 0.3820 -0.3314 -0.8627
vn -0.1051 0.0068 -0.9944
vn 0.3061 -0.3441 -0.8876
vn 0.3082 -0.3439 -0.8870
vn 0.5077 -0.4426 -0.7392
vn 0.5348 -0.1270 -0.8354
vn -0.6628 -0.6658 -0.3425
vn 0.3801 -0.8791 -0.2875
vn 0.3482 -0.9080 -0.2330
vn 0.3068 -0.9088 -0.2828
vn 0.3865 -0.9043 -0.1811
vn 0.3108 -0.9331 -0.1810
vn -0.5109 -0.7529 -0.4148
vn -0.0119 -0.7609 -0.6488
vn 0.0427 -0.9798 -0.1952
vn -0.2238 -0.7495 -0.6230
vn 0.4759 -0.5178 -0.7109
vn 0.4847 -0.5662 -0.6667
vn 0.4283 -0.5790 -0.6938
vn 0.5390 -0.5503 -0.6376
vn 0.4898 -0.6125 -0.6205
vn -0.2710 -0.4571 -0.8471
vn -0.2138 -0.5102 -0.8330
vn -0.2749 -0.5138 -0.8127
vn -0.3343 -0.5172 -0.7879
vn -0.2751 -0.5682 -0.7755
vn 0.0523 -0.1766 -0.9829
vn 0.1112 -0.2065 -0.9721
vn 0.0650 -0.2523 -0.9655
vn 0.1584 -0.1616 -0.9741
vn 0.1673 -0.2382 -0.9567
vn 0.2638 -0.6363 -0.7250
vn -0.1552 -0.4588 -0.8749
vn -0.0916 -0.5043 -0.8587
vn -0.1525 -0.5157 -0.8431
vn -0.2123 -0.5257 -0.8237
vn -0.1494 -0.5701 -0.8079
vn 0.2326 -0.2415 -0.9421
vn 0.2997 -0.6808 -0.6684
vn 0.3700 -0.6429 -0.6706
vn 0.3508 -0.6916 -0.6314
vn 0.3276 -0.7372 -0.5910
vn 0.3993 -0.7007 -0.5913
vn -0.2587 0.8267 -0.4997
vn -0.8614 0.2092 -0.4628
vn -0.3350 0.7575 -0.5604
vn -0.4744 0.1924 -0.8590
vn -0.5173 0.2265 -0.8253
vn -0.4695 0.2701 -0.8406
vn -0.5641 0.1840 -0.8049
vn -0.5571 0.2604 -0.7886
vn -0.8219 0.4150 -0.3903
vn 0.2891 0.7306 -0.6186
vn -0.3858 0.5113 -0.7680
vn 0.2038 0.4452 -0.8719
vn -0.0047 0.0716 -0.9974
vn -0.0709 0.0547 -0.9960
vn -0.0711 0.1179 -0.9905
vn -0.0710 -0.0086 -0.9974
vn -0.1374 0.0419 -0.9896
vn -0.2879 0.6601 -0.6938
vn -0.1543 0.3785 -0.9127
vn -0.2339 0.3715 -0.8985
vn -0.1959 0.4225 -0.8849
vn -0.1599 0.4733 -0.8663
vn -0.2381 0.4628 -0.8539
vn -0.5144 -0.2414 -0.8229
vn -0.5680 -0.2464 -0.7852
vn -0.5671 -0.1848 -0.8026
vn -0.5650 -0.3071 -0.7658
vn -0.6191 -0.2493 -0.7447
vn -0.1917 0.4257 -0.8843
vn -0.2404 0.0040 -0.9707
vn -0.2928 -0.0326 -0.9556
vn -0.3140 0.0271 -0.9490
vn -0.2702 -0.0918 -0.9584
vn -0.3428 -0.0700 -0.9368
vn -0.6031 0.1113 -0.7899
vn -0.6025 0.0311 -0.7975
vn -0.6422 0.0684 -0.7635
vn -0.6791 0.1051 -0.7264
vn -0.6786 0.0257 -0.7341
vn -0.1960 0.9411 -0.2755
vn -0.3532 0.5810 -0.7333
vn -0.4248 0.5511 -0.7182
vn -0.4002 0.6032 -0.6899
vn -0.3754 0.6528 -0.6580
vn -0.4476 0.6193 -0.6451
vn -0.3759 -0.0103 -0.9266
vn -0.4344 -0.0175 -0.9006
vn -0.4259 0.0472 -0.9035
vn -0.4421 -0.0817 -0.8932
vn -0.4907 -0.0246 -0.8710
vn -0.8806 -0.0059 -0.4738
vn 0.6199 0.7039 -0.3466
vn 0.1480 0.6830 -0.7153
vn 0.0790 0.7155 -0.6941
vn 0.1366 0.7290 -0.6708
vn 0.1936 0.7393 -0.6450
vn 0.1244 0.7716 -0.6239
vn -0.1635 0.3011 -0.9395
vn -0.1760 0.3592 -0.9165
vn -0.1097 0.3611 -0.9260
vn -0.2411 0.3586 -0.9018
vn -0.1870 0.4155 -0.8902
vn -0.2194 0.8313 -0.5107
vn -0.2972 0.8091 -0.5069
vn -0.2622 0.8452 -0.4658
vn -0.2276 0.8777 -0.4218
vn -0.3040 0.8554 -0.4195
vn 0.2550 0.8340 -0.4894
vn -0.1660 0.1081 -0.9802
vn -0.2203 0.0724 -0.9727
vn -0.2391 0.1323 -0.9619
vn -0.2004 0.0126 -0.9796
vn -0.2740 0.0377 -0.9610
vn -0.6071 0.3229 -0.7261
vn -0.6405 0.2489 -0.7265
vn -0.6569 0.3008 -0.6914
vn -0.6694 0.3521 -0.6542
vn -0.7038 0.2798 -0.6530
vn -0.2175 0.0092 -0.9760
vn -0.3042 0.5699 -0.7633
vn -0.5408 0.5419 -0.6434
vn -0.2707 0.2861 -0.9192
vn -0.3292 0.2306 -0.9157
vn -0.3318 0.2919 -0.8970
vn -0.3352 0.3515 -0.8741
vn -0.3913 0.2955 -0.8715
vn -0.1347 -0.1676 -0.9766
vn -0.1535 -0.2284 -0.9614
vn -0.2080 -0.1959 -0.9583
vn -0.0985 -0.2595 -0.9607
vn -0.1709 -0.2880 -0.9423
vn -0.3912 -0.2824 -0.8759
vn 0.0950 0.5439 -0.8337
vn 0.1501 0.5665 -0.8103
vn 0.1687 0.5126 -0.8419
vn 0.1289 0.6175 -0.7759
vn 0.2050 0.5854 -0.7844
vn -0.0393 0.5074 -0.8608
vn 0.0136 -0.2568 -0.9664
vn -0.0269 -0.3100 -0.9503
vn -0.0684 -0.2634 -0.9623
vn 0.0149 -0.3551 -0.9347
vn -0.0712 -0.3586 -0.9308
vn -0.5056 0.3000 -0.8090
vn 0.2649 0.7468 -0.6100
vn 0.3133 0.7612 -0.5678
vn 0.3390 0.7183 -0.6076
vn 0.2873 0.8009 -0.5254
vn 0.3608 0.7715 -0.5241
vn 0.5657 0.1559 -0.8097
vn 0.5678 0.2329 -0.7895
vn 0.6081 0.1869 -0.7715
vn 0.6459 0.1406 -0.7503
vn 0.6478 0.2165 -0.7303
vn 0.0804 0.3055 -0.9488
vn 0.0865 0.3680 -0.9258
vn 0.1465 0.3439 -0.9275
vn 0.0271 0.3925 -0.9194
vn 0.0947 0.4280 -0.8988
vn 0.3939 0.6664 -0.6330
vn 0.8052 -0.5661 -0.1763
vn 0.3866 0.6074 -0.6939
vn 0.4376 0.6172 -0.6538
vn 0.4539 0.5656 -0.6885
vn 0.4208 0.6661 -0.6158
vn 0.4869 0.6235 -0.6117
vn 0.6530 0.0216 -0.7571
vn 0.3838 0.2153 -0.8980
vn 0.6563 0.4319 -0.6187
vn 0.6020 0.4888 -0.6313
vn 0.6479 0.4861 -0.5864
vn 0.6913 0.4804 -0.5397
vn 0.6372 0.5380 -0.5519
vn 0.2941 -0.9371 -0.1883
vn 0.8655 0.2000 -0.4592
vn 0.6714 -0.4727 -0.5708
vn 0.6499 0.0870 -0.7550
vn 0.6955 0.0655 -0.7155
vn 0.6699 0.0116 -0.7423
vn 0.7177 0.1193 -0.6861
vn 0.7378 0.0431 -0.6736
vn 0.9062 -0.0397 -0.4209
vn 0.8579 0.2253 -0.4618
vn -0.4418 0.3458 -0.8278
vn 0.2969 0.1020 -0.9494
vn 0.2848 0.1804 -0.9414
vn 0.3385 0.1487 -0.9292
vn 0.3903 0.1159 -0.9134
vn 0.3766 0.1960 -0.9054
vn -0.1618 -0.0862 -0.9830
vn -0.1354 0.5224 -0.8419
vn 0.3082 -0.3643 -0.8788
vn 0.2450 0.3274 -0.9126
vn 0.2978 0.3558 -0.8858
vn 0.3184 0.2975 -0.9000
vn 0.2760 0.4125 -0.8682
vn 0.3493 0.3821 -0.8556
vn 0.4006 -0.2422 -0.8837
vn 0.0050 0.1268 -0.9919
vn 0.4238 0.1930 -0.8849
vn 0.9627 -0.0101 -0.2705
vn 0.7483 0.4448 -0.4921
vn 0.7025 0.5101 -0.4963
vn 0.7452 0.4935 -0.4484
vn 0.7837 0.4778 -0.3969
vn 0.7378 0.5406 -0.4043
vn 0.0026 0.8958 -0.4445
vn 0.0439 0.9162 -0.3982
vn 0.0813 0.8915 -0.4458
vn 0.0056 0.9368 -0.3498
vn 0.0861 0.9321 -0.3518
vn 0.5346 0.5862 -0.6088
vn 0.0647 0.6279 -0.7756
vn 0.2825 0.9218 -0.2656
vn -0.9820 0.0808 -0.1710
vn 0.0830 -0.9614 -0.2625
vn 0.0483 -0.9768 -0.2088
vn 0.0046 -0.9670 -0.2546
vn 0.0920 -0.9824 -0.1627
vn 0.0121 -0.9878 -0.1555
vn -0.6448 -0.5682 -0.5113
vn -0.5943 -0.6284 -0.5018
vn -0.6426 -0.6113 -0.4620
vn -0.6874 -0.5935 -0.4186
vn -0.6360 -0.6524 -0.4121
vn 0.0289 -0.6790 -0.7335
vn 0.0002 -0.7206 -0.6933
vn -0.0496 -0.6885 -0.7235
vn 0.0481 -0.7508 -0.6588
vn -0.0302 -0.7581 -0.6514
vn -0.1194 -0.9547 -0.2726
vn -0.1802 0.6341 -0.7520
vn -0.4013 -0.2193 -0.8893
vn -0.0594 0.3614 -0.9305
vn -0.1394 0.3635 -0.9211
vn -0.0973 0.4090 -0.9074
vn -0.0546 0.4524 -0.8901
vn -0.1341 0.4547 -0.8805
vn 0.0661 0.0414 -0.9970
vn -0.3995 0.0502 -0.9154
vn -0.4009 -0.0295 -0.9156
vn -0.4467 0.0122 -0.8946
vn -0.4886 0.0560 -0.8707
vn -0.4926 -0.0241 -0.8699
vn -0.8643 0.4032 -0.3005
vn -0.8614 0.4425 -0.2494
vn -0.8273 0.4789 -0.2935
vn -0.8912 0.4056 -0.2032
vn -0.8563 0.4778 -0.1962
vn -0.7103 0.0000 -0.7039
vn -0.1082 -0.1757 -0.9785
vn -0.1328 -0.2333 -0.9633
vn -0.1860 -0.1930 -0.9634
vn -0.0814 -0.2751 -0.9580
vn -0.1573 -0.2892 -0.9443
vn -0.4645 -0.7504 -0.4703
vn -0.8214 -0.0317 -0.5695
vn -0.8504 0.0045 -0.5261
vn -0.8238 0.0471 -0.5649
vn -0.8738 -0.0375 -0.4849
vn -0.8757 0.0408 -0.4811
vn -0.6225 -0.3031 -0.7215
vn -0.5864 -0.3733 -0.7189
vn -0.6371 -0.3552 -0.6840
vn -0.6851 -0.3352 -0.6468
vn -0.6467 -0.4068 -0.6452
vn -0.0834 -0.3206 -0.9435
vn -0.4484 -0.7729 -0.4490
vn -0.5959 0.5645 -0.5711
vn -0.5953 0.6083 -0.5250
vn -0.5444 0.6240 -0.5606
vn -0.6433 0.5910 -0.4868
vn -0.5918 0.6495 -0.4774
vn -0.5060 -0.0196 -0.8623
vn -0.5052 -0.0984 -0.8574
vn -0.5491 -0.0586 -0.8337
vn -0.5910 -0.0193 -0.8064
vn -0.5890 -0.0980 -0.8022
vn -0.0541 -0.3563 -0.9328
vn -0.6206 -0.4313 -0.6548
vn -0.5636 -0.4872 -0.6670
vn -0.6112 -0.4868 -0.6241
vn -0.6561 -0.4844 -0.5787
vn -0.5990 -0.5400 -0.5912
vn -0.7000 0.1582 -0.6964
vn 0.0026 -0.1892 -0.9819
vn 0.0132 -0.2523 -0.9675
vn -0.0513 -0.2460 -0.9679
vn 0.0772 -0.2599 -0.9625
vn 0.0222 -0.3142 -0.9491
vn -0.3648 -0.6791 -0.6370
vn -0.7730 -0.1786 -0.6087
vn -0.8078 -0.1395 -0.5727
vn -0.7811 -0.1003 -0.6163
vn -0.8301 -0.1797 -0.5278
vn -0.8390 -0.0997 -0.5349
vn -0.3932 -0.2570 -0.8828
vn 0.2707 -0.2712 -0.9237
vn 0.2917 -0.3286 -0.8983
vn 0.2301 -0.3393 -0.9121
vn 0.3517 -0.3150 -0.8815
vn 0.3089 -0.3853 -0.8696
vn 0.0618 -0.5569 -0.8282
vn 0.1419 -0.5460 -0.8257
vn 0.1063 -0.5930 -0.7981
vn 0.0688 -0.6366 -0.7681
vn 0.1480 -0.6281 -0.7640
vn -0.5038 -0.2170 -0.8361
vn -0.5516 -0.1814 -0.8141
vn -0.5156 -0.1381 -0.8456
vn -0.5866 -0.2221 -0.7788
vn -0.5968 -0.1451 -0.7892
vn -0.4141 -0.3135 -0.8546
vn -0.3726 -0.3810 -0.8462
vn -0.4307 -0.3701 -0.8231
vn -0.4870 -0.3584 -0.7965
vn -0.4422 -0.4262 -0.7892
vn 0.3480 -0.1826 -0.9195
vn 0.0719 -0.6149 -0.7853
vn 0.1493 -0.5949 -0.7898
vn 0.1220 -0.6429 -0.7562
vn 0.0921 -0.6874 -0.7204
vn 0.1702 -0.6691 -0.7235
vn 0.7817 -0.5549 -0.2848
vn 0.7653 -0.5972 -0.2402
vn 0.7300 -0.6177 -0.2924
vn 0.7963 -0.5757 -0.1860
vn 0.7463 -0.6366 -0.1945
vn 0.6829 0.1447 -0.7160
vn 0.3015 0.5224 -0.7976
vn 0.5017 0.6504 -0.5703
vn 0.6592 -0.5642 -0.4972
vn 0.5363 -0.2217 -0.8144
vn 0.5769 -0.1529 -0.8024
vn 0.5903 -0.2122 -0.7788
vn 0.6040 -0.2690 -0.7503
vn 0.6415 -0.2001 -0.7406
vn 0.3031 0.2118 -0.9291
vn 0.3429 0.2562 -0.9037
vn 0.3769 0.2015 -0.9041
vn 0.3070 0.3092 -0.9001
vn 0.3815 0.2988 -0.8747
vn 0.7514 0.3194 -0.5774
vn 0.7638 -0.2933 -0.5749
vn 0.3703 -0.1127 -0.9220
vn 0.4104 -0.0441 -0.9108
vn 0.4320 -0.1020 -0.8961
vn 0.4526 -0.1590 -0.8774
vn 0.4908 -0.0869 -0.8669
vn 0.0145 0.1590 -0.9872
vn -0.0227 0.2117 -0.9771
vn 0.0364 0.2342 -0.9715
vn -0.0813 0.1878 -0.9788
vn -0.0592 0.2634 -0.9629
vn 0.2593 0.6107 -0.7482
vn -0.2116 -0.8713 -0.4427
vn 0.6523 -0.6944 -0.3039
vn 0.6293 -0.7334 -0.2571
vn 0.5914 -0.7451 -0.3084
vn 0.6636 -0.7198 -0.2040
vn 0.6033 -0.7693 -0.2101
vn -0.0298 -0.8572 -0.5142
vn 0.3434 -0.5531 -0.7590
vn 0.4332 -0.8458 -0.3114
vn 0.4986 -0.8030 -0.3266
vn 0.4814 -0.8333 -0.2718
vn 0.4609 -0.8606 -0.2167
vn 0.5269 -0.8180 -0.2307
vn -0.6592 -0.6271 -0.4150
vn 0.0297 -0.8533 -0.5206
vn -0.6396 -0.5248 -0.5617
vn -0.2248 -0.4999 -0.8364
vn -0.2767 -0.5225 -0.8065
vn -0.2986 -0.4673 -0.8321
vn -0.2526 -0.5751 -0.7781
vn -0.3266 -0.5434 -0.7733
vn -0.1951 -0.8223 -0.5346
vn 0.7366 -0.3200 -0.5959
vn 0.0026 -0.6739 -0.7388
vn 0.0807 -0.6781 -0.7305
vn 0.0370 -0.7135 -0.6996
vn -0.0064 -0.7461 -0.6658
vn 0.0730 -0.7490 -0.6586
vn 0.5031 -0.2853 -0.8157
vn 0.6111 -0.6482 -0.4543
vn -0.8195 -0.3336 -0.4660
vn -0.4235 -0.4218 -0.8017
vn -0.3646 -0.4755 -0.8006
vn -0.4222 -0.4786 -0.7699
vn -0.4770 -0.4824 -0.7347
vn -0.4176 -0.5332 -0.7357
vn 0.0708 -0.4558 -0.8872
vn 0.0645 -0.5116 -0.8568
vn 0.0028 -0.4931 -0.8700
vn 0.1259 -0.5271 -0.8404
vn 0.0571 -0.5648 -0.8232
vn 0.0691 -0.9344 -0.3494
vn -0.0064 -0.4299 -0.9028
vn -0.2796 -0.8122 -0.5120
vn -0.2032 -0.8342 -0.5126
vn -0.2480 -0.8478 -0.4688
vn -0.2916 -0.8578 -0.4232
vn -0.2139 -0.8794 -0.4252
vn -0.8167 -0.0006 -0.5771
vn -0.7332 -0.2100 -0.6468
vn -0.1061 -0.3597 -0.9270
vn -0.1228 -0.4170 -0.9005
vn -0.1781 -0.3836 -0.9062
vn -0.0679 -0.4495 -0.8907
vn -0.1409 -0.4716 -0.8705
vn -0.5824 -0.6129 -0.5340
vn -0.5206 -0.6646 -0.5361
vn -0.5679 -0.6598 -0.4922
vn -0.6135 -0.6507 -0.4474
vn -0.5492 -0.7042 -0.4499
vn -0.4912 -0.7180 -0.4931
vn 0.4531 -0.7954 -0.4026
vn -0.2671 -0.7066 -0.6553
vn -0.1942 -0.7380 -0.6463
vn -0.2469 -0.7509 -0.6125
vn -0.2980 -0.7613 -0.5758
vn -0.2264 -0.7919 -0.5671
vn 0.1960 -0.5154 -0.8342
vn 0.2886 -0.8466 -0.4473
vn 0.3614 -0.8146 -0.4537
vn 0.3358 -0.8508 -0.4042
vn 0.3061 -0.8834 -0.3549
vn 0.3801 -0.8526 -0.3585
vn -0.2969 -0.7014 -0.6480
vn -0.2231 -0.7317 -0.6441
vn -0.2732 -0.7463 -0.6069
vn -0.3233 -0.7565 -0.5685
vn -0.2481 -0.7878 -0.5638
vn 0.4184 -0.4033 -0.8138
vn 0.4235 -0.4599 -0.7805
vn 0.3658 -0.4620 -0.8079
vn 0.4791 -0.4560 -0.7500
vn 0.4249 -0.5146 -0.7447
vn -0.3618 -0.4618 -0.8099
vn -0.3135 -0.5232 -0.7925
vn -0.3729 -0.5153 -0.7716
vn -0.4306 -0.5056 -0.7476
vn -0.3793 -0.5674 -0.7309
vn 0.0079 -0.1992 -0.9799
vn 0.0115 -0.2609 -0.9653
vn -0.0528 -0.2506 -0.9666
vn 0.0753 -0.2711 -0.9596
vn 0.0152 -0.3211 -0.9469
vn 0.2232 -0.6544 -0.7225
vn -0.1800 -0.5911 -0.7863
vn 0.5158 -0.1157 -0.8489
vn 0.5510 -0.1623 -0.8185
vn 0.5007 -0.1942 -0.8436
vn 0.5998 -0.1321 -0.7892
vn 0.5827 -0.2089 -0.7854
vn -0.0946 -0.5601 -0.8230
vn 0.3041 -0.1044 -0.9469
vn 0.3626 -0.1221 -0.9239
vn 0.3296 -0.1766 -0.9275
vn 0.3934 -0.0669 -0.9169
vn 0.4188 -0.1402 -0.8972
vn 0.4076 -0.5497 -0.7292
vn 0.4623 -0.4916 -0.7380
vn 0.4639 -0.5431 -0.6999
vn 0.4633 -0.5923 -0.6592
vn 0.5180 -0.5344 -0.6679
vn 0.1966 -0.0349 -0.9799
vn 0.5551 -0.4630 -0.6911
vn -0.5510 -0.6737 -0.4924
vn -0.5935 -0.6704 -0.4453
vn -0.6122 -0.6245 -0.4850
vn -0.5727 -0.7134 -0.4038
vn -0.6335 -0.6642 -0.3969
vn -0.2853 -0.6026 -0.7453
vn -0.2138 -0.6358 -0.7417
vn -0.2659 -0.6533 -0.7089
vn -0.3163 -0.6688 -0.6728
vn -0.2443 -0.7007 -0.6704
vn 0.1971 -0.4344 -0.8789
vn 0.2148 -0.8585 -0.4657
vn 0.2884 -0.8292 -0.4788
vn 0.2668 -0.8630 -0.4290
vn 0.2443 -0.8932 -0.3775
vn 0.3174 -0.8640 -0.3908
vn -0.8606 -0.4078 -0.3050
vn -0.2780 -0.2996 -0.9127
vn -0.0348 0.0584 -0.9977
vn 0.0147 0.1004 -0.9948
vn 0.0448 0.0442 -0.9980
vn -0.0147 0.1562 -0.9876
vn 0.0647 0.1407 -0.9879
vn 0.3520 -0.5112 -0.7841
vn -0.7080 -0.2498 -0.6605
vn -0.7489 -0.2145 -0.6270
vn -0.7230 -0.1728 -0.6689
vn -0.7702 -0.2571 -0.5837
vn -0.7864 -0.1784 -0.5915
vn 0.1522 -0.1636 -0.9747
vn 0.2048 -0.2002 -0.9581
vn 0.1559 -0.2415 -0.9578
vn 0.2518 -0.1571 -0.9549
vn 0.2547 -0.2379 -0.9373
vn 0.0439 -0.5999 -0.7988
vn 0.1243 -0.5947 -0.7943
vn 0.0850 -0.6374 -0.7658
vn 0.0444 -0.6766 -0.7350
vn 0.1234 -0.6734 -0.7289
vn 0.2879 -0.7000 -0.6535
vn 0.2562 -0.7427 -0.6187
vn 0.2107 -0.7217 -0.6593
vn 0.2987 -0.7620 -0.5745
vn 0.2234 -0.7820 -0.5818
vn 0.1613 -0.5282 -0.8337
vn 0.2391 -0.5106 -0.8259
vn 0.2097 -0.5610 -0.8008
vn 0.1800 -0.6091 -0.7724
vn 0.2594 -0.5885 -0.7658
vn 0.2102 0.2371 -0.9485
vn 0.5538 0.0112 -0.8326
vn 0.5344 0.0884 -0.8406
vn 0.5850 0.0620 -0.8087
vn 0.6321 0.0327 -0.7742
vn 0.6149 0.1109 -0.7808
vn -0.4431 -0.5034 -0.7418
vn -0.1440 -0.4565 -0.8780
vn -0.0753 -0.4958 -0.8652
vn -0.1340 -0.5131 -0.8478
vn -0.1916 -0.5287 -0.8269
vn -0.1225 -0.5671 -0.8145
vn 0.1996 0.0155 -0.9798
vn 0.3431 -0.5416 -0.7674
vn -0.6316 0.6896 -0.3543
vn -0.4763 0.1186 -0.8713
vn -0.5134 0.0485 -0.8568
vn -0.5328 0.1089 -0.8392
vn -0.5531 0.1670 -0.8162
vn -0.5865 0.0968 -0.8041
vn -0.2601 -0.3984 -0.8796
vn -0.2916 -0.4449 -0.8467
vn -0.3346 -0.3976 -0.8544
vn -0.2470 -0.4897 -0.8361
vn -0.3224 -0.4888 -0.8106
vn -0.6997 -0.4439 -0.5598
vn -0.7970 0.5923 -0.1183
vn -0.8529 0.2160 -0.4753
vn -0.8755 0.1413 -0.4621
vn -0.8861 0.1904 -0.4225
vn -0.8938 0.2376 -0.3804
vn -0.9151 0.1604 -0.3700
vn -0.4746 -0.2263 -0.8506
vn -0.5287 -0.2294 -0.8172
vn -0.5267 -0.1657 -0.8338
vn -0.5297 -0.2916 -0.7965
vn -0.5802 -0.2326 -0.7805
vn -0.8279 -0.4611 -0.3194
vn -0.3749 0.8403 -0.3915
vn -0.4400 0.3537 -0.8254
vn -0.5060 0.3167 -0.8022
vn -0.4881 0.3761 -0.7876
vn -0.4681 0.4337 -0.7699
vn -0.5340 0.3963 -0.7468
vn -0.2703 -0.0644 -0.9606
vn -0.3290 -0.0836 -0.9406
vn -0.3322 -0.0180 -0.9430
vn -0.3270 -0.1488 -0.9332
vn -0.3865 -0.1007 -0.9168
vn -0.7490 0.0293 -0.6620
vn -0.7466 -0.0515 -0.6633
vn -0.7806 -0.0115 -0.6250
vn -0.8117 0.0272 -0.5834
vn -0.8089 -0.0520 -0.5857
vn -0.6856 0.0561 -0.7258
vn -0.7076 -0.0173 -0.7064
vn -0.7310 0.0368 -0.6814
vn -0.7521 0.0900 -0.6529
vn -0.7724 0.0153 -0.6350
vn -0.2398 -0.2786 -0.9300
vn -0.2780 -0.3235 -0.9045
vn -0.3159 -0.2705 -0.9094
vn -0.2398 -0.3755 -0.8952
vn -0.3153 -0.3664 -0.8754
vn -0.5388 -0.6061 -0.5852
vn -0.4745 -0.6549 -0.5882
vn -0.5234 -0.6547 -0.5454
vn -0.5705 -0.6506 -0.5012
vn -0.5083 -0.6997 -0.5019
vn -0.3986 0.7384 -0.5439
vn -0.3832 0.2151 -0.8983
vn -0.1010 -0.1386 -0.9852
vn -0.7388 -0.1594 -0.6548
vn -0.9509 0.2409 -0.1941
vn -0.4647 -0.5335 -0.7067
vn -0.5126 -0.5439 -0.6644
vn -0.5346 -0.4874 -0.6905
vn -0.4900 -0.5977 -0.6345
vn -0.5566 -0.5544 -0.6188
vn -0.5557 -0.8309 -0.0276
vn -0.2223 0.5158 -0.8274
vn -0.2979 0.4953 -0.8160
vn -0.2678 0.5470 -0.7931
vn -0.2353 0.5958 -0.7679
vn -0.3121 0.5755 -0.7559
vn -0.2998 -0.0949 -0.9493
vn -0.3611 -0.1011 -0.9270
vn -0.3524 -0.0381 -0.9351
vn -0.3687 -0.1635 -0.9151
vn -0.4205 -0.1051 -0.9012
vn -0.6860 0.2867 -0.6687
vn -0.7157 0.2125 -0.6653
vn -0.7310 0.2642 -0.6292
vn -0.7421 0.3156 -0.5914
vn -0.7726 0.2393 -0.5881
vn 0.3410 0.5130 -0.7877
vn 0.0798 0.0854 -0.9931
vn 0.0235 0.0544 -0.9982
vn 0.0050 0.1153 -0.9933
vn 0.0408 -0.0067 -0.9991
vn -0.0328 0.0241 -0.9992
vn -0.3604 0.5371 -0.7627
vn 0.3572 0.7252 -0.5886
vn 0.4026 0.7352 -0.5453
vn 0.4280 0.6907 -0.5829
vn 0.3764 0.7766 -0.5051
vn 0.4465 0.7418 -0.5004
vn 0.1410 0.3996 -0.9058
vn 0.0695 0.4342 -0.8981
vn 0.1254 0.4587 -0.8797
vn 0.1811 0.4805 -0.8581
vn 0.1063 0.5149 -0.8506
vn -0.1505 -0.0125 -0.9885
vn -0.5135 0.4390 -0.7373
vn -0.1100 0.4128 -0.9042
vn -0.1834 0.3807 -0.9063
vn -0.1663 0.4376 -0.8836
vn -0.1481 0.4925 -0.8576
vn -0.2221 0.4595 -0.8600
vn 0.2739 -0.0913 -0.9574
vn -0.3615 -0.1653 -0.9176
vn -0.3029 -0.2197 -0.9274
vn -0.3620 -0.2279 -0.9039
vn -0.4194 -0.2351 -0.8769
vn -0.3606 -0.2891 -0.8868
vn 0.0005 -0.0281 -0.9996
vn -0.0584 -0.0555 -0.9967
vn -0.0721 0.0066 -0.9974
vn -0.0454 -0.1174 -0.9920
vn -0.1171 -0.0815 -0.9898
vn -0.3312 0.6107 -0.7192
vn -0.0787 0.9068 -0.4141
vn -0.0391 0.9285 -0.3694
vn 0.0009 0.9094 -0.4160
vn -0.0790 0.9436 -0.3215
vn 0.0005 0.9462 -0.3236
vn -0.3891 0.3406 -0.8559
vn -0.1608 -0.1201 -0.9796
vn -0.1964 -0.1737 -0.9650
vn -0.2385 -0.1255 -0.9630
vn -0.1524 -0.2199 -0.9635
vn -0.2328 -0.2247 -0.9462
vn -0.6898 -0.0445 -0.7226
vn -0.6846 -0.1252 -0.7181
vn -0.7234 -0.0850 -0.6851
vn -0.7584 -0.0433 -0.6503
vn -0.7550 -0.1230 -0.6441
vn -0.3918 -0.8102 -0.4360
vn -0.3236 -0.8470 -0.4218
vn -0.3739 -0.8456 -0.3810
vn -0.4214 -0.8418 -0.3374
vn -0.3507 -0.8776 -0.3268
vn 0.6102 -0.6960 -0.3784
vn 0.5933 -0.7346 -0.3293
vn 0.5497 -0.7468 -0.3744
vn 0.6341 -0.7197 -0.2827
vn 0.5739 -0.7699 -0.2792
vn -0.2028 -0.8473 -0.4910
vn 0.2040 -0.6311 -0.7484
vn 0.3246 -0.9152 -0.2387
vn -0.4867 -0.6397 -0.5949
vn -0.4311 -0.6938 -0.5769
vn -0.4855 -0.6827 -0.5461
vn -0.5380 -0.6685 -0.5136
vn -0.4819 -0.7227 -0.4954
vn 0.3412 -0.6082 -0.7167
vn 0.3345 -0.6582 -0.6744
vn 0.2777 -0.6539 -0.7037
vn 0.3892 -0.6611 -0.6414
vn 0.3245 -0.7053 -0.6303
vn -0.3789 -0.3553 -0.8545
vn -0.3409 -0.4247 -0.8387
vn -0.4014 -0.4069 -0.8206
vn -0.4604 -0.3907 -0.7971
vn -0.4204 -0.4571 -0.7838
vn 0.0182 -0.2043 -0.9787
vn 0.0036 -0.2645 -0.9644
vn -0.0586 -0.2377 -0.9696
vn 0.0636 -0.2937 -0.9538
vn -0.0107 -0.3232 -0.9463
vn 0.0695 -0.7856 -0.6148
vn 0.0383 -0.7154 -0.6977
vn 0.1143 -0.7254 -0.6787
vn 0.0645 -0.7555 -0.6519
vn 0.0153 -0.7831 -0.6218
vn 0.0924 -0.7913 -0.6044
vn 0.7266 -0.2339 -0.6460
vn 0.7480 -0.2776 -0.6029
vn 0.7050 -0.3092 -0.6383
vn 0.7878 -0.2451 -0.5651
vn 0.7654 -0.3206 -0.5580
vn 0.1650 -0.5866 -0.7929
vn 0.2433 -0.5844 -0.7741
vn 0.1992 -0.6261 -0.7539
vn 0.1550 -0.6654 -0.7302
vn 0.2312 -0.6633 -0.7117
vn 0.4144 -0.1509 -0.8975
vn 0.4597 -0.1878 -0.8680
vn 0.4103 -0.2284 -0.8829
vn 0.5083 -0.1486 -0.8482
vn 0.5010 -0.2257 -0.8355
vn 0.6393 -0.6819 -0.3556
vn -0.5904 0.1713 -0.7887
vn -0.6645 0.5429 -0.5136
vn -0.7062 0.4760 -0.5241
vn -0.7099 0.5192 -0.4759
vn -0.7092 0.5613 -0.4267
vn -0.7523 0.4930 -0.4370
vn 0.1425 0.9891 -0.0364
vn 0.1751 0.9844 0.0182
vn 0.2192 0.9753 -0.0266
vn 0.1302 0.9895 0.0626
vn 0.2079 0.9755 0.0717
vn -0.2579 0.8789 -0.4012
vn -0.4884 0.4071 -0.7718
vn -0.4990 0.4585 -0.7354
vn -0.4413 0.4740 -0.7620
vn -0.5542 0.4425 -0.7050
vn -0.5087 0.5070 -0.6958
vn -0.8019 0.5541 -0.2234
vn -0.0566 0.6558 -0.7528
vn -0.1357 0.6445 -0.7525
vn -0.1006 0.6885 -0.7182
vn -0.0679 0.7305 -0.6795
vn -0.1449 0.7172 -0.6816
vn -0.4609 0.3261 -0.8253
vn -0.4808 0.3764 -0.7919
vn -0.4229 0.3953 -0.8154
vn -0.5363 0.3551 -0.7657
vn -0.4981 0.4251 -0.7557
vn -0.7979 0.4806 -0.3639
vn 0.0170 0.9156 -0.4016
vn -0.1356 0.5910 -0.7952
vn -0.2121 0.5731 -0.7916
vn -0.1838 0.6224 -0.7608
vn -0.1567 0.6695 -0.7261
vn -0.2335 0.6480 -0.7250
vn -0.2659 -0.1568 -0.9512
vn -0.8410 0.2320 -0.4888
vn -0.8525 0.1521 -0.5002
vn -0.8724 0.1890 -0.4507
vn -0.8881 0.2262 -0.4002
vn -0.8993 0.1426 -0.4134
vn -0.0765 0.5550 -0.8283
vn -0.2276 0.1158 -0.9668
vn -0.6500 0.5684 -0.5045
vn -0.7000 0.5059 -0.5041
vn -0.6945 0.5528 -0.4605
vn -0.6861 0.5973 -0.4152
vn -0.7365 0.5332 -0.4163
vn -0.2224 0.9320 -0.2861
vn -0.1865 0.9533 -0.2376
vn -0.1448 0.9469 -0.2871
vn -0.2274 0.9556 -0.1872
vn -0.1494 0.9705 -0.1890
vn -0.5712 0.4364 -0.6952
vn -0.3544 -0.1091 -0.9287
vn -0.4131 -0.1029 -0.9048
vn -0.3957 -0.0384 -0.9176
vn -0.4323 -0.1653 -0.8865
vn -0.4697 -0.0957 -0.8776
vn -0.9403 0.0754 -0.3320
vn -0.2042 0.9368 -0.2840
vn -0.1777 0.9571 -0.2289
vn -0.1192 0.9550 -0.2717
vn -0.2328 0.9553 -0.1824
vn -0.1525 0.9732 -0.1722
vn -0.5415 0.3370 -0.7702
vn -0.1730 -0.2698 -0.9472
vn -0.2256 -0.3008 -0.9266
vn -0.2474 -0.2403 -0.9387
vn -0.2057 -0.3607 -0.9097
vn -0.2772 -0.3298 -0.9024
vn -0.8067 -0.2920 -0.5138
vn 0.0823 0.9198 -0.3836
vn 0.1190 0.9350 -0.3340
vn 0.1610 0.9124 -0.3763
vn 0.0777 0.9540 -0.2896
vn 0.1554 0.9463 -0.2836
vn 0.0504 0.1660 -0.9848
vn -0.3766 0.2987 -0.8769
vn -0.0722 0.8791 -0.4712
vn -0.0397 0.9052 -0.4232
vn 0.0059 0.8863 -0.4631
vn -0.0848 0.9204 -0.3816
vn -0.0070 0.9274 -0.3741
vn -0.2040 0.5275 -0.8247
vn -0.2783 0.5013 -0.8193
vn -0.2538 0.5543 -0.7927
vn -0.2293 0.6049 -0.7626
vn -0.3029 0.5775 -0.7581
vn -0.4298 0.0408 -0.9020
vn -0.7305 0.2789 -0.6233
vn -0.7421 0.2012 -0.6394
vn -0.7688 0.2378 -0.5936
vn -0.7922 0.2735 -0.5456
vn -0.8039 0.1961 -0.5616
vn -0.1151 0.9625 -0.2457
vn 0.1882 -0.0592 -0.9803
vn 0.1989 -0.1223 -0.9724
vn 0.1361 -0.1204 -0.9834
vn 0.2605 -0.1244 -0.9574
vn 0.2077 -0.1847 -0.9606
vn -0.4371 -0.2617 -0.8605
vn -0.1373 0.8055 -0.5765
vn -0.0983 0.8373 -0.5378
vn -0.0591 0.8117 -0.5810
vn -0.1382 0.8589 -0.4932
vn -0.0590 0.8656 -0.4973
vn -0.2108 0.3196 -0.9238
vn 0.0102 -0.1290 -0.9916
vn 0.0057 -0.1938 -0.9810
vn -0.0561 -0.1756 -0.9829
vn 0.0680 -0.2087 -0.9756
vn -0.0014 -0.2573 -0.9663
vn -0.5998 -0.0486 -0.7986
vn -0.5944 -0.1291 -0.7938
vn -0.6372 -0.0897 -0.7655
vn -0.6764 -0.0487 -0.7349
vn -0.6729 -0.1281 -0.7285
vn -0.6015 0.4906 -0.6305
vn -0.5965 0.5413 -0.5926
vn -0.5450 0.5500 -0.6329
vn -0.6441 0.5335 -0.5482
vn -0.5888 0.5896 -0.5528
vn -0.3627 0.2592 -0.8951
vn -0.4123 0.1963 -0.8897
vn -0.4239 0.2552 -0.8690
vn -0.4339 0.3128 -0.8449
vn -0.4829 0.2466 -0.8402
vn 0.1111 -0.0399 -0.9930
vn -0.4575 -0.3990 -0.7947
vn -0.3963 -0.4503 -0.8001
vn -0.4515 -0.4565 -0.7666
vn -0.5054 -0.4585 -0.7310
vn -0.4450 -0.5116 -0.7350
vn 0.9753 0.1578 -0.1548
vn 0.4341 0.4980 -0.7507
vn 0.3917 0.5612 -0.7291
vn 0.4495 0.5445 -0.7082
vn 0.5052 0.5255 -0.6846
vn 0.4627 0.5885 -0.6630
vn -0.1531 0.4331 -0.8882
vn -0.1569 0.4902 -0.8573
vn -0.0932 0.4822 -0.8711
vn -0.2193 0.4985 -0.8387
vn -0.1583 0.5450 -0.8233
vn 0.1290 0.7982 -0.5884
vn 0.0488 0.8079 -0.5873
vn 0.0941 0.8317 -0.5472
vn 0.1376 0.8525 -0.5042
vn 0.0589 0.8615 -0.5043
vn 0.8795 0.4247 -0.2149
vn 0.5257 0.5880 -0.6147
vn 0.4729 0.6452 -0.6001
vn 0.5262 0.6333 -0.5675
vn 0.5770 0.6194 -0.5323
vn 0.5227 0.6764 -0.5189
vn -0.0313 0.4335 -0.9006
vn -0.0186 0.4891 -0.8720
vn 0.0403 0.4644 -0.8847
vn -0.0768 0.5122 -0.8554
vn -0.0058 0.5423 -0.8401
vn -0.0394 0.8478 -0.5289
vn -0.1195 0.8383 -0.5319
vn -0.0840 0.8693 -0.4872
vn -0.0471 0.8961 -0.4414
vn -0.1258 0.8882 -0.4420
vn 0.9300 -0.1125 -0.3499
vn 0.4998 0.3492 -0.7926
vn 0.1618 0.4684 -0.8686
vn 0.3783 0.8332 -0.4034
vn 0.7248 0.6066 -0.3267
vn 0.2724 0.4694 -0.8399
vn 0.2060 0.5144 -0.8325
vn 0.2657 0.5259 -0.8080
vn 0.3230 0.5379 -0.7787
vn 0.2570 0.5797 -0.7732
vn -0.1125 0.2779 -0.9540
vn -0.1594 0.3184 -0.9344
vn -0.1061 0.3540 -0.9292
vn -0.2125 0.2824 -0.9355
vn -0.2061 0.3565 -0.9113
vn -0.4277 0.6923 -0.5812
vn 0.8208 -0.2388 -0.5188
vn 0.8318 -0.2850 -0.4763
vn 0.7949 -0.3130 -0.5197
vn 0.8652 -0.2557 -0.4313
vn 0.8387 -0.3305 -0.4329
vn 0.6228 0.0080 -0.7823
vn -0.0071 0.0598 -0.9982
vn -0.0486 0.1149 -0.9922
vn 0.0105 0.1382 -0.9903
vn -0.1075 0.0918 -0.9900
vn -0.0852 0.1721 -0.9814
vn 0.5609 0.6232 -0.5450
vn 0.2679 0.6504 -0.7108
vn 0.1952 0.6834 -0.7034
vn 0.2487 0.6981 -0.6714
vn 0.3003 0.7108 -0.6361
vn 0.2290 0.7426 -0.6293
vn -0.1962 0.3995 -0.8955
vn -0.1879 0.4573 -0.8692
vn -0.1264 0.4405 -0.8888
vn -0.2472 0.4747 -0.8447
vn -0.1770 0.5127 -0.8401
vn -0.2073 0.9450 -0.2532
vn 0.5274 -0.6842 -0.5036
vn 0.2527 0.9672 0.0254
vn 0.3211 0.9386 0.1264
vn 0.3355 0.9416 0.0284
vn 0.2955 0.9317 0.2114
vn 0.3769 0.8948 0.2394
vn 0.6479 -0.5621 -0.5141
vn 0.6773 0.0238 -0.7353
vn 0.9335 -0.0736 -0.3509
vn -0.5953 -0.7997 -0.0774
vn 0.6664 -0.2061 -0.7166
vn 0.6900 -0.2536 -0.6779
vn 0.6431 -0.2819 -0.7120
vn 0.7335 -0.2226 -0.6422
vn 0.7092 -0.3011 -0.6375
vn 0.0170 -0.5570 -0.8303
vn 0.0541 -0.1611 -0.9855
vn 0.4866 -0.5267 -0.6969
vn 0.3121 -0.4431 -0.8404
vn 0.3780 -0.3981 -0.8358
vn 0.3719 -0.4556 -0.8088
vn 0.3657 -0.5110 -0.7779
vn 0.4310 -0.4617 -0.7753
vn 0.2757 0.4534 -0.8476
vn 0.3259 -0.3885 -0.8619
vn 0.3874 -0.3371 -0.8581
vn 0.3876 -0.3954 -0.8327
vn 0.3868 -0.4519 -0.8039
vn 0.4482 -0.3959 -0.8015
vn 0.0829 0.2896 -0.9535
vn 0.6786 0.2010 -0.7065
vn 0.6484 0.2757 -0.7096
vn 0.6961 0.2521 -0.6722
vn 0.7406 0.2252 -0.6331
vn 0.7099 0.3026 -0.6360
vn 0.3968 0.9005 -0.1779
vn 0.4267 0.8962 -0.1211
vn 0.4712 0.8661 -0.1670
vn 0.3829 0.9210 -0.0718
vn 0.4559 0.8876 -0.0651
vn -0.0766 0.6861 -0.7234
vn -0.1550 0.6731 -0.7232
vn -0.1235 0.7156 -0.6875
vn -0.0907 0.7548 -0.6497
vn -0.1716 0.7400 -0.6503
vn -0.3153 0.0216 -0.9488
vn -0.6597 0.4190 -0.6239
vn 0.1826 0.4829 -0.8564
vn 0.1054 0.5028 -0.8579
vn 0.1532 0.5348 -0.8310
vn 0.2002 0.5644 -0.8009
vn 0.1222 0.5837 -0.8027
vn -0.1896 -0.1167 -0.9749
vn -0.3660 0.4638 -0.8068
vn -0.4112 0.3986 -0.8198
vn -0.4246 0.4509 -0.7851
vn -0.4360 0.5013 -0.7474
vn -0.4811 0.4363 -0.7604
vn 0.2696 0.5534 -0.7881
vn -0.1218 0.1421 -0.9823
vn -0.1570 0.1938 -0.9684
vn -0.0962 0.2174 -0.9713
vn -0.2178 0.1718 -0.9607
vn -0.1909 0.2445 -0.9507
vn -0.5035 0.6823 -0.5301
vn 0.0959 0.5059 -0.8572
vn -0.0738 -0.0894 -0.9933
vn -0.1203 -0.1340 -0.9836
vn -0.1533 -0.0788 -0.9850
vn -0.0847 -0.1872 -0.9787
vn -0.1676 -0.1763 -0.9700
vn -0.5289 0.2087 -0.8226
vn -0.5569 0.1330 -0.8198
vn -0.5814 0.1863 -0.7920
vn -0.6020 0.2396 -0.7617
vn -0.6316 0.1661 -0.7573
vn 0.4958 0.4593 -0.7370
vn 0.5496 0.4477 -0.7053
vn 0.5435 0.3938 -0.7413
vn 0.5562 0.4982 -0.6652
vn 0.6009 0.4341 -0.6712
vn 0.3212 0.2394 -0.9163
vn 0.2725 0.3028 -0.9133
vn 0.3330 0.3003 -0.8938
vn 0.3918 0.2967 -0.8709
vn 0.3401 0.3604 -0.8686
vn -0.0848 -0.1862 -0.9788
vn -0.3502 0.5013 -0.7912
vn -0.4087 0.4469 -0.7958
vn -0.4077 0.5024 -0.7625
vn -0.4029 0.5560 -0.7270
vn -0.4629 0.5026 -0.7302
vn 0.0067 0.8958 -0.4444
vn -0.2675 0.5143 -0.8148
vn -0.3425 0.4916 -0.8007
vn -0.3128 0.5434 -0.7790
vn -0.2827 0.5932 -0.7538
vn -0.3570 0.5695 -0.7404
vn -0.2967 0.0556 -0.9534
vn -0.8551 0.3468 -0.3854
vn 0.8662 0.4310 -0.2529
vn 0.4237 0.5483 -0.7210
vn 0.3694 0.6038 -0.7064
vn 0.4264 0.5978 -0.6788
vn 0.4814 0.5901 -0.6482
vn 0.4255 0.6451 -0.6347
vn -0.2786 0.3818 -0.8813
vn -0.2875 0.4377 -0.8519
vn -0.2257 0.4394 -0.8695
vn -0.3478 0.4346 -0.8307
vn -0.2950 0.4916 -0.8194
vn -0.1919 0.7905 -0.5817
vn -0.2688 0.7658 -0.5842
vn -0.2403 0.8056 -0.5416
vn -0.2096 0.8417 -0.4976
vn -0.2856 0.8188 -0.4980
vn 0.7622 0.5346 -0.3649
vn 0.3051 0.5415 -0.7834
vn -0.0832 0.2644 -0.9608
vn -0.1884 0.7646 -0.6164
vn 0.8763 0.0619 -0.4778
vn 0.4881 0.0932 -0.8678
vn 0.4637 0.1700 -0.8695
vn 0.5169 0.1448 -0.8437
vn 0.5685 0.1213 -0.8137
vn 0.5435 0.1955 -0.8163
vn 0.0592 0.2442 -0.9679
vn 0.0489 0.3057 -0.9509
vn 0.1126 0.3005 -0.9471
vn -0.0146 0.3103 -0.9505
vn 0.0372 0.3652 -0.9302
vn 0.0490 0.7667 -0.6402
vn 0.3886 0.9034 -0.1813
vn 0.4280 0.8941 -0.1319
vn 0.4642 0.8669 -0.1816
vn 0.3915 0.9167 -0.0806
vn 0.4657 0.8811 -0.0827
vn 0.2290 0.5234 -0.8208
vn 0.0945 -0.1312 -0.9868
vn 0.0631 -0.1902 -0.9797
vn 0.0151 -0.1492 -0.9887
vn 0.1111 -0.2299 -0.9669
vn 0.0276 -0.2459 -0.9689
vn -0.5771 0.3647 -0.7307
vn 0.5749 -0.8182 0.0039
vn 0.6789 -0.7342 -0.0125
vn 0.6804 -0.7328 -0.0064
vn 0.6072 -0.7945 0.0055
vn 0.4805 -0.8765 0.0289
vn 0.3137 -0.9477 0.0591
vn 0.2796 -0.9573 0.0730
vn 0.4284 -0.9030 0.0312
vn -0.6372 0.7707 0.0079
vn -0.7163 0.6969 0.0354
vn -0.7290 0.6837 0.0332
vn -0.6818 0.7315 0.0022
vn -0.5589 0.8292 0.0038
vn -0.4198 0.9075 0.0152
vn -0.3821 0.9237 0.0285
vn -0.4842 0.8745 0.0293
vn 0.9923 -0.0959 0.0780
vn 0.9813 0.1727 0.0856
vn 0.9531 0.2970 0.0579
vn 0.9697 0.2420 0.0324
vn 0.9994 0.0254 0.0241
vn 0.9786 -0.2032 0.0325
vn 0.9363 -0.3488 0.0420
vn 0.9402 -0.3379 0.0437
vn -0.1914 -0.9793 -0.0663
vn 0.1889 -0.9344 -0.3021
vn 0.4433 -0.7860 -0.4309
vn 0.4975 -0.7469 -0.4411
vn 0.3360 -0.8800 -0.3357
vn -0.0395 -0.9930 -0.1114
vn -0.2536 -0.9673 0.0027
vn -0.3141 -0.9491 0.0218
vn 0.9264 0.1958 0.3217
vn 0.8323 0.4873 0.2642
vn 0.8200 0.5087 0.2625
vn 0.9132 0.2550 0.3177
vn 0.9363 -0.0817 0.3417
vn 0.9046 -0.2689 0.3307
vn 0.9278 -0.1290 0.3500
vn 0.5835 -0.7244 -0.3672
vn 0.6797 -0.6049 -0.4150
vn 0.6482 -0.6588 -0.3818
vn 0.4769 -0.8381 -0.2647
vn 0.2222 -0.9667 -0.1266
vn 0.0977 -0.9928 -0.0698
vn 0.1272 -0.9872 -0.0960
vn 0.3133 -0.9272 -0.2055
vn -0.7057 -0.6662 -0.2412
vn -0.4493 -0.8813 -0.1467
vn -0.2046 -0.9775 -0.0518
vn -0.0446 -0.9989 -0.0150
vn -0.1468 -0.9869 -0.0669
vn -0.4177 -0.8914 -0.1758
vn -0.7053 -0.6581 -0.2636
vn -0.7888 -0.5392 -0.2952
vn -0.4937 0.8233 -0.2801
vn -0.6662 0.6773 -0.3122
vn -0.6043 0.7426 -0.2888
vn -0.3846 0.9002 -0.2041
vn -0.0001 0.9973 -0.0737
vn 0.0782 0.9951 -0.0604
vn -0.1803 0.9697 -0.1646
vn 0.1621 -0.7979 -0.5805
vn 0.0551 -0.8383 -0.5425
vn -0.3113 -0.8540 -0.4168
vn -0.5348 -0.7908 -0.2976
vn -0.4693 -0.7972 -0.3796
vn -0.0990 -0.8446 -0.5261
vn 0.2716 -0.9027 0.3338
vn 0.5433 -0.7816 0.3066
vn 0.4672 -0.8067 0.3619
vn 0.1369 -0.9244 0.3559
vn -0.2076 -0.9007 0.3816
vn -0.1028 -0.9255 0.3646
vn -0.9777 0.1954 -0.0772
vn -0.9924 0.0890 -0.0844
vn -0.9116 0.3869 0.1386
vn -0.6500 0.6873 0.3244
vn -0.6363 0.7232 0.2685
vn -0.8451 0.5247 0.1023
vn -0.4341 0.8220 -0.3687
vn -0.7174 0.6504 -0.2496
vn -0.9253 0.3323 -0.1829
vn -0.9343 0.2818 -0.2185
vn -0.7549 0.5709 -0.3229
vn -0.4599 0.7984 -0.3886
vn 0.9683 0.1189 -0.2195
vn 0.9294 0.3686 -0.0175
vn 0.7640 0.6291 0.1433
vn 0.7461 0.6569 0.1089
vn 0.8962 0.4315 -0.1027
vn 0.9516 0.1472 -0.2697
vn 0.9099 0.3812 -0.1635
vn 0.8321 0.5253 -0.1778
vn 0.9406 0.3333 -0.0654
vn 0.9960 -0.0265 0.0858
vn 0.9708 -0.2050 0.1243
vn 0.9988 0.0410 -0.0248
vn -0.7373 0.6571 -0.1568
vn -0.7900 0.5910 -0.1630
vn -0.6597 0.7506 -0.0382
vn -0.4430 0.8942 0.0641
vn -0.4032 0.9142 0.0401
vn -0.5494 0.8338 -0.0543
vn 0.2368 0.9676 0.0880
vn -0.1644 0.9723 0.1663
vn -0.3727 0.9095 0.1843
vn -0.2233 0.9687 0.1087
vn 0.1907 0.9813 0.0257
vn 0.4002 0.9163 0.0142
vn 0.0120 -0.9970 -0.0770
vn -0.4578 -0.7766 -0.4327
vn -0.7487 -0.4826 -0.4545
vn -0.7807 -0.4587 -0.4244
vn -0.7527 -0.5224 -0.4006
vn -0.3055 -0.8835 -0.3550
vn 0.8729 0.4717 -0.1251
vn 0.6650 0.6833 -0.3014
vn 0.2364 0.9092 -0.3426
vn 0.9325 0.2009 -0.3000
vn 0.8664 0.3781 -0.3261
vn 0.9650 -0.0112 -0.2620
vn 0.9373 -0.2684 -0.2224
vn 0.9415 -0.2119 -0.2622
vn 0.0922 0.9468 -0.3084
vn 0.4282 0.8710 -0.2408
vn 0.1389 -0.9674 -0.2118
vn 0.2773 -0.9405 -0.1961
vn -0.1264 -0.9887 -0.0806
vn -0.4974 -0.8675 -0.0035
vn -0.3415 -0.9336 -0.1085
vn 0.7588 0.6408 -0.1165
# 3351 vertex normals

vt 0.2169 0.2234 0.0000
vt 0.2023 0.2227 0.0000
vt 0.2169 0.2124 0.0000
vt 0.2023 0.2122 0.0000
vt 0.2169 0.2013 0.0000
vt 0.2023 0.2024 0.0000
vt 0.2169 0.1905 0.0000
vt 0.2023 0.1930 0.0000
vt 0.2169 0.1798 0.0000
vt 0.2023 0.1836 0.0000
vt 0.2169 0.1686 0.0000
vt 0.2023 0.1733 0.0000
vt 0.2169 0.1574 0.0000
vt 0.2023 0.1617 0.0000
vt 0.2169 0.1469 0.0000
vt 0.2023 0.1536 0.0000
vt 0.2169 0.1354 0.0000
vt 0.2023 0.1414 0.0000
vt 0.2169 0.1239 0.0000
vt 0.2023 0.1283 0.0000
vt 0.2169 0.1136 0.0000
vt 0.2023 0.1208 0.0000
vt 0.2169 0.1009 0.0000
vt 0.2023 0.1031 0.0000
vt 0.2169 0.0883 0.0000
vt 0.2023 0.0855 0.0000
vt 0.2169 0.0780 0.0000
vt 0.2023 0.0779 0.0000
vt 0.2169 0.0663 0.0000
vt 0.2023 0.0643 0.0000
vt 0.2169 0.0548 0.0000
vt 0.2023 0.0521 0.0000
vt 0.2169 0.0442 0.0000
vt 0.2023 0.0435 0.0000
vt 0.2334 0.2242 0.0000
vt 0.2334 0.2131 0.0000
vt 0.2334 0.2019 0.0000
vt 0.2334 0.1908 0.0000
vt 0.2334 0.1797 0.0000
vt 0.2334 0.1685 0.0000
vt 0.2334 0.1573 0.0000
vt 0.2334 0.1463 0.0000
vt 0.2334 0.1350 0.0000
vt 0.2334 0.1237 0.0000
vt 0.2334 0.1128 0.0000
vt 0.2334 0.1012 0.0000
vt 0.2334 0.0896 0.0000
vt 0.2334 0.0787 0.0000
vt 0.2334 0.0674 0.0000
vt 0.2334 0.0560 0.0000
vt 0.2334 0.0450 0.0000
vt 0.2523 0.2252 0.0000
vt 0.2523 0.2140 0.0000
vt 0.2523 0.2028 0.0000
vt 0.2523 0.1916 0.0000
vt 0.2523 0.1804 0.0000
vt 0.2523 0.1692 0.0000
vt 0.2523 0.1580 0.0000
vt 0.2523 0.1469 0.0000
vt 0.2523 0.1356 0.0000
vt 0.2523 0.1244 0.0000
vt 0.2523 0.1133 0.0000
vt 0.2523 0.1020 0.0000
vt 0.2523 0.0907 0.0000
vt 0.2523 0.0796 0.0000
vt 0.2523 0.0684 0.0000
vt 0.2523 0.0571 0.0000
vt 0.2523 0.0460 0.0000
vt 0.2736 0.2262 0.0000
vt 0.2736 0.2150 0.0000
vt 0.2736 0.2038 0.0000
vt 0.2736 0.1926 0.0000
vt 0.2736 0.1814 0.0000
vt 0.2736 0.1702 0.0000
vt 0.2736 0.1590 0.0000
vt 0.2736 0.1479 0.0000
vt 0.2736 0.1366 0.0000
vt 0.2736 0.1254 0.0000
vt 0.2736 0.1143 0.0000
vt 0.2736 0.1030 0.0000
vt 0.2736 0.0918 0.0000
vt 0.2736 0.0806 0.0000
vt 0.2736 0.0694 0.0000
vt 0.2736 0.0582 0.0000
vt 0.2736 0.0470 0.0000
vt 0.3242 0.2288 0.0000
vt 0.3242 0.2175 0.0000
vt 0.3242 0.2062 0.0000
vt 0.3242 0.1950 0.0000
vt 0.3242 0.1839 0.0000
vt 0.3242 0.1728 0.0000
vt 0.3242 0.1617 0.0000
vt 0.3242 0.1505 0.0000
vt 0.3242 0.1392 0.0000
vt 0.3242 0.1279 0.0000
vt 0.3242 0.1166 0.0000
vt 0.3242 0.1055 0.0000
vt 0.3242 0.0944 0.0000
vt 0.3242 0.0832 0.0000
vt 0.3242 0.0721 0.0000
vt 0.3242 0.0609 0.0000
vt 0.3242 0.0496 0.0000
vt 0.1994 0.1867 0.0000
vt 0.1450 0.1840 0.0000
vt 0.1994 0.1755 0.0000
vt 0.1661 0.1738 0.0000
vt 0.1994 0.1643 0.0000
vt 0.1828 0.1635 0.0000
vt 0.1994 0.1531 0.0000
vt 0.1922 0.1527 0.0000
vt 0.1994 0.1419 0.0000
vt 0.1938 0.1416 0.0000
vt 0.1994 0.1307 0.0000
vt 0.1902 0.1302 0.0000
vt 0.1994 0.1195 0.0000
vt 0.1796 0.1185 0.0000
vt 0.1994 0.1083 0.0000
vt 0.1628 0.1065 0.0000
vt 0.1994 0.0971 0.0000
vt 0.1450 0.0944 0.0000
vt 0.1994 0.0859 0.0000
vt 0.1450 0.0831 0.0000
vt 0.1994 0.0747 0.0000
vt 0.1450 0.0718 0.0000
vt 0.1994 0.0635 0.0000
vt 0.1450 0.0607 0.0000
vt 0.1994 0.0523 0.0000
vt 0.1450 0.0496 0.0000
vt 0.1994 0.0411 0.0000
vt 0.1450 0.0384 0.0000
vt 0.1994 0.0299 0.0000
vt 0.1450 0.0273 0.0000
vt 0.1994 0.0187 0.0000
vt 0.1450 0.0161 0.0000
vt 0.1994 0.0075 0.0000
vt 0.1450 0.0048 0.0000
vt 0.2806 0.1907 0.0000
vt 0.2806 0.1770 0.0000
vt 0.2806 0.1632 0.0000
vt 0.2806 0.1494 0.0000
vt 0.2806 0.1356 0.0000
vt 0.2806 0.1218 0.0000
vt 0.2806 0.1080 0.0000
vt 0.2806 0.0943 0.0000
vt 0.2806 0.0805 0.0000
vt 0.2806 0.0667 0.0000
vt 0.2806 0.0529 0.0000
vt 0.2806 0.0391 0.0000
vt 0.2806 0.0253 0.0000
vt 0.2806 0.0116 0.0000
vt 0.3930 0.1964 0.0000
vt 0.3930 0.1784 0.0000
vt 0.3930 0.1605 0.0000
vt 0.3930 0.1426 0.0000
vt 0.3930 0.1247 0.0000
vt 0.3930 0.1068 0.0000
vt 0.3930 0.0888 0.0000
vt 0.3930 0.0709 0.0000
vt 0.3930 0.0530 0.0000
vt 0.3930 0.0351 0.0000
vt 0.3930 0.0172 0.0000
vt 0.4557 0.1995 0.0000
vt 0.4557 0.1796 0.0000
vt 0.4557 0.1597 0.0000
vt 0.4557 0.1398 0.0000
vt 0.4557 0.1199 0.0000
vt 0.4557 0.0999 0.0000
vt 0.4557 0.0800 0.0000
vt 0.4557 0.0601 0.0000
vt 0.4557 0.0402 0.0000
vt 0.4557 0.0203 0.0000
vt 0.5210 0.2028 0.0000
vt 0.5210 0.1804 0.0000
vt 0.5210 0.1580 0.0000
vt 0.5210 0.1356 0.0000
vt 0.5210 0.1132 0.0000
vt 0.5210 0.0908 0.0000
vt 0.5210 0.0684 0.0000
vt 0.5210 0.0460 0.0000
vt 0.5210 0.0236 0.0000
vt 0.5910 0.2063 0.0000
vt 0.5910 0.1807 0.0000
vt 0.5910 0.1551 0.0000
vt 0.5910 0.1295 0.0000
vt 0.5910 0.1039 0.0000
vt 0.5910 0.0783 0.0000
vt 0.5910 0.0527 0.0000
vt 0.5910 0.0271 0.0000
vt 0.6627 0.2099 0.0000
vt 0.6627 0.1843 0.0000
vt 0.6627 0.1587 0.0000
vt 0.6627 0.1331 0.0000
vt 0.6627 0.1075 0.0000
vt 0.6627 0.0819 0.0000
vt 0.6627 0.0563 0.0000
vt 0.6627 0.0307 0.0000
vt 0.7373 0.2136 0.0000
vt 0.7373 0.1880 0.0000
vt 0.7373 0.1624 0.0000
vt 0.7373 0.1368 0.0000
vt 0.7373 0.1112 0.0000
vt 0.7373 0.0856 0.0000
vt 0.7373 0.0600 0.0000
vt 0.7373 0.0344 0.0000
vt 0.8135 0.2174 0.0000
vt 0.8135 0.1918 0.0000
vt 0.8135 0.1662 0.0000
vt 0.8135 0.1406 0.0000
vt 0.8135 0.1150 0.0000
vt 0.8135 0.0894 0.0000
vt 0.8135 0.0638 0.0000
vt 0.8135 0.0382 0.0000
vt 0.9017 0.2213 0.0000
vt 0.9015 0.1957 0.0000
vt 0.8923 0.1701 0.0000
vt 0.9007 0.1445 0.0000
vt 0.8936 0.1189 0.0000
vt 0.8962 0.0933 0.0000
vt 0.9015 0.0677 0.0000
vt 0.9017 0.0421 0.0000
vt 0.9048 0.2213 0.0000
vt 0.9047 0.1957 0.0000
vt 0.8963 0.1701 0.0000
vt 0.9040 0.1445 0.0000
vt 0.8976 0.1189 0.0000
vt 0.8999 0.0933 0.0000
vt 0.9047 0.0677 0.0000
vt 0.9048 0.0421 0.0000
vt 0.7219 0.3221 0.0000
vt 0.6187 0.4089 0.0000
vt 0.6187 0.2697 0.0000
vt 0.7474 0.4398 0.0000
vt 0.6760 0.5343 0.0000
vt 0.5614 0.5343 0.0000
vt 0.4900 0.4398 0.0000
vt 0.5155 0.3221 0.0000
vt 0.1450 0.1727 0.0000
vt 0.1450 0.1614 0.0000
vt 0.1450 0.1502 0.0000
vt 0.1450 0.1391 0.0000
vt 0.1450 0.1280 0.0000
vt 0.1450 0.1169 0.0000
vt 0.1450 0.1057 0.0000
vt 0.1675 0.0843 0.0000
vt 0.1841 0.0739 0.0000
vt 0.1926 0.0631 0.0000
vt 0.1924 0.0519 0.0000
vt 0.1883 0.0405 0.0000
vt 0.1780 0.0288 0.0000
vt 0.1614 0.0168 0.0000
vt 0.2807 0.1907 0.0000
vt 0.2807 0.1770 0.0000
vt 0.2807 0.1632 0.0000
vt 0.2807 0.1494 0.0000
vt 0.2807 0.1356 0.0000
vt 0.2807 0.1218 0.0000
vt 0.2807 0.1080 0.0000
vt 0.2807 0.0943 0.0000
vt 0.2807 0.0805 0.0000
vt 0.2807 0.0667 0.0000
vt 0.2807 0.0529 0.0000
vt 0.2807 0.0391 0.0000
vt 0.2807 0.0253 0.0000
vt 0.2807 0.0116 0.0000
vt 0.5909 0.2063 0.0000
vt 0.5909 0.1807 0.0000
vt 0.5909 0.1551 0.0000
vt 0.5909 0.1295 0.0000
vt 0.5909 0.1039 0.0000
vt 0.5909 0.0783 0.0000
vt 0.5909 0.0527 0.0000
vt 0.5909 0.0271 0.0000
vt 0.8136 0.2174 0.0000
vt 0.8136 0.1918 0.0000
vt 0.8136 0.1662 0.0000
vt 0.8136 0.1406 0.0000
vt 0.8136 0.1150 0.0000
vt 0.8136 0.0894 0.0000
vt 0.8136 0.0638 0.0000
vt 0.8136 0.0382 0.0000
vt 0.9057 0.2213 0.0000
vt 0.8976 0.1957 0.0000
vt 0.8929 0.1701 0.0000
vt 0.8995 0.1445 0.0000
vt 0.8962 0.1189 0.0000
vt 0.8972 0.0933 0.0000
vt 0.9054 0.0677 0.0000
vt 0.9057 0.0421 0.0000
vt 0.9073 0.2213 0.0000
vt 0.9000 0.1957 0.0000
vt 0.8958 0.1701 0.0000
vt 0.9017 0.1445 0.0000
vt 0.8988 0.1189 0.0000
vt 0.8996 0.0933 0.0000
vt 0.9070 0.0677 0.0000
vt 0.9073 0.0421 0.0000
vt 0.5200 0.3164 0.0000
vt 0.4886 0.4325 0.0000
vt 0.6257 0.2699 0.0000
vt 0.7262 0.3280 0.0000
vt 0.7456 0.4470 0.0000
vt 0.6695 0.5373 0.0000
vt 0.5551 0.5309 0.0000
vt 0.4908 0.9966 0.0000
vt 0.6099 0.8933 0.0000
vt 0.4883 0.7810 0.0000
vt 0.7571 0.9953 0.0000
vt 0.7547 0.7802 0.0000
vt 0.4908 0.7734 0.0000
vt 0.6099 0.6700 0.0000
vt 0.4883 0.5578 0.0000
vt 0.7571 0.7721 0.0000
vt 0.7547 0.5569 0.0000
vt 0.3494 0.8388 0.0000
vt 0.2179 0.8189 0.0000
vt 0.2165 0.6750 0.0000
vt 0.3441 0.5576 0.0000
vt 0.4750 0.5806 0.0000
vt 0.4777 0.7226 0.0000
vt 0.3119 0.2571 0.0000
vt 0.2817 0.2571 0.0000
vt 0.3119 0.2403 0.0000
vt 0.2817 0.2406 0.0000
vt 0.3119 0.2235 0.0000
vt 0.2817 0.2232 0.0000
vt 0.3119 0.2067 0.0000
vt 0.2817 0.2061 0.0000
vt 0.3119 0.1899 0.0000
vt 0.2817 0.1901 0.0000
vt 0.3119 0.1731 0.0000
vt 0.2817 0.1736 0.0000
vt 0.3119 0.1563 0.0000
vt 0.2817 0.1561 0.0000
vt 0.3119 0.1395 0.0000
vt 0.2817 0.1386 0.0000
vt 0.3119 0.1227 0.0000
vt 0.2817 0.1227 0.0000
vt 0.3832 0.2571 0.0000
vt 0.3832 0.2399 0.0000
vt 0.3832 0.2235 0.0000
vt 0.3832 0.2071 0.0000
vt 0.3832 0.1900 0.0000
vt 0.3832 0.1728 0.0000
vt 0.3832 0.1564 0.0000
vt 0.3832 0.1399 0.0000
vt 0.3832 0.1227 0.0000
vt 0.0578 0.2571 0.0000
vt 0.0249 0.2571 0.0000
vt 0.0578 0.2403 0.0000
vt 0.0447 0.2403 0.0000
vt 0.0578 0.2235 0.0000
vt 0.0521 0.2235 0.0000
vt 0.0578 0.2067 0.0000
vt 0.0455 0.2067 0.0000
vt 0.0578 0.1899 0.0000
vt 0.0249 0.1900 0.0000
vt 0.0578 0.1731 0.0000
vt 0.0249 0.1728 0.0000
vt 0.0578 0.1563 0.0000
vt 0.0249 0.1564 0.0000
vt 0.0578 0.1395 0.0000
vt 0.0249 0.1399 0.0000
vt 0.0578 0.1227 0.0000
vt 0.0249 0.1227 0.0000
vt 0.3689 0.2571 0.0000
vt 0.3685 0.2379 0.0000
vt 0.3640 0.2187 0.0000
vt 0.3667 0.1995 0.0000
vt 0.3639 0.1803 0.0000
vt 0.3655 0.1611 0.0000
vt 0.3685 0.1419 0.0000
vt 0.3689 0.1227 0.0000
vt 0.0579 0.2571 0.0000
vt 0.0579 0.2403 0.0000
vt 0.0249 0.2399 0.0000
vt 0.0579 0.2235 0.0000
vt 0.0249 0.2235 0.0000
vt 0.0579 0.2067 0.0000
vt 0.0249 0.2071 0.0000
vt 0.0579 0.1899 0.0000
vt 0.0579 0.1731 0.0000
vt 0.0470 0.1731 0.0000
vt 0.0579 0.1563 0.0000
vt 0.0516 0.1563 0.0000
vt 0.0579 0.1395 0.0000
vt 0.0442 0.1395 0.0000
vt 0.0579 0.1227 0.0000
vt 0.3626 0.2571 0.0000
vt 0.3669 0.2379 0.0000
vt 0.3658 0.2187 0.0000
vt 0.3683 0.1995 0.0000
vt 0.3676 0.1803 0.0000
vt 0.3679 0.1611 0.0000
vt 0.3626 0.1419 0.0000
vt 0.3626 0.1227 0.0000
vt 0.4905 0.4419 0.0000
vt 0.5633 0.5352 0.0000
vt 0.5142 0.3238 0.0000
vt 0.6167 0.2697 0.0000
vt 0.7206 0.3204 0.0000
vt 0.7478 0.4377 0.0000
vt 0.6778 0.5333 0.0000
vt 0.3494 0.5495 0.0000
vt 0.2165 0.3857 0.0000
vt 0.2179 0.5295 0.0000
vt 0.3441 0.2682 0.0000
vt 0.4777 0.4333 0.0000
vt 0.4750 0.2913 0.0000
vt 0.3118 0.2594 0.0000
vt 0.2804 0.2594 0.0000
vt 0.3118 0.2426 0.0000
vt 0.2804 0.2426 0.0000
vt 0.3118 0.2258 0.0000
vt 0.2804 0.2250 0.0000
vt 0.3118 0.2090 0.0000
vt 0.2804 0.2082 0.0000
vt 0.3118 0.1922 0.0000
vt 0.2804 0.1922 0.0000
vt 0.3118 0.1754 0.0000
vt 0.2804 0.1761 0.0000
vt 0.3118 0.1586 0.0000
vt 0.2804 0.1586 0.0000
vt 0.3118 0.1418 0.0000
vt 0.2804 0.1411 0.0000
vt 0.3118 0.1250 0.0000
vt 0.2804 0.1250 0.0000
vt 0.4313 0.2594 0.0000
vt 0.4313 0.2408 0.0000
vt 0.4313 0.2255 0.0000
vt 0.4313 0.2102 0.0000
vt 0.4313 0.1916 0.0000
vt 0.4313 0.1731 0.0000
vt 0.4313 0.1583 0.0000
vt 0.4313 0.1435 0.0000
vt 0.4313 0.1250 0.0000
vt 0.0953 0.2594 0.0000
vt 0.0729 0.2594 0.0000
vt 0.0953 0.2426 0.0000
vt 0.0829 0.2426 0.0000
vt 0.0953 0.2258 0.0000
vt 0.0897 0.2258 0.0000
vt 0.0953 0.2090 0.0000
vt 0.0859 0.2090 0.0000
vt 0.0953 0.1922 0.0000
vt 0.0729 0.1916 0.0000
vt 0.0953 0.1754 0.0000
vt 0.0729 0.1731 0.0000
vt 0.0953 0.1586 0.0000
vt 0.0729 0.1583 0.0000
vt 0.0953 0.1418 0.0000
vt 0.0729 0.1435 0.0000
vt 0.0953 0.1250 0.0000
vt 0.0729 0.1250 0.0000
vt 0.3136 0.2594 0.0000
vt 0.3136 0.2402 0.0000
vt 0.3136 0.2210 0.0000
vt 0.3136 0.2018 0.0000
vt 0.3136 0.1826 0.0000
vt 0.3136 0.1634 0.0000
vt 0.3136 0.1442 0.0000
vt 0.3136 0.1250 0.0000
vt 0.6399 0.2594 0.0000
vt 0.6399 0.2370 0.0000
vt 0.6399 0.2146 0.0000
vt 0.6399 0.1922 0.0000
vt 0.6399 0.1698 0.0000
vt 0.6399 0.1474 0.0000
vt 0.6399 0.1250 0.0000
vt 0.9732 0.2594 0.0000
vt 0.9723 0.2146 0.0000
vt 0.9723 0.1698 0.0000
vt 0.9732 0.1250 0.0000
vt 0.7330 0.4785 0.0000
vt 0.5044 0.4785 0.0000
vt 0.0885 0.2594 0.0000
vt 0.0885 0.2426 0.0000
vt 0.0729 0.2408 0.0000
vt 0.0885 0.2258 0.0000
vt 0.0729 0.2255 0.0000
vt 0.0885 0.2090 0.0000
vt 0.0729 0.2102 0.0000
vt 0.0885 0.1922 0.0000
vt 0.0885 0.1754 0.0000
vt 0.0808 0.1754 0.0000
vt 0.0885 0.1586 0.0000
vt 0.0818 0.1586 0.0000
vt 0.0885 0.1418 0.0000
vt 0.0797 0.1418 0.0000
vt 0.0885 0.1250 0.0000
vt 0.4514 0.2594 0.0000
vt 0.4514 0.2370 0.0000
vt 0.4514 0.2146 0.0000
vt 0.4514 0.1922 0.0000
vt 0.4514 0.1698 0.0000
vt 0.4514 0.1474 0.0000
vt 0.4514 0.1250 0.0000
vt 0.6734 0.2594 0.0000
vt 0.6704 0.2146 0.0000
vt 0.6736 0.1698 0.0000
vt 0.6734 0.1250 0.0000
vt 0.6538 0.2747 0.0000
vt 0.4909 0.4439 0.0000
vt 0.7114 0.5080 0.0000
vt 0.3120 0.2229 0.0000
vt 0.2848 0.2229 0.0000
vt 0.3120 0.2061 0.0000
vt 0.2848 0.2063 0.0000
vt 0.3120 0.1893 0.0000
vt 0.2848 0.1876 0.0000
vt 0.3120 0.1725 0.0000
vt 0.2848 0.1705 0.0000
vt 0.3120 0.1557 0.0000
vt 0.2848 0.1552 0.0000
vt 0.3120 0.1389 0.0000
vt 0.2848 0.1396 0.0000
vt 0.3120 0.1221 0.0000
vt 0.2848 0.1229 0.0000
vt 0.3120 0.1053 0.0000
vt 0.2848 0.1050 0.0000
vt 0.3120 0.0885 0.0000
vt 0.2848 0.0885 0.0000
vt 0.3567 0.2229 0.0000
vt 0.3567 0.2059 0.0000
vt 0.3567 0.1891 0.0000
vt 0.3567 0.1725 0.0000
vt 0.3567 0.1555 0.0000
vt 0.3567 0.1387 0.0000
vt 0.3567 0.1221 0.0000
vt 0.3567 0.1053 0.0000
vt 0.3567 0.0885 0.0000
vt 0.1992 0.2229 0.0000
vt 0.1775 0.2229 0.0000
vt 0.1992 0.2061 0.0000
vt 0.1903 0.2061 0.0000
vt 0.1992 0.1893 0.0000
vt 0.1908 0.1893 0.0000
vt 0.1992 0.1725 0.0000
vt 0.1903 0.1725 0.0000
vt 0.1992 0.1557 0.0000
vt 0.1775 0.1555 0.0000
vt 0.1992 0.1389 0.0000
vt 0.1775 0.1387 0.0000
vt 0.1992 0.1221 0.0000
vt 0.1775 0.1221 0.0000
vt 0.1992 0.1053 0.0000
vt 0.1775 0.1053 0.0000
vt 0.1992 0.0885 0.0000
vt 0.1775 0.0885 0.0000
vt 0.7910 0.2229 0.0000
vt 0.7897 0.1781 0.0000
vt 0.7897 0.1333 0.0000
vt 0.7910 0.0885 0.0000
vt 0.1988 0.2229 0.0000
vt 0.1988 0.2061 0.0000
vt 0.1775 0.2059 0.0000
vt 0.1988 0.1893 0.0000
vt 0.1775 0.1891 0.0000
vt 0.1988 0.1725 0.0000
vt 0.1775 0.1725 0.0000
vt 0.1988 0.1557 0.0000
vt 0.1988 0.1389 0.0000
vt 0.1887 0.1389 0.0000
vt 0.1988 0.1221 0.0000
vt 0.1935 0.1221 0.0000
vt 0.1988 0.1053 0.0000
vt 0.1899 0.1053 0.0000
vt 0.1988 0.0885 0.0000
vt 0.3868 0.2229 0.0000
vt 0.3868 0.2037 0.0000
vt 0.3868 0.1845 0.0000
vt 0.3868 0.1653 0.0000
vt 0.3868 0.1461 0.0000
vt 0.3868 0.1269 0.0000
vt 0.3868 0.1077 0.0000
vt 0.3868 0.0885 0.0000
vt 0.5891 0.2229 0.0000
vt 0.5891 0.2005 0.0000
vt 0.5891 0.1781 0.0000
vt 0.5891 0.1557 0.0000
vt 0.5891 0.1333 0.0000
vt 0.5891 0.1109 0.0000
vt 0.5891 0.0885 0.0000
vt 0.7935 0.2229 0.0000
vt 0.7921 0.1781 0.0000
vt 0.7932 0.1333 0.0000
vt 0.7935 0.0885 0.0000
vt 0.7494 0.3897 0.0000
vt 0.5376 0.2990 0.0000
vt 0.5690 0.5378 0.0000
vt 0.2937 0.2436 0.0000
vt 0.2576 0.2436 0.0000
vt 0.2937 0.2268 0.0000
vt 0.2576 0.2274 0.0000
vt 0.2937 0.2100 0.0000
vt 0.2576 0.2102 0.0000
vt 0.2937 0.1932 0.0000
vt 0.2576 0.1917 0.0000
vt 0.2937 0.1764 0.0000
vt 0.2576 0.1763 0.0000
vt 0.2937 0.1596 0.0000
vt 0.2576 0.1599 0.0000
vt 0.2937 0.1428 0.0000
vt 0.2576 0.1438 0.0000
vt 0.2937 0.1260 0.0000
vt 0.2576 0.1264 0.0000
vt 0.2937 0.1092 0.0000
vt 0.2576 0.1092 0.0000
vt 0.3775 0.2436 0.0000
vt 0.3775 0.2252 0.0000
vt 0.3775 0.2096 0.0000
vt 0.3775 0.1941 0.0000
vt 0.3775 0.1756 0.0000
vt 0.3775 0.1578 0.0000
vt 0.3775 0.1424 0.0000
vt 0.3775 0.1270 0.0000
vt 0.3775 0.1092 0.0000
vt 0.0381 0.2436 0.0000
vt 0.0191 0.2436 0.0000
vt 0.0381 0.2268 0.0000
vt 0.0301 0.2268 0.0000
vt 0.0381 0.2100 0.0000
vt 0.0317 0.2100 0.0000
vt 0.0381 0.1932 0.0000
vt 0.0303 0.1932 0.0000
vt 0.0381 0.1764 0.0000
vt 0.0191 0.1756 0.0000
vt 0.0381 0.1596 0.0000
vt 0.0191 0.1578 0.0000
vt 0.0381 0.1428 0.0000
vt 0.0191 0.1424 0.0000
vt 0.0381 0.1260 0.0000
vt 0.0191 0.1270 0.0000
vt 0.0381 0.1092 0.0000
vt 0.0191 0.1092 0.0000
vt 0.4852 0.2436 0.0000
vt 0.4852 0.2167 0.0000
vt 0.4852 0.1898 0.0000
vt 0.4852 0.1629 0.0000
vt 0.4852 0.1360 0.0000
vt 0.4852 0.1092 0.0000
vt 0.7151 0.2436 0.0000
vt 0.7139 0.1988 0.0000
vt 0.7139 0.1540 0.0000
vt 0.7151 0.1092 0.0000
vt 0.0369 0.2436 0.0000
vt 0.0369 0.2268 0.0000
vt 0.0191 0.2252 0.0000
vt 0.0369 0.2100 0.0000
vt 0.0191 0.2096 0.0000
vt 0.0369 0.1932 0.0000
vt 0.0191 0.1941 0.0000
vt 0.0369 0.1764 0.0000
vt 0.0369 0.1596 0.0000
vt 0.0292 0.1596 0.0000
vt 0.0369 0.1428 0.0000
vt 0.0315 0.1428 0.0000
vt 0.0369 0.1260 0.0000
vt 0.0287 0.1260 0.0000
vt 0.0369 0.1092 0.0000
vt 0.4832 0.2436 0.0000
vt 0.4832 0.2167 0.0000
vt 0.4832 0.1898 0.0000
vt 0.4832 0.1629 0.0000
vt 0.4832 0.1360 0.0000
vt 0.4832 0.1092 0.0000
vt 0.7131 0.2436 0.0000
vt 0.7180 0.1988 0.0000
vt 0.7123 0.1540 0.0000
vt 0.7131 0.1092 0.0000
vt 0.7475 0.4396 0.0000
vt 0.5795 0.2759 0.0000
vt 0.5291 0.5111 0.0000
vt 0.1152 0.2432 0.0000
vt 0.0851 0.2432 0.0000
vt 0.1152 0.2240 0.0000
vt 0.0851 0.2231 0.0000
vt 0.1152 0.2048 0.0000
vt 0.0851 0.2015 0.0000
vt 0.1152 0.1856 0.0000
vt 0.0851 0.1841 0.0000
vt 0.1152 0.1664 0.0000
vt 0.0851 0.1680 0.0000
vt 0.1152 0.1472 0.0000
vt 0.0851 0.1498 0.0000
vt 0.1152 0.1280 0.0000
vt 0.0851 0.1271 0.0000
vt 0.1152 0.1088 0.0000
vt 0.0851 0.1088 0.0000
vt 0.2193 0.2432 0.0000
vt 0.2193 0.2208 0.0000
vt 0.2193 0.1984 0.0000
vt 0.2193 0.1760 0.0000
vt 0.2193 0.1536 0.0000
vt 0.2193 0.1312 0.0000
vt 0.2193 0.1088 0.0000
vt 0.4274 0.2432 0.0000
vt 0.4274 0.2208 0.0000
vt 0.4274 0.1984 0.0000
vt 0.4274 0.1760 0.0000
vt 0.4274 0.1536 0.0000
vt 0.4274 0.1312 0.0000
vt 0.4274 0.1088 0.0000
vt 0.6358 0.2432 0.0000
vt 0.6345 0.1984 0.0000
vt 0.6345 0.1536 0.0000
vt 0.6358 0.1088 0.0000
vt 0.2947 0.2303 0.0000
vt 0.2547 0.2303 0.0000
vt 0.2947 0.2135 0.0000
vt 0.2547 0.2131 0.0000
vt 0.2947 0.1967 0.0000
vt 0.2547 0.1964 0.0000
vt 0.2947 0.1799 0.0000
vt 0.2547 0.1799 0.0000
vt 0.2947 0.1631 0.0000
vt 0.2547 0.1634 0.0000
vt 0.2947 0.1463 0.0000
vt 0.2547 0.1468 0.0000
vt 0.2947 0.1295 0.0000
vt 0.2547 0.1298 0.0000
vt 0.2947 0.1127 0.0000
vt 0.2547 0.1125 0.0000
vt 0.2947 0.0959 0.0000
vt 0.2547 0.0959 0.0000
vt 0.3772 0.2303 0.0000
vt 0.3772 0.2135 0.0000
vt 0.3772 0.1967 0.0000
vt 0.3772 0.1799 0.0000
vt 0.3772 0.1631 0.0000
vt 0.3772 0.1463 0.0000
vt 0.3772 0.1295 0.0000
vt 0.3772 0.1127 0.0000
vt 0.3772 0.0959 0.0000
vt 0.4593 0.2303 0.0000
vt 0.4593 0.2057 0.0000
vt 0.4593 0.1883 0.0000
vt 0.4593 0.1631 0.0000
vt 0.4593 0.1388 0.0000
vt 0.4593 0.1221 0.0000
vt 0.4593 0.0959 0.0000
vt 0.1173 0.2303 0.0000
vt 0.1009 0.2303 0.0000
vt 0.1173 0.2079 0.0000
vt 0.1120 0.2079 0.0000
vt 0.1173 0.1855 0.0000
vt 0.1128 0.1855 0.0000
vt 0.1173 0.1631 0.0000
vt 0.1009 0.1631 0.0000
vt 0.1173 0.1407 0.0000
vt 0.1009 0.1388 0.0000
vt 0.1173 0.1183 0.0000
vt 0.1009 0.1221 0.0000
vt 0.1173 0.0959 0.0000
vt 0.1009 0.0959 0.0000
vt 0.4399 0.2303 0.0000
vt 0.4399 0.2034 0.0000
vt 0.4399 0.1765 0.0000
vt 0.4399 0.1497 0.0000
vt 0.4399 0.1228 0.0000
vt 0.4399 0.0959 0.0000
vt 0.6598 0.2303 0.0000
vt 0.6587 0.1855 0.0000
vt 0.6587 0.1407 0.0000
vt 0.6598 0.0959 0.0000
vt 0.1179 0.2303 0.0000
vt 0.1179 0.2079 0.0000
vt 0.1009 0.2057 0.0000
vt 0.1179 0.1855 0.0000
vt 0.1009 0.1883 0.0000
vt 0.1179 0.1631 0.0000
vt 0.1179 0.1407 0.0000
vt 0.1137 0.1407 0.0000
vt 0.1179 0.1183 0.0000
vt 0.1120 0.1183 0.0000
vt 0.1179 0.0959 0.0000
vt 0.3438 0.2303 0.0000
vt 0.3449 0.2079 0.0000
vt 0.3441 0.1855 0.0000
vt 0.3399 0.1631 0.0000
vt 0.3435 0.1407 0.0000
vt 0.3437 0.1183 0.0000
vt 0.3438 0.0959 0.0000
vt 0.4882 0.3879 0.0000
vt 0.5362 0.5175 0.0000
vt 0.5707 0.2792 0.0000
vt 0.7012 0.3002 0.0000
vt 0.7492 0.4298 0.0000
vt 0.6667 0.5385 0.0000
vt 0.2947 0.2245 0.0000
vt 0.2631 0.2245 0.0000
vt 0.2947 0.2077 0.0000
vt 0.2631 0.2082 0.0000
vt 0.2947 0.1909 0.0000
vt 0.2631 0.1926 0.0000
vt 0.2947 0.1741 0.0000
vt 0.2631 0.1723 0.0000
vt 0.2947 0.1573 0.0000
vt 0.2631 0.1553 0.0000
vt 0.2947 0.1405 0.0000
vt 0.2631 0.1410 0.0000
vt 0.2947 0.1237 0.0000
vt 0.2631 0.1268 0.0000
vt 0.2947 0.1069 0.0000
vt 0.2631 0.1098 0.0000
vt 0.2947 0.0901 0.0000
vt 0.2631 0.0901 0.0000
vt 0.3620 0.2245 0.0000
vt 0.3620 0.2074 0.0000
vt 0.3620 0.1907 0.0000
vt 0.3620 0.1742 0.0000
vt 0.3620 0.1574 0.0000
vt 0.3620 0.1405 0.0000
vt 0.3620 0.1239 0.0000
vt 0.3620 0.1072 0.0000
vt 0.3620 0.0901 0.0000
vt 0.2127 0.2245 0.0000
vt 0.1828 0.2245 0.0000
vt 0.2127 0.2077 0.0000
vt 0.2001 0.2077 0.0000
vt 0.2127 0.1909 0.0000
vt 0.2084 0.1909 0.0000
vt 0.2127 0.1741 0.0000
vt 0.2009 0.1741 0.0000
vt 0.2127 0.1573 0.0000
vt 0.1828 0.1574 0.0000
vt 0.2127 0.1405 0.0000
vt 0.1828 0.1405 0.0000
vt 0.2127 0.1237 0.0000
vt 0.1828 0.1239 0.0000
vt 0.2127 0.1069 0.0000
vt 0.1828 0.1072 0.0000
vt 0.2127 0.0901 0.0000
vt 0.1828 0.0901 0.0000
vt 0.4004 0.2245 0.0000
vt 0.4004 0.2021 0.0000
vt 0.4004 0.1797 0.0000
vt 0.4004 0.1573 0.0000
vt 0.4004 0.1349 0.0000
vt 0.4004 0.1125 0.0000
vt 0.4004 0.0901 0.0000
vt 0.8201 0.2245 0.0000
vt 0.8189 0.1797 0.0000
vt 0.8189 0.1349 0.0000
vt 0.8201 0.0901 0.0000
vt 0.2128 0.2245 0.0000
vt 0.2128 0.2077 0.0000
vt 0.1828 0.2074 0.0000
vt 0.2128 0.1909 0.0000
vt 0.1828 0.1907 0.0000
vt 0.2128 0.1741 0.0000
vt 0.1828 0.1742 0.0000
vt 0.2128 0.1573 0.0000
vt 0.2128 0.1405 0.0000
vt 0.2026 0.1405 0.0000
vt 0.2128 0.1237 0.0000
vt 0.2036 0.1237 0.0000
vt 0.2128 0.1069 0.0000
vt 0.1983 0.1069 0.0000
vt 0.2128 0.0901 0.0000
vt 0.4007 0.2245 0.0000
vt 0.4007 0.2021 0.0000
vt 0.4007 0.1797 0.0000
vt 0.4007 0.1573 0.0000
vt 0.4007 0.1349 0.0000
vt 0.4007 0.1125 0.0000
vt 0.4007 0.0901 0.0000
vt 0.6087 0.2245 0.0000
vt 0.6087 0.1976 0.0000
vt 0.6087 0.1707 0.0000
vt 0.6087 0.1439 0.0000
vt 0.6087 0.1170 0.0000
vt 0.6087 0.0901 0.0000
vt 0.8177 0.2245 0.0000
vt 0.8201 0.1797 0.0000
vt 0.8185 0.1349 0.0000
vt 0.8177 0.0901 0.0000
vt 0.5089 0.3316 0.0000
vt 0.6102 0.5478 0.0000
vt 0.7370 0.3472 0.0000
vt 0.2426 0.2260 0.0000
vt 0.1905 0.2260 0.0000
vt 0.2426 0.2092 0.0000
vt 0.1905 0.2092 0.0000
vt 0.2426 0.1924 0.0000
vt 0.1905 0.1924 0.0000
vt 0.2426 0.1756 0.0000
vt 0.1905 0.1756 0.0000
vt 0.2426 0.1588 0.0000
vt 0.1905 0.1588 0.0000
vt 0.2426 0.1420 0.0000
vt 0.1905 0.1420 0.0000
vt 0.2426 0.1252 0.0000
vt 0.1905 0.1252 0.0000
vt 0.2426 0.1084 0.0000
vt 0.1905 0.1084 0.0000
vt 0.2426 0.0916 0.0000
vt 0.1905 0.0916 0.0000
vt 0.2947 0.2260 0.0000
vt 0.2947 0.2092 0.0000
vt 0.2947 0.1924 0.0000
vt 0.2947 0.1756 0.0000
vt 0.2947 0.1588 0.0000
vt 0.2947 0.1420 0.0000
vt 0.2947 0.1252 0.0000
vt 0.2947 0.1084 0.0000
vt 0.2947 0.0916 0.0000
vt 0.4020 0.2260 0.0000
vt 0.4020 0.2003 0.0000
vt 0.4020 0.1831 0.0000
vt 0.4020 0.1571 0.0000
vt 0.4020 0.1339 0.0000
vt 0.4020 0.1172 0.0000
vt 0.4020 0.0916 0.0000
vt 0.0636 0.2260 0.0000
vt 0.0436 0.2260 0.0000
vt 0.0636 0.2036 0.0000
vt 0.0575 0.2036 0.0000
vt 0.0636 0.1812 0.0000
vt 0.0593 0.1812 0.0000
vt 0.0636 0.1588 0.0000
vt 0.0436 0.1571 0.0000
vt 0.0636 0.1364 0.0000
vt 0.0436 0.1339 0.0000
vt 0.0636 0.1140 0.0000
vt 0.0436 0.1172 0.0000
vt 0.0636 0.0916 0.0000
vt 0.0436 0.0916 0.0000
vt 0.2495 0.2260 0.0000
vt 0.2495 0.2036 0.0000
vt 0.2495 0.1812 0.0000
vt 0.2495 0.1588 0.0000
vt 0.2495 0.1364 0.0000
vt 0.2495 0.1140 0.0000
vt 0.2495 0.0916 0.0000
vt 0.4800 0.2260 0.0000
vt 0.4790 0.1812 0.0000
vt 0.4790 0.1364 0.0000
vt 0.4800 0.0916 0.0000
vt 0.0631 0.2260 0.0000
vt 0.0631 0.2036 0.0000
vt 0.0436 0.2003 0.0000
vt 0.0631 0.1812 0.0000
vt 0.0436 0.1831 0.0000
vt 0.0631 0.1588 0.0000
vt 0.0631 0.1364 0.0000
vt 0.0598 0.1364 0.0000
vt 0.0631 0.1140 0.0000
vt 0.0587 0.1140 0.0000
vt 0.0631 0.0916 0.0000
vt 0.2545 0.2260 0.0000
vt 0.2545 0.2036 0.0000
vt 0.2545 0.1812 0.0000
vt 0.2545 0.1588 0.0000
vt 0.2545 0.1364 0.0000
vt 0.2545 0.1140 0.0000
vt 0.2545 0.0916 0.0000
vt 0.4869 0.2260 0.0000
vt 0.4911 0.1812 0.0000
vt 0.4863 0.1364 0.0000
vt 0.4869 0.0916 0.0000
vt 0.7255 0.3271 0.0000
vt 0.4981 0.3522 0.0000
vt 0.6324 0.5473 0.0000
vt 0.2939 0.2336 0.0000
vt 0.2559 0.2336 0.0000
vt 0.2939 0.2144 0.0000
vt 0.2559 0.2117 0.0000
vt 0.2939 0.1952 0.0000
vt 0.2559 0.1929 0.0000
vt 0.2939 0.1760 0.0000
vt 0.2559 0.1752 0.0000
vt 0.2939 0.1568 0.0000
vt 0.2559 0.1575 0.0000
vt 0.2939 0.1376 0.0000
vt 0.2559 0.1381 0.0000
vt 0.2939 0.1184 0.0000
vt 0.2559 0.1169 0.0000
vt 0.2939 0.0992 0.0000
vt 0.2559 0.0992 0.0000
vt 0.3917 0.2336 0.0000
vt 0.3914 0.2144 0.0000
vt 0.3871 0.1952 0.0000
vt 0.3900 0.1760 0.0000
vt 0.3871 0.1568 0.0000
vt 0.3886 0.1376 0.0000
vt 0.3914 0.1184 0.0000
vt 0.3917 0.0992 0.0000
vt 0.2916 0.2489 0.0000
vt 0.2573 0.2489 0.0000
vt 0.2916 0.2265 0.0000
vt 0.2573 0.2257 0.0000
vt 0.2916 0.2041 0.0000
vt 0.2573 0.2054 0.0000
vt 0.2916 0.1817 0.0000
vt 0.2573 0.1831 0.0000
vt 0.2916 0.1593 0.0000
vt 0.2573 0.1588 0.0000
vt 0.2916 0.1369 0.0000
vt 0.2573 0.1383 0.0000
vt 0.2916 0.1145 0.0000
vt 0.2573 0.1145 0.0000
vt 0.3928 0.2489 0.0000
vt 0.3928 0.2255 0.0000
vt 0.3928 0.2058 0.0000
vt 0.3928 0.1824 0.0000
vt 0.3928 0.1583 0.0000
vt 0.3928 0.1386 0.0000
vt 0.3928 0.1145 0.0000
vt 0.0536 0.2489 0.0000
vt 0.0344 0.2489 0.0000
vt 0.0536 0.2265 0.0000
vt 0.0502 0.2265 0.0000
vt 0.0536 0.2041 0.0000
vt 0.0494 0.2041 0.0000
vt 0.0536 0.1817 0.0000
vt 0.0344 0.1824 0.0000
vt 0.0536 0.1593 0.0000
vt 0.0344 0.1583 0.0000
vt 0.0536 0.1369 0.0000
vt 0.0344 0.1386 0.0000
vt 0.0536 0.1145 0.0000
vt 0.0344 0.1145 0.0000
vt 0.2350 0.2489 0.0000
vt 0.2350 0.2220 0.0000
vt 0.2350 0.1951 0.0000
vt 0.2350 0.1682 0.0000
vt 0.2350 0.1414 0.0000
vt 0.2350 0.1145 0.0000
vt 0.4561 0.2489 0.0000
vt 0.4551 0.2041 0.0000
vt 0.4551 0.1593 0.0000
vt 0.4561 0.1145 0.0000
vt 0.0539 0.2489 0.0000
vt 0.0539 0.2265 0.0000
vt 0.0344 0.2255 0.0000
vt 0.0539 0.2041 0.0000
vt 0.0344 0.2058 0.0000
vt 0.0539 0.1817 0.0000
vt 0.0539 0.1593 0.0000
vt 0.0497 0.1593 0.0000
vt 0.0539 0.1369 0.0000
vt 0.0508 0.1369 0.0000
vt 0.0539 0.1145 0.0000
vt 0.4615 0.2489 0.0000
vt 0.4561 0.2041 0.0000
vt 0.4611 0.1593 0.0000
vt 0.4615 0.1145 0.0000
vt 0.7371 0.3474 0.0000
vt 0.5090 0.3315 0.0000
vt 0.6100 0.5477 0.0000
vt 0.2916 0.2447 0.0000
vt 0.2665 0.2447 0.0000
vt 0.2916 0.2223 0.0000
vt 0.2665 0.2199 0.0000
vt 0.2916 0.1999 0.0000
vt 0.2665 0.1951 0.0000
vt 0.2916 0.1775 0.0000
vt 0.2665 0.1783 0.0000
vt 0.2916 0.1551 0.0000
vt 0.2665 0.1618 0.0000
vt 0.2916 0.1327 0.0000
vt 0.2665 0.1314 0.0000
vt 0.2916 0.1103 0.0000
vt 0.2665 0.1103 0.0000
vt 0.3591 0.2447 0.0000
vt 0.3591 0.2223 0.0000
vt 0.3591 0.1999 0.0000
vt 0.3591 0.1775 0.0000
vt 0.3591 0.1551 0.0000
vt 0.3591 0.1327 0.0000
vt 0.3591 0.1103 0.0000
vt 0.4645 0.2447 0.0000
vt 0.4690 0.2178 0.0000
vt 0.4623 0.1910 0.0000
vt 0.4676 0.1641 0.0000
vt 0.4636 0.1372 0.0000
vt 0.4645 0.1103 0.0000
vt 0.7442 0.3659 0.0000
vt 0.6963 0.5215 0.0000
vt 0.5411 0.5215 0.0000
vt 0.4931 0.3659 0.0000
vt 0.2886 0.2363 0.0000
vt 0.2642 0.2363 0.0000
vt 0.2886 0.2139 0.0000
vt 0.2642 0.2060 0.0000
vt 0.2886 0.1915 0.0000
vt 0.2642 0.1874 0.0000
vt 0.2886 0.1691 0.0000
vt 0.2642 0.1703 0.0000
vt 0.2886 0.1467 0.0000
vt 0.2642 0.1396 0.0000
vt 0.2886 0.1243 0.0000
vt 0.2642 0.1196 0.0000
vt 0.2886 0.1019 0.0000
vt 0.2642 0.1019 0.0000
vt 0.3319 0.2363 0.0000
vt 0.3319 0.2135 0.0000
vt 0.3319 0.1916 0.0000
vt 0.3319 0.1687 0.0000
vt 0.3319 0.1462 0.0000
vt 0.3319 0.1243 0.0000
vt 0.3319 0.1019 0.0000
vt 0.1716 0.2363 0.0000
vt 0.1527 0.2363 0.0000
vt 0.1716 0.2139 0.0000
vt 0.1678 0.2139 0.0000
vt 0.1716 0.1915 0.0000
vt 0.1698 0.1915 0.0000
vt 0.1716 0.1691 0.0000
vt 0.1527 0.1687 0.0000
vt 0.1716 0.1467 0.0000
vt 0.1527 0.1462 0.0000
vt 0.1716 0.1243 0.0000
vt 0.1527 0.1243 0.0000
vt 0.1716 0.1019 0.0000
vt 0.1527 0.1019 0.0000
vt 0.4035 0.2363 0.0000
vt 0.4025 0.1915 0.0000
vt 0.4025 0.1467 0.0000
vt 0.4035 0.1019 0.0000
vt 0.1714 0.2363 0.0000
vt 0.1714 0.2139 0.0000
vt 0.1527 0.2135 0.0000
vt 0.1714 0.1915 0.0000
vt 0.1527 0.1916 0.0000
vt 0.1714 0.1691 0.0000
vt 0.1714 0.1467 0.0000
vt 0.1691 0.1467 0.0000
vt 0.1714 0.1243 0.0000
vt 0.1677 0.1243 0.0000
vt 0.1714 0.1019 0.0000
vt 0.4021 0.2363 0.0000
vt 0.4060 0.1915 0.0000
vt 0.4021 0.1467 0.0000
vt 0.4021 0.1019 0.0000
vt 0.6219 0.5480 0.0000
vt 0.7314 0.3364 0.0000
vt 0.5028 0.3422 0.0000
vt 0.2916 0.2256 0.0000
vt 0.2605 0.2256 0.0000
vt 0.2916 0.2032 0.0000
vt 0.2605 0.2032 0.0000
vt 0.2916 0.1808 0.0000
vt 0.2605 0.1800 0.0000
vt 0.2916 0.1584 0.0000
vt 0.2605 0.1549 0.0000
vt 0.2916 0.1360 0.0000
vt 0.2605 0.1358 0.0000
vt 0.2916 0.1136 0.0000
vt 0.2605 0.1162 0.0000
vt 0.2916 0.0912 0.0000
vt 0.2605 0.0912 0.0000
vt 0.4098 0.2256 0.0000
vt 0.4098 0.2029 0.0000
vt 0.4098 0.1808 0.0000
vt 0.4098 0.1581 0.0000
vt 0.4098 0.1359 0.0000
vt 0.4098 0.1138 0.0000
vt 0.4098 0.0912 0.0000
vt 0.0691 0.2256 0.0000
vt 0.0514 0.2256 0.0000
vt 0.0691 0.2032 0.0000
vt 0.0639 0.2032 0.0000
vt 0.0691 0.1808 0.0000
vt 0.0649 0.1808 0.0000
vt 0.0691 0.1584 0.0000
vt 0.0514 0.1581 0.0000
vt 0.0691 0.1360 0.0000
vt 0.0514 0.1359 0.0000
vt 0.0691 0.1136 0.0000
vt 0.0514 0.1138 0.0000
vt 0.0691 0.0912 0.0000
vt 0.0514 0.0912 0.0000
vt 0.4366 0.2256 0.0000
vt 0.4356 0.1808 0.0000
vt 0.4356 0.1360 0.0000
vt 0.4366 0.0912 0.0000
vt 0.0693 0.2256 0.0000
vt 0.0693 0.2032 0.0000
vt 0.0514 0.2029 0.0000
vt 0.0693 0.1808 0.0000
vt 0.0514 0.1808 0.0000
vt 0.0693 0.1584 0.0000
vt 0.0693 0.1360 0.0000
vt 0.0645 0.1360 0.0000
vt 0.0693 0.1136 0.0000
vt 0.0652 0.1136 0.0000
vt 0.0693 0.0912 0.0000
vt 0.4359 0.2256 0.0000
vt 0.4407 0.1808 0.0000
vt 0.4353 0.1360 0.0000
vt 0.4359 0.0912 0.0000
vt 0.7442 0.3656 0.0000
vt 0.5205 0.3159 0.0000
vt 0.5914 0.5451 0.0000
vt 0.3268 0.2380 0.0000
vt 0.2790 0.2380 0.0000
vt 0.3268 0.2141 0.0000
vt 0.2790 0.2195 0.0000
vt 0.3268 0.1948 0.0000
vt 0.2790 0.1995 0.0000
vt 0.3268 0.1714 0.0000
vt 0.2790 0.1781 0.0000
vt 0.3268 0.1473 0.0000
vt 0.2790 0.1542 0.0000
vt 0.3268 0.1279 0.0000
vt 0.2790 0.1358 0.0000
vt 0.3268 0.1036 0.0000
vt 0.2790 0.1036 0.0000
vt 0.1693 0.2380 0.0000
vt 0.1476 0.2380 0.0000
vt 0.1693 0.2156 0.0000
vt 0.1647 0.2156 0.0000
vt 0.1693 0.1932 0.0000
vt 0.1665 0.1932 0.0000
vt 0.1693 0.1708 0.0000
vt 0.1476 0.1714 0.0000
vt 0.1693 0.1484 0.0000
vt 0.1476 0.1473 0.0000
vt 0.1693 0.1260 0.0000
vt 0.1476 0.1279 0.0000
vt 0.1693 0.1036 0.0000
vt 0.1476 0.1036 0.0000
vt 0.4307 0.2380 0.0000
vt 0.4307 0.2111 0.0000
vt 0.4307 0.1842 0.0000
vt 0.4307 0.1573 0.0000
vt 0.4307 0.1305 0.0000
vt 0.4307 0.1036 0.0000
vt 0.6540 0.2380 0.0000
vt 0.6530 0.1932 0.0000
vt 0.6530 0.1484 0.0000
vt 0.6540 0.1036 0.0000
vt 0.1697 0.2380 0.0000
vt 0.1697 0.2156 0.0000
vt 0.1476 0.2141 0.0000
vt 0.1697 0.1932 0.0000
vt 0.1476 0.1948 0.0000
vt 0.1697 0.1708 0.0000
vt 0.1697 0.1484 0.0000
vt 0.1682 0.1484 0.0000
vt 0.1697 0.1260 0.0000
vt 0.1631 0.1260 0.0000
vt 0.1697 0.1036 0.0000
vt 0.4275 0.2380 0.0000
vt 0.4275 0.2111 0.0000
vt 0.4275 0.1842 0.0000
vt 0.4275 0.1573 0.0000
vt 0.4275 0.1305 0.0000
vt 0.4275 0.1036 0.0000
vt 0.6551 0.2380 0.0000
vt 0.6498 0.1932 0.0000
vt 0.6559 0.1484 0.0000
vt 0.6551 0.1036 0.0000
vt 0.4970 0.4628 0.0000
vt 0.7239 0.4930 0.0000
vt 0.6352 0.2708 0.0000
vt 0.2916 0.2540 0.0000
vt 0.2598 0.2540 0.0000
vt 0.2916 0.2316 0.0000
vt 0.2598 0.2285 0.0000
vt 0.2916 0.2092 0.0000
vt 0.2598 0.2067 0.0000
vt 0.2916 0.1868 0.0000
vt 0.2598 0.1879 0.0000
vt 0.2916 0.1644 0.0000
vt 0.2598 0.1661 0.0000
vt 0.2916 0.1420 0.0000
vt 0.2598 0.1386 0.0000
vt 0.2916 0.1196 0.0000
vt 0.2598 0.1196 0.0000
vt 0.3710 0.2540 0.0000
vt 0.3710 0.2316 0.0000
vt 0.3710 0.2092 0.0000
vt 0.3710 0.1868 0.0000
vt 0.3710 0.1644 0.0000
vt 0.3710 0.1420 0.0000
vt 0.3710 0.1196 0.0000
vt 0.4507 0.2540 0.0000
vt 0.4507 0.2308 0.0000
vt 0.4507 0.2098 0.0000
vt 0.4507 0.1868 0.0000
vt 0.4507 0.1638 0.0000
vt 0.4507 0.1428 0.0000
vt 0.4507 0.1196 0.0000
vt 0.1122 0.2540 0.0000
vt 0.0923 0.2540 0.0000
vt 0.1122 0.2316 0.0000
vt 0.1073 0.2316 0.0000
vt 0.1122 0.2092 0.0000
vt 0.1089 0.2092 0.0000
vt 0.1122 0.1868 0.0000
vt 0.0923 0.1868 0.0000
vt 0.1122 0.1644 0.0000
vt 0.0923 0.1638 0.0000
vt 0.1122 0.1420 0.0000
vt 0.0923 0.1428 0.0000
vt 0.1122 0.1196 0.0000
vt 0.0923 0.1196 0.0000
vt 0.2115 0.2540 0.0000
vt 0.2115 0.2271 0.0000
vt 0.2115 0.2002 0.0000
vt 0.2115 0.1733 0.0000
vt 0.2115 0.1464 0.0000
vt 0.2115 0.1196 0.0000
vt 0.3478 0.2540 0.0000
vt 0.3526 0.2271 0.0000
vt 0.3463 0.2002 0.0000
vt 0.3517 0.1733 0.0000
vt 0.3473 0.1464 0.0000
vt 0.3478 0.1196 0.0000
vt 0.1121 0.2540 0.0000
vt 0.1121 0.2316 0.0000
vt 0.0923 0.2308 0.0000
vt 0.1121 0.2092 0.0000
vt 0.0923 0.2098 0.0000
vt 0.1121 0.1868 0.0000
vt 0.1121 0.1644 0.0000
vt 0.1087 0.1644 0.0000
vt 0.1121 0.1420 0.0000
vt 0.1076 0.1420 0.0000
vt 0.1121 0.1196 0.0000
vt 0.3525 0.2540 0.0000
vt 0.3513 0.2002 0.0000
vt 0.3467 0.1733 0.0000
vt 0.3522 0.1464 0.0000
vt 0.3525 0.1196 0.0000
vt 0.6997 0.2990 0.0000
vt 0.5446 0.2937 0.0000
vt 0.7429 0.4561 0.0000
vt 0.6144 0.5480 0.0000
vt 0.4919 0.4476 0.0000
vt 0.2926 0.2314 0.0000
vt 0.2686 0.2314 0.0000
vt 0.2926 0.2090 0.0000
vt 0.2686 0.2109 0.0000
vt 0.2926 0.1866 0.0000
vt 0.2686 0.1809 0.0000
vt 0.2926 0.1642 0.0000
vt 0.2686 0.1630 0.0000
vt 0.2926 0.1418 0.0000
vt 0.2686 0.1342 0.0000
vt 0.2926 0.1194 0.0000
vt 0.2686 0.1145 0.0000
vt 0.2926 0.0970 0.0000
vt 0.2686 0.0970 0.0000
vt 0.3954 0.2314 0.0000
vt 0.3954 0.1976 0.0000
vt 0.3954 0.1639 0.0000
vt 0.3954 0.1305 0.0000
vt 0.3954 0.0970 0.0000
vt 0.0517 0.2314 0.0000
vt 0.0370 0.2314 0.0000
vt 0.0517 0.1978 0.0000
vt 0.0473 0.1978 0.0000
vt 0.0517 0.1642 0.0000
vt 0.0370 0.1639 0.0000
vt 0.0517 0.1306 0.0000
vt 0.0370 0.1305 0.0000
vt 0.0517 0.0970 0.0000
vt 0.0370 0.0970 0.0000
vt 0.3939 0.2314 0.0000
vt 0.3939 0.1866 0.0000
vt 0.3939 0.1418 0.0000
vt 0.3939 0.0970 0.0000
vt 0.0515 0.2314 0.0000
vt 0.0515 0.1978 0.0000
vt 0.0370 0.1976 0.0000
vt 0.0515 0.1642 0.0000
vt 0.0515 0.1306 0.0000
vt 0.0479 0.1306 0.0000
vt 0.0515 0.0970 0.0000
vt 0.1965 0.2314 0.0000
vt 0.1965 0.1978 0.0000
vt 0.1965 0.1642 0.0000
vt 0.1965 0.1306 0.0000
vt 0.1965 0.0970 0.0000
vt 0.3958 0.2314 0.0000
vt 0.3958 0.1866 0.0000
vt 0.3958 0.1418 0.0000
vt 0.3958 0.0970 0.0000
vt 0.3773 0.2561 0.0000
vt 0.2768 0.2561 0.0000
vt 0.3773 0.2223 0.0000
vt 0.2768 0.2403 0.0000
vt 0.2768 0.2116 0.0000
vt 0.3773 0.1908 0.0000
vt 0.2768 0.1895 0.0000
vt 0.3773 0.1598 0.0000
vt 0.2768 0.1737 0.0000
vt 0.2768 0.1487 0.0000
vt 0.3773 0.1217 0.0000
vt 0.2768 0.1217 0.0000
vt 0.4303 0.2561 0.0000
vt 0.4303 0.2226 0.0000
vt 0.4303 0.1891 0.0000
vt 0.4303 0.1554 0.0000
vt 0.4303 0.1217 0.0000
vt 0.0830 0.2561 0.0000
vt 0.0719 0.2561 0.0000
vt 0.0830 0.2225 0.0000
vt 0.0772 0.2225 0.0000
vt 0.0830 0.1889 0.0000
vt 0.0719 0.1891 0.0000
vt 0.0830 0.1553 0.0000
vt 0.0719 0.1554 0.0000
vt 0.0830 0.1217 0.0000
vt 0.0719 0.1217 0.0000
vt 0.4289 0.2561 0.0000
vt 0.4289 0.2113 0.0000
vt 0.4289 0.1665 0.0000
vt 0.4289 0.1217 0.0000
vt 0.0719 0.2226 0.0000
vt 0.0784 0.1553 0.0000
vt 0.4290 0.2561 0.0000
vt 0.4290 0.2113 0.0000
vt 0.4290 0.1665 0.0000
vt 0.4290 0.1217 0.0000
vt 0.3599 0.2451 0.0000
vt 0.2638 0.2451 0.0000
vt 0.3599 0.2108 0.0000
vt 0.2638 0.2217 0.0000
vt 0.2638 0.2067 0.0000
vt 0.3599 0.1778 0.0000
vt 0.2638 0.1836 0.0000
vt 0.3599 0.1461 0.0000
vt 0.2638 0.1404 0.0000
vt 0.3599 0.1107 0.0000
vt 0.2638 0.1107 0.0000
vt 0.1952 0.2451 0.0000
vt 0.1807 0.2451 0.0000
vt 0.1952 0.2115 0.0000
vt 0.1899 0.2115 0.0000
vt 0.1952 0.1779 0.0000
vt 0.1807 0.1778 0.0000
vt 0.1952 0.1443 0.0000
vt 0.1807 0.1461 0.0000
vt 0.1952 0.1107 0.0000
vt 0.1807 0.1107 0.0000
vt 0.4729 0.2451 0.0000
vt 0.4729 0.2003 0.0000
vt 0.4729 0.1555 0.0000
vt 0.4729 0.1107 0.0000
vt 0.1953 0.2451 0.0000
vt 0.1953 0.2115 0.0000
vt 0.1807 0.2108 0.0000
vt 0.1953 0.1779 0.0000
vt 0.1953 0.1443 0.0000
vt 0.1896 0.1443 0.0000
vt 0.1953 0.1107 0.0000
vt 0.4792 0.2451 0.0000
vt 0.4792 0.2003 0.0000
vt 0.4792 0.1555 0.0000
vt 0.4792 0.1107 0.0000
vt 0.1103 0.2265 0.0000
vt 0.0789 0.2265 0.0000
vt 0.1103 0.1997 0.0000
vt 0.0789 0.1909 0.0000
vt 0.1103 0.1728 0.0000
vt 0.0789 0.1688 0.0000
vt 0.1103 0.1459 0.0000
vt 0.0789 0.1429 0.0000
vt 0.1103 0.1190 0.0000
vt 0.0789 0.1142 0.0000
vt 0.1103 0.0921 0.0000
vt 0.0789 0.0921 0.0000
vt 0.2043 0.2265 0.0000
vt 0.2043 0.1929 0.0000
vt 0.2043 0.1593 0.0000
vt 0.2043 0.1257 0.0000
vt 0.2043 0.0921 0.0000
vt 0.3950 0.2265 0.0000
vt 0.3950 0.1929 0.0000
vt 0.3950 0.1593 0.0000
vt 0.3950 0.1257 0.0000
vt 0.3950 0.0921 0.0000
vt 0.5858 0.2265 0.0000
vt 0.5858 0.1817 0.0000
vt 0.5858 0.1369 0.0000
vt 0.5858 0.0921 0.0000
vt 0.2880 0.2214 0.0000
vt 0.2579 0.2214 0.0000
vt 0.2880 0.1945 0.0000
vt 0.2579 0.2016 0.0000
vt 0.2880 0.1676 0.0000
vt 0.2579 0.1725 0.0000
vt 0.2880 0.1408 0.0000
vt 0.2579 0.1462 0.0000
vt 0.2880 0.1139 0.0000
vt 0.2579 0.1143 0.0000
vt 0.2880 0.0870 0.0000
vt 0.2579 0.0870 0.0000
vt 0.3712 0.2214 0.0000
vt 0.3712 0.1878 0.0000
vt 0.3712 0.1542 0.0000
vt 0.3712 0.1206 0.0000
vt 0.3712 0.0870 0.0000
vt 0.1088 0.2342 0.0000
vt 0.0764 0.2342 0.0000
vt 0.1088 0.2073 0.0000
vt 0.0764 0.2006 0.0000
vt 0.1088 0.1804 0.0000
vt 0.0764 0.1785 0.0000
vt 0.1088 0.1536 0.0000
vt 0.0764 0.1567 0.0000
vt 0.1088 0.1267 0.0000
vt 0.0764 0.1213 0.0000
vt 0.1088 0.0998 0.0000
vt 0.0764 0.0998 0.0000
vt 0.1960 0.2342 0.0000
vt 0.1960 0.2006 0.0000
vt 0.1960 0.1670 0.0000
vt 0.1960 0.1334 0.0000
vt 0.1960 0.0998 0.0000
vt 0.3802 0.2342 0.0000
vt 0.3802 0.2006 0.0000
vt 0.3802 0.1670 0.0000
vt 0.3802 0.1334 0.0000
vt 0.3802 0.0998 0.0000
vt 0.5638 0.2342 0.0000
vt 0.5638 0.1894 0.0000
vt 0.5638 0.1446 0.0000
vt 0.5638 0.0998 0.0000
vt 0.2051 0.2712 0.0000
vt 0.2072 0.6509 0.0000
vt 0.0820 0.6111 0.0000
vt 0.0959 0.5782 0.0000
vt 0.0041 0.5106 0.0000
vt 0.0065 0.4089 0.0000
vt 0.2037 0.6484 0.0000
vt 0.0620 0.5955 0.0000
vt 0.1104 0.4843 0.0000
vt 0.0048 0.5162 0.0000
vt 0.0103 0.4101 0.0000
vt 0.2051 0.2711 0.0000
vt 0.2508 0.2571 0.0000
vt 0.2508 0.2417 0.0000
vt 0.2508 0.2235 0.0000
vt 0.2508 0.2053 0.0000
vt 0.2508 0.1903 0.0000
vt 0.2508 0.1747 0.0000
vt 0.2508 0.1559 0.0000
vt 0.2508 0.1368 0.0000
vt 0.2508 0.1227 0.0000
vt 0.2489 0.2594 0.0000
vt 0.2489 0.2425 0.0000
vt 0.2489 0.2237 0.0000
vt 0.2489 0.2069 0.0000
vt 0.2489 0.1922 0.0000
vt 0.2489 0.1769 0.0000
vt 0.2489 0.1581 0.0000
vt 0.2489 0.1399 0.0000
vt 0.2489 0.1250 0.0000
vt 0.2572 0.2229 0.0000
vt 0.2572 0.2063 0.0000
vt 0.2572 0.1847 0.0000
vt 0.2572 0.1671 0.0000
vt 0.2572 0.1540 0.0000
vt 0.2572 0.1402 0.0000
vt 0.2572 0.1231 0.0000
vt 0.2572 0.1040 0.0000
vt 0.2572 0.0885 0.0000
vt 0.2214 0.2436 0.0000
vt 0.2214 0.2281 0.0000
vt 0.2214 0.2106 0.0000
vt 0.2214 0.1902 0.0000
vt 0.2214 0.1767 0.0000
vt 0.2214 0.1604 0.0000
vt 0.2214 0.1452 0.0000
vt 0.2214 0.1272 0.0000
vt 0.2214 0.1092 0.0000
vt 0.0531 0.2432 0.0000
vt 0.0531 0.2209 0.0000
vt 0.0531 0.1966 0.0000
vt 0.0531 0.1816 0.0000
vt 0.0531 0.1688 0.0000
vt 0.0531 0.1506 0.0000
vt 0.0531 0.1251 0.0000
vt 0.0531 0.1088 0.0000
vt 0.2144 0.2303 0.0000
vt 0.2144 0.2130 0.0000
vt 0.2144 0.1971 0.0000
vt 0.2144 0.1804 0.0000
vt 0.2144 0.1636 0.0000
vt 0.2144 0.1480 0.0000
vt 0.2144 0.1314 0.0000
vt 0.2144 0.1125 0.0000
vt 0.2144 0.0959 0.0000
vt 0.2314 0.2245 0.0000
vt 0.2314 0.2087 0.0000
vt 0.2314 0.1940 0.0000
vt 0.2314 0.1705 0.0000
vt 0.2314 0.1532 0.0000
vt 0.2314 0.1414 0.0000
vt 0.2314 0.1298 0.0000
vt 0.2314 0.1124 0.0000
vt 0.2314 0.0901 0.0000
vt 0.2175 0.2336 0.0000
vt 0.2175 0.2096 0.0000
vt 0.2175 0.1913 0.0000
vt 0.2175 0.1744 0.0000
vt 0.2175 0.1576 0.0000
vt 0.2175 0.1380 0.0000
vt 0.2175 0.1153 0.0000
vt 0.2175 0.0992 0.0000
vt 0.2221 0.2489 0.0000
vt 0.2221 0.2250 0.0000
vt 0.2221 0.2066 0.0000
vt 0.2221 0.1842 0.0000
vt 0.2221 0.1584 0.0000
vt 0.2221 0.1397 0.0000
vt 0.2221 0.1145 0.0000
vt 0.2408 0.2447 0.0000
vt 0.2408 0.2175 0.0000
vt 0.2408 0.1903 0.0000
vt 0.2408 0.1779 0.0000
vt 0.2408 0.1659 0.0000
vt 0.2408 0.1305 0.0000
vt 0.2408 0.1103 0.0000
vt 0.2378 0.2363 0.0000
vt 0.2378 0.2003 0.0000
vt 0.2378 0.1840 0.0000
vt 0.2378 0.1708 0.0000
vt 0.2378 0.1342 0.0000
vt 0.2378 0.1160 0.0000
vt 0.2378 0.1019 0.0000
vt 0.2292 0.2256 0.0000
vt 0.2292 0.2031 0.0000
vt 0.2292 0.1794 0.0000
vt 0.2292 0.1519 0.0000
vt 0.2292 0.1356 0.0000
vt 0.2292 0.1184 0.0000
vt 0.2292 0.0912 0.0000
vt 0.2341 0.2380 0.0000
vt 0.2341 0.2185 0.0000
vt 0.2341 0.1987 0.0000
vt 0.2341 0.1707 0.0000
vt 0.2341 0.1517 0.0000
vt 0.2341 0.1345 0.0000
vt 0.2341 0.1036 0.0000
vt 0.2275 0.2540 0.0000
vt 0.2275 0.2250 0.0000
vt 0.2275 0.2032 0.0000
vt 0.2275 0.1887 0.0000
vt 0.2275 0.1669 0.0000
vt 0.2275 0.1345 0.0000
vt 0.2275 0.1196 0.0000
vt 0.2444 0.2314 0.0000
vt 0.2444 0.2116 0.0000
vt 0.2444 0.1761 0.0000
vt 0.2444 0.1617 0.0000
vt 0.2444 0.1274 0.0000
vt 0.2444 0.1098 0.0000
vt 0.2444 0.0970 0.0000
vt 0.2179 0.2561 0.0000
vt 0.2179 0.2406 0.0000
vt 0.2179 0.2120 0.0000
vt 0.2179 0.1891 0.0000
vt 0.2179 0.1730 0.0000
vt 0.2179 0.1472 0.0000
vt 0.2179 0.1217 0.0000
vt 0.2638 0.1547 0.0000
vt 0.2266 0.2214 0.0000
vt 0.2266 0.2068 0.0000
vt 0.2266 0.1758 0.0000
vt 0.2266 0.1498 0.0000
vt 0.2266 0.1153 0.0000
vt 0.2266 0.0870 0.0000
vt 0.2426 0.1844 0.0000
vt 0.2426 0.1538 0.0000
vt 0.2426 0.1423 0.0000
vt 0.0475 0.2265 0.0000
vt 0.0475 0.1834 0.0000
vt 0.0475 0.1659 0.0000
vt 0.0475 0.1402 0.0000
vt 0.0475 0.1090 0.0000
vt 0.0475 0.0921 0.0000
vt 0.2426 0.1107 0.0000
vt 0.2426 0.2451 0.0000
vt 0.2426 0.2211 0.0000
vt 0.0438 0.2342 0.0000
vt 0.0438 0.1944 0.0000
vt 0.0438 0.1763 0.0000
vt 0.0438 0.1586 0.0000
vt 0.0438 0.1161 0.0000
vt 0.0438 0.0998 0.0000
vt 0.2426 0.2080 0.0000
# 1687 texture coords

o LOD0
g LOD0
usemtl RedDeliciousApple_Mat
s off
f 1/1/1 2/2/2 3/3/3 
f 4/4/4 3/3/3 2/2/2 
f 3/3/3 4/4/4 5/5/5 
f 6/6/6 5/5/5 4/4/4 
f 5/5/5 6/6/6 7/7/7 
f 8/8/8 7/7/7 6/6/6 
f 7/7/7 8/8/8 9/9/9 
f 10/10/10 9/9/9 8/8/8 
f 9/9/9 10/10/10 11/11/11 
f 12/12/12 11/11/11 10/10/10 
f 11/11/11 12/12/12 13/13/13 
f 14/14/14 13/13/13 12/12/12 
f 13/13/13 14/14/14 15/15/15 
f 16/16/16 15/15/15 14/14/14 
f 15/15/15 16/16/16 17/17/17 
f 18/18/18 17/17/17 16/16/16 
f 17/17/17 18/18/18 19/19/19 
f 20/20/20 19/19/19 18/18/18 
f 19/19/19 20/20/20 21/21/21 
f 22/22/22 21/21/21 20/20/20 
f 21/21/21 22/22/22 23/23/23 
f 24/24/24 23/23/23 22/22/22 
f 23/23/23 24/24/24 25/25/25 
f 26/26/26 25/25/25 24/24/24 
f 25/25/25 26/26/26 27/27/27 
f 28/28/28 27/27/27 26/26/26 
f 27/27/27 28/28/28 29/29/29 
f 30/30/30 29/29/29 28/28/28 
f 29/29/29 30/30/30 31/31/31 
f 32/32/32 31/31/31 30/30/30 
f 31/31/31 32/32/32 1/33/1 
f 2/34/2 1/33/1 32/32/32 
f 33/35/33 1/1/1 34/36/34 
f 3/3/3 34/36/34 1/1/1 
f 34/36/34 3/3/3 35/37/35 
f 5/5/5 35/37/35 3/3/3 
f 35/37/35 5/5/5 36/38/36 
f 7/7/7 36/38/36 5/5/5 
f 36/38/36 7/7/7 37/39/37 
f 9/9/9 37/39/37 7/7/7 
f 37/39/37 9/9/9 38/40/38 
f 11/11/11 38/40/38 9/9/9 
f 38/40/38 11/11/11 39/41/39 
f 13/13/13 39/41/39 11/11/11 
f 39/41/39 13/13/13 40/42/40 
f 15/15/15 40/42/40 13/13/13 
f 40/42/40 15/15/15 41/43/41 
f 17/17/17 41/43/41 15/15/15 
f 41/43/41 17/17/17 42/44/42 
f 19/19/19 42/44/42 17/17/17 
f 42/44/42 19/19/19 43/45/43 
f 21/21/21 43/45/43 19/19/19 
f 43/45/43 21/21/21 44/46/44 
f 23/23/23 44/46/44 21/21/21 
f 44/46/44 23/23/23 45/47/45 
f 25/25/25 45/47/45 23/23/23 
f 45/47/45 25/25/25 46/48/46 
f 27/27/27 46/48/46 25/25/25 
f 46/48/46 27/27/27 47/49/47 
f 29/29/29 47/49/47 27/27/27 
f 47/49/47 29/29/29 48/50/48 
f 31/31/31 48/50/48 29/29/29 
f 48/50/48 31/31/31 33/51/33 
f 1/33/1 33/51/33 31/31/31 
f 49/52/49 33/35/33 50/53/50 
f 34/36/34 50/53/50 33/35/33 
f 50/53/50 34/36/34 51/54/51 
f 35/37/35 51/54/51 34/36/34 
f 51/54/51 35/37/35 52/55/52 
f 36/38/36 52/55/52 35/37/35 
f 52/55/52 36/38/36 53/56/53 
f 37/39/37 53/56/53 36/38/36 
f 53/56/53 37/39/37 54/57/54 
f 38/40/38 54/57/54 37/39/37 
f 54/57/54 38/40/38 55/58/55 
f 39/41/39 55/58/55 38/40/38 
f 55/58/55 39/41/39 56/59/56 
f 40/42/40 56/59/56 39/41/39 
f 56/59/56 40/42/40 57/60/57 
f 41/43/41 57/60/57 40/42/40 
f 57/60/57 41/43/41 58/61/58 
f 42/44/42 58/61/58 41/43/41 
f 58/61/58 42/44/42 59/62/59 
f 43/45/43 59/62/59 42/44/42 
f 59/62/59 43/45/43 60/63/60 
f 44/46/44 60/63/60 43/45/43 
f 60/63/60 44/46/44 61/64/61 
f 45/47/45 61/64/61 44/46/44 
f 61/64/61 45/47/45 62/65/62 
f 46/48/46 62/65/62 45/47/45 
f 62/65/62 46/48/46 63/66/63 
f 47/49/47 63/66/63 46/48/46 
f 63/66/63 47/49/47 64/67/64 
f 48/50/48 64/67/64 47/49/47 
f 64/67/64 48/50/48 49/68/49 
f 33/51/33 49/68/49 48/50/48 
f 65/69/65 49/52/49 66/70/66 
f 50/53/50 66/70/66 49/52/49 
f 66/70/66 50/53/50 67/71/67 
f 51/54/51 67/71/67 50/53/50 
f 67/71/67 51/54/51 68/72/68 
f 52/55/52 68/72/68 51/54/51 
f 68/72/68 52/55/52 69/73/69 
f 53/56/53 69/73/69 52/55/52 
f 69/73/69 53/56/53 70/74/70 
f 54/57/54 70/74/70 53/56/53 
f 70/74/70 54/57/54 71/75/71 
f 55/58/55 71/75/71 54/57/54 
f 71/75/71 55/58/55 72/76/72 
f 56/59/56 72/76/72 55/58/55 
f 72/76/72 56/59/56 73/77/73 
f 57/60/57 73/77/73 56/59/56 
f 73/77/73 57/60/57 74/78/74 
f 58/61/58 74/78/74 57/60/57 
f 74/78/74 58/61/58 75/79/75 
f 59/62/59 75/79/75 58/61/58 
f 75/79/75 59/62/59 76/80/76 
f 60/63/60 76/80/76 59/62/59 
f 76/80/76 60/63/60 77/81/77 
f 61/64/61 77/81/77 60/63/60 
f 77/81/77 61/64/61 78/82/78 
f 62/65/62 78/82/78 61/64/61 
f 78/82/78 62/65/62 79/83/79 
f 63/66/63 79/83/79 62/65/62 
f 79/83/79 63/66/63 80/84/80 
f 64/67/64 80/84/80 63/66/63 
f 80/84/80 64/67/64 65/85/65 
f 49/68/49 65/85/65 64/67/64 
f 81/86/81 65/69/65 82/87/82 
f 66/70/66 82/87/82 65/69/65 
f 82/87/82 66/70/66 83/88/83 
f 67/71/67 83/88/83 66/70/66 
f 83/88/83 67/71/67 84/89/84 
f 68/72/68 84/89/84 67/71/67 
f 84/89/84 68/72/68 85/90/85 
f 69/73/69 85/90/85 68/72/68 
f 85/90/85 69/73/69 86/91/86 
f 70/74/70 86/91/86 69/73/69 
f 86/91/86 70/74/70 87/92/87 
f 71/75/71 87/92/87 70/74/70 
f 87/92/87 71/75/71 88/93/88 
f 72/76/72 88/93/88 71/75/71 
f 88/93/88 72/76/72 89/94/89 
f 73/77/73 89/94/89 72/76/72 
f 89/94/89 73/77/73 90/95/90 
f 74/78/74 90/95/90 73/77/73 
f 90/95/90 74/78/74 91/96/91 
f 75/79/75 91/96/91 74/78/74 
f 91/96/91 75/79/75 92/97/92 
f 76/80/76 92/97/92 75/79/75 
f 92/97/92 76/80/76 93/98/93 
f 77/81/77 93/98/93 76/80/76 
f 93/98/93 77/81/77 94/99/94 
f 78/82/78 94/99/94 77/81/77 
f 94/99/94 78/82/78 95/100/95 
f 79/83/79 95/100/95 78/82/78 
f 95/100/95 79/83/79 96/101/96 
f 80/84/80 96/101/96 79/83/79 
f 96/101/96 80/84/80 81/102/81 
f 65/85/65 81/102/81 80/84/80 
f 97/103/97 81/104/81 98/105/98 
f 99/106/99 98/105/98 81/104/81 
f 98/105/98 99/106/99 100/107/100 
f 101/108/101 100/107/100 99/106/99 
f 100/107/100 101/108/101 102/109/102 
f 103/110/103 102/109/102 101/108/101 
f 102/109/102 103/110/103 104/111/104 
f 105/112/105 104/111/104 103/110/103 
f 104/111/104 105/112/105 106/113/106 
f 107/114/107 106/113/106 105/112/105 
f 106/113/106 107/114/107 108/115/108 
f 109/116/109 108/115/108 107/114/107 
f 108/115/108 109/116/109 110/117/110 
f 111/118/111 110/117/110 109/116/109 
f 110/117/110 111/118/111 112/119/112 
f 89/120/89 112/119/112 111/118/111 
f 112/119/112 89/120/89 113/121/113 
f 90/122/90 113/121/113 89/120/89 
f 113/121/113 90/122/90 114/123/114 
f 91/124/91 114/123/114 90/122/90 
f 114/123/114 91/124/91 115/125/115 
f 92/126/92 115/125/115 91/124/91 
f 115/125/115 92/126/92 116/127/116 
f 93/128/93 116/127/116 92/126/92 
f 116/127/116 93/128/93 117/129/117 
f 94/130/94 117/129/117 93/128/93 
f 117/129/117 94/130/94 118/131/118 
f 95/132/95 118/131/118 94/130/94 
f 118/131/118 95/132/95 119/133/119 
f 96/134/96 119/133/119 95/132/95 
f 119/133/119 96/134/96 97/135/97 
f 81/136/81 97/135/97 96/134/96 
f 120/137/120 97/103/97 121/138/121 
f 98/105/98 121/138/121 97/103/97 
f 121/138/121 98/105/98 122/139/122 
f 100/107/100 122/139/122 98/105/98 
f 102/109/102 122/139/122 100/107/100 
f 122/139/122 102/109/102 123/140/123 
f 104/111/104 123/140/123 102/109/102 
f 123/140/123 104/111/104 124/141/124 
f 106/113/106 124/141/124 104/111/104 
f 124/141/124 106/113/106 125/142/125 
f 108/115/108 125/142/125 106/113/106 
f 125/142/125 108/115/108 126/143/126 
f 110/117/110 126/143/126 108/115/108 
f 126/143/126 110/117/110 127/144/127 
f 112/119/112 127/144/127 110/117/110 
f 113/121/113 127/144/127 112/119/112 
f 127/144/127 113/121/113 128/145/128 
f 114/123/114 128/145/128 113/121/113 
f 128/145/128 114/123/114 129/146/129 
f 115/125/115 129/146/129 114/123/114 
f 129/146/129 115/125/115 130/147/130 
f 116/127/116 130/147/130 115/125/115 
f 130/147/130 116/127/116 131/148/131 
f 117/129/117 131/148/131 116/127/116 
f 118/131/118 131/148/131 117/129/117 
f 131/148/131 118/131/118 132/149/132 
f 119/133/119 132/149/132 118/131/118 
f 132/149/132 119/133/119 120/150/120 
f 97/135/97 120/150/120 119/133/119 
f 133/151/133 120/137/120 134/152/134 
f 121/138/121 134/152/134 120/137/120 
f 134/152/134 121/138/121 135/153/135 
f 122/139/122 135/153/135 121/138/121 
f 123/140/123 135/153/135 122/139/122 
f 135/153/135 123/140/123 136/154/136 
f 124/141/124 136/154/136 123/140/123 
f 136/154/136 124/141/124 137/155/137 
f 125/142/125 137/155/137 124/141/124 
f 137/155/137 125/142/125 138/156/138 
f 126/143/126 138/156/138 125/142/125 
f 127/144/127 138/156/138 126/143/126 
f 138/156/138 127/144/127 139/157/139 
f 128/145/128 139/157/139 127/144/127 
f 139/157/139 128/145/128 140/158/140 
f 129/146/129 140/158/140 128/145/128 
f 140/158/140 129/146/129 141/159/141 
f 130/147/130 141/159/141 129/146/129 
f 131/148/131 141/159/141 130/147/130 
f 141/159/141 131/148/131 142/160/142 
f 132/149/132 142/160/142 131/148/131 
f 142/160/142 132/149/132 133/161/133 
f 120/150/120 133/161/133 132/149/132 
f 143/162/143 133/151/133 144/163/144 
f 134/152/134 144/163/144 133/151/133 
f 144/163/144 134/152/134 145/164/145 
f 135/153/135 145/164/145 134/152/134 
f 145/164/145 135/153/135 146/165/146 
f 136/154/136 146/165/146 135/153/135 
f 146/165/146 136/154/136 147/166/147 
f 137/155/137 147/166/147 136/154/136 
f 147/166/147 137/155/137 148/167/148 
f 138/156/138 148/167/148 137/155/137 
f 139/157/139 148/167/148 138/156/138 
f 148/167/148 139/157/139 149/168/149 
f 140/158/140 149/168/149 139/157/139 
f 149/168/149 140/158/140 150/169/150 
f 141/159/141 150/169/150 140/158/140 
f 150/169/150 141/159/141 151/170/151 
f 142/160/142 151/170/151 141/159/141 
f 151/170/151 142/160/142 143/171/143 
f 133/161/133 143/171/143 142/160/142 
f 152/172/152 143/162/143 153/173/153 
f 144/163/144 153/173/153 143/162/143 
f 153/173/153 144/163/144 154/174/154 
f 145/164/145 154/174/154 144/163/144 
f 154/174/154 145/164/145 155/175/155 
f 146/165/146 155/175/155 145/164/145 
f 155/175/155 146/165/146 156/176/156 
f 147/166/147 156/176/156 146/165/146 
f 148/167/148 156/176/156 147/166/147 
f 156/176/156 148/167/148 157/177/157 
f 149/168/149 157/177/157 148/167/148 
f 157/177/157 149/168/149 158/178/158 
f 150/169/150 158/178/158 149/168/149 
f 158/178/158 150/169/150 159/179/159 
f 151/170/151 159/179/159 150/169/150 
f 159/179/159 151/170/151 152/180/152 
f 143/171/143 152/180/152 151/170/151 
f 160/181/160 152/172/152 161/182/161 
f 153/173/153 161/182/161 152/172/152 
f 161/182/161 153/173/153 162/183/162 
f 154/174/154 162/183/162 153/173/153 
f 162/183/162 154/174/154 163/184/163 
f 155/175/155 163/184/163 154/174/154 
f 163/184/163 155/175/155 164/185/164 
f 156/176/156 164/185/164 155/175/155 
f 157/177/157 164/185/164 156/176/156 
f 164/185/164 157/177/157 165/186/165 
f 158/178/158 165/186/165 157/177/157 
f 165/186/165 158/178/158 166/187/166 
f 159/179/159 166/187/166 158/178/158 
f 166/187/166 159/179/159 160/188/160 
f 152/180/152 160/188/160 159/179/159 
f 167/189/167 160/181/160 168/190/168 
f 161/182/161 168/190/168 160/181/160 
f 168/190/168 161/182/161 169/191/169 
f 162/183/162 169/191/169 161/182/161 
f 169/191/169 162/183/162 170/192/170 
f 163/184/163 170/192/170 162/183/162 
f 170/192/170 163/184/163 171/193/171 
f 164/185/164 171/193/171 163/184/163 
f 171/193/171 164/185/164 172/194/172 
f 165/186/165 172/194/172 164/185/164 
f 172/194/172 165/186/165 173/195/173 
f 166/187/166 173/195/173 165/186/165 
f 173/195/173 166/187/166 167/196/167 
f 160/188/160 167/196/167 166/187/166 
f 174/197/174 167/189/167 175/198/175 
f 168/190/168 175/198/175 167/189/167 
f 175/198/175 168/190/168 176/199/176 
f 169/191/169 176/199/176 168/190/168 
f 176/199/176 169/191/169 177/200/177 
f 170/192/170 177/200/177 169/191/169 
f 177/200/177 170/192/170 178/201/178 
f 171/193/171 178/201/178 170/192/170 
f 178/201/178 171/193/171 179/202/179 
f 172/194/172 179/202/179 171/193/171 
f 179/202/179 172/194/172 180/203/180 
f 173/195/173 180/203/180 172/194/172 
f 180/203/180 173/195/173 174/204/174 
f 167/196/167 174/204/174 173/195/173 
f 181/205/181 174/197/174 182/206/182 
f 175/198/175 182/206/182 174/197/174 
f 182/206/182 175/198/175 183/207/183 
f 176/199/176 183/207/183 175/198/175 
f 183/207/183 176/199/176 184/208/184 
f 177/200/177 184/208/184 176/199/176 
f 184/208/184 177/200/177 185/209/185 
f 178/201/178 185/209/185 177/200/177 
f 185/209/185 178/201/178 186/210/186 
f 179/202/179 186/210/186 178/201/178 
f 186/210/186 179/202/179 187/211/187 
f 180/203/180 187/211/187 179/202/179 
f 187/211/187 180/203/180 181/212/181 
f 174/204/174 181/212/181 180/203/180 
f 188/213/188 181/205/181 189/214/189 
f 182/206/182 189/214/189 181/205/181 
f 189/214/189 182/206/182 190/215/190 
f 183/207/183 190/215/190 182/206/182 
f 190/215/190 183/207/183 191/216/191 
f 184/208/184 191/216/191 183/207/183 
f 191/216/191 184/208/184 192/217/192 
f 185/209/185 192/217/192 184/208/184 
f 192/217/192 185/209/185 193/218/193 
f 186/210/186 193/218/193 185/209/185 
f 193/218/193 186/210/186 194/219/194 
f 187/211/187 194/219/194 186/210/186 
f 194/219/194 187/211/187 188/220/188 
f 181/212/181 188/220/188 187/211/187 
f 195/221/195 188/213/188 196/222/196 
f 189/214/189 196/222/196 188/213/188 
f 196/222/196 189/214/189 197/223/197 
f 190/215/190 197/223/197 189/214/189 
f 197/223/197 190/215/190 198/224/198 
f 191/216/191 198/224/198 190/215/190 
f 198/224/198 191/216/191 199/225/199 
f 192/217/192 199/225/199 191/216/191 
f 199/225/199 192/217/192 200/226/200 
f 193/218/193 200/226/200 192/217/192 
f 200/226/200 193/218/193 201/227/201 
f 194/219/194 201/227/201 193/218/193 
f 201/227/201 194/219/194 195/228/195 
f 188/220/188 195/228/195 194/219/194 
f 196/229/202 202/230/203 195/231/204 
f 197/232/205 202/230/203 196/229/202 
f 198/233/206 202/230/203 197/232/205 
f 199/234/207 202/230/203 198/233/206 
f 200/235/208 202/230/203 199/234/207 
f 201/236/209 202/230/203 200/235/208 
f 195/231/204 202/230/203 201/236/209 
f 203/103/210 81/104/81 204/105/211 
f 82/237/82 204/105/211 81/104/81 
f 204/105/211 82/237/82 205/107/212 
f 83/238/83 205/107/212 82/237/82 
f 205/107/212 83/238/83 206/109/213 
f 84/239/84 206/109/213 83/238/83 
f 206/109/213 84/239/84 207/111/214 
f 85/240/85 207/111/214 84/239/84 
f 207/111/214 85/240/85 208/113/215 
f 86/241/86 208/113/215 85/240/85 
f 208/113/215 86/241/86 209/115/216 
f 87/242/87 209/115/216 86/241/86 
f 209/115/216 87/242/87 210/117/217 
f 88/243/88 210/117/217 87/242/87 
f 210/117/217 88/243/88 211/119/218 
f 89/120/89 211/119/218 88/243/88 
f 211/119/218 89/120/89 212/121/219 
f 111/244/111 212/121/219 89/120/89 
f 212/121/219 111/244/111 213/123/220 
f 109/245/109 213/123/220 111/244/111 
f 213/123/220 109/245/109 214/125/221 
f 107/246/107 214/125/221 109/245/109 
f 214/125/221 107/246/107 215/127/222 
f 105/247/105 215/127/222 107/246/107 
f 215/127/222 105/247/105 216/129/223 
f 103/248/103 216/129/223 105/247/105 
f 216/129/223 103/248/103 217/131/224 
f 101/249/101 217/131/224 103/248/103 
f 217/131/224 101/249/101 218/133/225 
f 99/250/99 218/133/225 101/249/101 
f 218/133/225 99/250/99 203/135/210 
f 81/136/81 203/135/210 99/250/99 
f 219/251/226 203/103/210 220/252/227 
f 204/105/211 220/252/227 203/103/210 
f 220/252/227 204/105/211 221/253/228 
f 205/107/212 221/253/228 204/105/211 
f 206/109/213 221/253/228 205/107/212 
f 221/253/228 206/109/213 222/254/229 
f 207/111/214 222/254/229 206/109/213 
f 222/254/229 207/111/214 223/255/230 
f 208/113/215 223/255/230 207/111/214 
f 223/255/230 208/113/215 224/256/231 
f 209/115/216 224/256/231 208/113/215 
f 224/256/231 209/115/216 225/257/232 
f 210/117/217 225/257/232 209/115/216 
f 225/257/232 210/117/217 226/258/233 
f 211/119/218 226/258/233 210/117/217 
f 212/121/219 226/258/233 211/119/218 
f 226/258/233 212/121/219 227/259/234 
f 213/123/220 227/259/234 212/121/219 
f 227/259/234 213/123/220 228/260/235 
f 214/125/221 228/260/235 213/123/220 
f 228/260/235 214/125/221 229/261/236 
f 215/127/222 229/261/236 214/125/221 
f 229/261/236 215/127/222 230/262/237 
f 216/129/223 230/262/237 215/127/222 
f 217/131/224 230/262/237 216/129/223 
f 230/262/237 217/131/224 231/263/238 
f 218/133/225 231/263/238 217/131/224 
f 231/263/238 218/133/225 219/264/226 
f 203/135/210 219/264/226 218/133/225 
f 232/151/239 219/251/226 233/152/240 
f 220/252/227 233/152/240 219/251/226 
f 233/152/240 220/252/227 234/153/241 
f 221/253/228 234/153/241 220/252/227 
f 222/254/229 234/153/241 221/253/228 
f 234/153/241 222/254/229 235/154/242 
f 223/255/230 235/154/242 222/254/229 
f 235/154/242 223/255/230 236/155/243 
f 224/256/231 236/155/243 223/255/230 
f 236/155/243 224/256/231 237/156/244 
f 225/257/232 237/156/244 224/256/231 
f 226/258/233 237/156/244 225/257/232 
f 237/156/244 226/258/233 238/157/245 
f 227/259/234 238/157/245 226/258/233 
f 238/157/245 227/259/234 239/158/246 
f 228/260/235 239/158/246 227/259/234 
f 239/158/246 228/260/235 240/159/247 
f 229/261/236 240/159/247 228/260/235 
f 230/262/237 240/159/247 229/261/236 
f 240/159/247 230/262/237 241/160/248 
f 231/263/238 241/160/248 230/262/237 
f 241/160/248 231/263/238 232/161/239 
f 219/264/226 232/161/239 231/263/238 
f 242/162/249 232/151/239 243/163/250 
f 233/152/240 243/163/250 232/151/239 
f 243/163/250 233/152/240 244/164/251 
f 234/153/241 244/164/251 233/152/240 
f 244/164/251 234/153/241 245/165/252 
f 235/154/242 245/165/252 234/153/241 
f 245/165/252 235/154/242 246/166/253 
f 236/155/243 246/166/253 235/154/242 
f 246/166/253 236/155/243 247/167/254 
f 237/156/244 247/167/254 236/155/243 
f 238/157/245 247/167/254 237/156/244 
f 247/167/254 238/157/245 248/168/255 
f 239/158/246 248/168/255 238/157/245 
f 248/168/255 239/158/246 249/169/256 
f 240/159/247 249/169/256 239/158/246 
f 249/169/256 240/159/247 250/170/257 
f 241/160/248 250/170/257 240/159/247 
f 250/170/257 241/160/248 242/171/249 
f 232/161/239 242/171/249 241/160/248 
f 251/172/258 242/162/249 252/173/259 
f 243/163/250 252/173/259 242/162/249 
f 252/173/259 243/163/250 253/174/260 
f 244/164/251 253/174/260 243/163/250 
f 253/174/260 244/164/251 254/175/261 
f 245/165/252 254/175/261 244/164/251 
f 254/175/261 245/165/252 255/176/262 
f 246/166/253 255/176/262 245/165/252 
f 247/167/254 255/176/262 246/166/253 
f 255/176/262 247/167/254 256/177/263 
f 248/168/255 256/177/263 247/167/254 
f 256/177/263 248/168/255 257/178/264 
f 249/169/256 257/178/264 248/168/255 
f 257/178/264 249/169/256 258/179/265 
f 250/170/257 258/179/265 249/169/256 
f 258/179/265 250/170/257 251/180/258 
f 242/171/249 251/180/258 250/170/257 
f 259/265/266 251/172/258 260/266/267 
f 252/173/259 260/266/267 251/172/258 
f 260/266/267 252/173/259 261/267/268 
f 253/174/260 261/267/268 252/173/259 
f 261/267/268 253/174/260 262/268/269 
f 254/175/261 262/268/269 253/174/260 
f 262/268/269 254/175/261 263/269/270 
f 255/176/262 263/269/270 254/175/261 
f 256/177/263 263/269/270 255/176/262 
f 263/269/270 256/177/263 264/270/271 
f 257/178/264 264/270/271 256/177/263 
f 264/270/271 257/178/264 265/271/272 
f 258/179/265 265/271/272 257/178/264 
f 265/271/272 258/179/265 259/272/266 
f 251/180/258 259/272/266 258/179/265 
f 266/189/273 259/265/266 267/190/274 
f 260/266/267 267/190/274 259/265/266 
f 267/190/274 260/266/267 268/191/275 
f 261/267/268 268/191/275 260/266/267 
f 268/191/275 261/267/268 269/192/276 
f 262/268/269 269/192/276 261/267/268 
f 269/192/276 262/268/269 270/193/277 
f 263/269/270 270/193/277 262/268/269 
f 270/193/277 263/269/270 271/194/278 
f 264/270/271 271/194/278 263/269/270 
f 271/194/278 264/270/271 272/195/279 
f 265/271/272 272/195/279 264/270/271 
f 272/195/279 265/271/272 266/196/273 
f 259/272/266 266/196/273 265/271/272 
f 273/197/280 266/189/273 274/198/281 
f 267/190/274 274/198/281 266/189/273 
f 274/198/281 267/190/274 275/199/282 
f 268/191/275 275/199/282 267/190/274 
f 275/199/282 268/191/275 276/200/283 
f 269/192/276 276/200/283 268/191/275 
f 276/200/283 269/192/276 277/201/284 
f 270/193/277 277/201/284 269/192/276 
f 277/201/284 270/193/277 278/202/285 
f 271/194/278 278/202/285 270/193/277 
f 278/202/285 271/194/278 279/203/286 
f 272/195/279 279/203/286 271/194/278 
f 279/203/286 272/195/279 273/204/280 
f 266/196/273 273/204/280 272/195/279 
f 280/273/287 273/197/280 281/274/288 
f 274/198/281 281/274/288 273/197/280 
f 281/274/288 274/198/281 282/275/289 
f 275/199/282 282/275/289 274/198/281 
f 282/275/289 275/199/282 283/276/290 
f 276/200/283 283/276/290 275/199/282 
f 283/276/290 276/200/283 284/277/291 
f 277/201/284 284/277/291 276/200/283 
f 284/277/291 277/201/284 285/278/292 
f 278/202/285 285/278/292 277/201/284 
f 285/278/292 278/202/285 286/279/293 
f 279/203/286 286/279/293 278/202/285 
f 286/279/293 279/203/286 280/280/287 
f 273/204/280 280/280/287 279/203/286 
f 287/281/294 280/273/287 288/282/295 
f 281/274/288 288/282/295 280/273/287 
f 288/282/295 281/274/288 289/283/296 
f 282/275/289 289/283/296 281/274/288 
f 289/283/296 282/275/289 290/284/297 
f 283/276/290 290/284/297 282/275/289 
f 290/284/297 283/276/290 291/285/298 
f 284/277/291 291/285/298 283/276/290 
f 291/285/298 284/277/291 292/286/299 
f 285/278/292 292/286/299 284/277/291 
f 292/286/299 285/278/292 293/287/300 
f 286/279/293 293/287/300 285/278/292 
f 293/287/300 286/279/293 287/288/294 
f 280/280/287 287/288/294 286/279/293 
f 294/289/301 287/281/294 295/290/302 
f 288/282/295 295/290/302 287/281/294 
f 295/290/302 288/282/295 296/291/303 
f 289/283/296 296/291/303 288/282/295 
f 296/291/303 289/283/296 297/292/304 
f 290/284/297 297/292/304 289/283/296 
f 297/292/304 290/284/297 298/293/305 
f 291/285/298 298/293/305 290/284/297 
f 298/293/305 291/285/298 299/294/306 
f 292/286/299 299/294/306 291/285/298 
f 299/294/306 292/286/299 300/295/307 
f 293/287/300 300/295/307 292/286/299 
f 300/295/307 293/287/300 294/296/301 
f 287/288/294 294/296/301 293/287/300 
f 295/297/308 301/230/309 294/298/310 
f 296/299/311 301/230/309 295/297/308 
f 297/300/312 301/230/309 296/299/311 
f 298/301/313 301/230/309 297/300/312 
f 299/302/314 301/230/309 298/301/313 
f 300/303/315 301/230/309 299/302/314 
f 294/298/310 301/230/309 300/303/315 
f 302/304/316 303/305/317 304/306/318 
f 305/307/319 303/305/317 302/304/316 
f 306/308/320 303/305/317 305/307/319 
f 306/308/320 304/306/318 303/305/317 
f 307/304/321 308/306/322 309/305/323 
f 310/307/324 307/304/321 309/305/323 
f 311/308/325 310/307/324 309/305/323 
f 311/308/325 309/305/323 308/306/322 
f 312/309/326 313/310/327 314/311/328 
f 315/312/329 313/310/327 312/309/326 
f 316/313/330 313/310/327 315/312/329 
f 316/313/330 314/311/328 313/310/327 
f 317/314/331 318/315/331 319/316/331 
f 320/317/331 321/318/331 322/319/331 
f 322/319/331 317/314/331 319/316/331 
f 322/319/331 319/316/331 320/317/331 
f 323/320/332 324/321/333 325/322/334 
f 326/323/335 325/322/334 324/321/333 
f 325/322/334 326/323/335 327/324/336 
f 328/325/337 327/324/336 326/323/335 
f 327/324/336 328/325/337 329/326/338 
f 330/327/339 329/326/338 328/325/337 
f 329/326/338 330/327/339 331/328/340 
f 332/329/341 331/328/340 330/327/339 
f 331/328/340 332/329/341 333/330/342 
f 334/331/343 333/330/342 332/329/341 
f 333/330/342 334/331/343 335/332/344 
f 336/333/345 335/332/344 334/331/343 
f 335/332/344 336/333/345 337/334/346 
f 338/335/347 337/334/346 336/333/345 
f 337/334/346 338/335/347 323/336/332 
f 324/337/333 323/336/332 338/335/347 
f 339/338/348 323/320/332 340/339/349 
f 325/322/334 340/339/349 323/320/332 
f 340/339/349 325/322/334 341/340/350 
f 327/324/336 341/340/350 325/322/334 
f 341/340/350 327/324/336 342/341/351 
f 329/326/338 342/341/351 327/324/336 
f 342/341/351 329/326/338 343/342/352 
f 331/328/340 343/342/352 329/326/338 
f 343/342/352 331/328/340 344/343/353 
f 333/330/342 344/343/353 331/328/340 
f 344/343/353 333/330/342 345/344/354 
f 335/332/344 345/344/354 333/330/342 
f 345/344/354 335/332/344 346/345/355 
f 337/334/346 346/345/355 335/332/344 
f 346/345/355 337/334/346 339/346/348 
f 323/336/332 339/346/348 337/334/346 
f 347/347/356 339/348/348 348/349/357 
f 349/350/358 348/349/357 339/348/348 
f 348/349/357 349/350/358 350/351/359 
f 351/352/360 350/351/359 349/350/358 
f 350/351/359 351/352/360 352/353/361 
f 353/354/362 352/353/361 351/352/360 
f 352/353/361 353/354/362 354/355/363 
f 343/356/352 354/355/363 353/354/362 
f 354/355/363 343/356/352 355/357/364 
f 344/358/353 355/357/364 343/356/352 
f 355/357/364 344/358/353 356/359/365 
f 345/360/354 356/359/365 344/358/353 
f 356/359/365 345/360/354 357/361/366 
f 346/362/355 357/361/366 345/360/354 
f 357/361/366 346/362/355 347/363/356 
f 339/364/348 347/363/356 346/362/355 
f 358/365/367 347/347/356 359/366/368 
f 348/349/357 359/366/368 347/347/356 
f 359/366/368 348/349/357 360/367/369 
f 350/351/359 360/367/369 348/349/357 
f 360/367/369 350/351/359 361/368/370 
f 352/353/361 361/368/370 350/351/359 
f 361/368/370 352/353/361 362/369/371 
f 354/355/363 362/369/371 352/353/361 
f 355/357/364 362/369/371 354/355/363 
f 362/369/371 355/357/364 363/370/372 
f 356/359/365 363/370/372 355/357/364 
f 363/370/372 356/359/365 364/371/373 
f 357/361/366 364/371/373 356/359/365 
f 364/371/373 357/361/366 358/372/367 
f 347/363/356 358/372/367 357/361/366 
f 359/229/374 365/230/375 358/231/376 
f 360/232/377 365/230/375 359/229/374 
f 361/233/378 365/230/375 360/232/377 
f 362/234/379 365/230/375 361/233/378 
f 363/235/380 365/230/375 362/234/379 
f 364/236/381 365/230/375 363/235/380 
f 358/231/376 365/230/375 364/236/381 
f 366/373/382 339/348/348 367/374/383 
f 340/375/349 367/374/383 339/348/348 
f 367/374/383 340/375/349 368/376/384 
f 341/377/350 368/376/384 340/375/349 
f 368/376/384 341/377/350 369/378/385 
f 342/379/351 369/378/385 341/377/350 
f 369/378/385 342/379/351 370/380/386 
f 343/356/352 370/380/386 342/379/351 
f 370/380/386 343/356/352 371/381/387 
f 353/382/362 371/381/387 343/356/352 
f 371/381/387 353/382/362 372/383/388 
f 351/384/360 372/383/388 353/382/362 
f 372/383/388 351/384/360 373/385/389 
f 349/386/358 373/385/389 351/384/360 
f 373/385/389 349/386/358 366/387/382 
f 339/364/348 366/387/382 349/386/358 
f 374/388/390 366/373/382 375/389/391 
f 367/374/383 375/389/391 366/373/382 
f 375/389/391 367/374/383 376/390/392 
f 368/376/384 376/390/392 367/374/383 
f 376/390/392 368/376/384 377/391/393 
f 369/378/385 377/391/393 368/376/384 
f 377/391/393 369/378/385 378/392/394 
f 370/380/386 378/392/394 369/378/385 
f 371/381/387 378/392/394 370/380/386 
f 378/392/394 371/381/387 379/393/395 
f 372/383/388 379/393/395 371/381/387 
f 379/393/395 372/383/388 380/394/396 
f 373/385/389 380/394/396 372/383/388 
f 380/394/396 373/385/389 374/395/390 
f 366/387/382 374/395/390 373/385/389 
f 375/396/397 381/230/398 374/397/399 
f 376/398/400 381/230/398 375/396/397 
f 377/399/401 381/230/398 376/398/400 
f 378/400/402 381/230/398 377/399/401 
f 379/401/403 381/230/398 378/400/402 
f 380/402/404 381/230/398 379/401/403 
f 374/397/399 381/230/398 380/402/404 
f 382/314/405 383/315/405 384/316/405 
f 385/317/405 386/318/405 387/319/405 
f 387/319/405 382/314/405 384/316/405 
f 387/319/405 384/316/405 385/317/405 
f 388/403/406 389/404/406 390/405/406 
f 391/406/406 392/407/406 393/408/406 
f 392/407/406 389/404/406 388/403/406 
f 392/407/406 391/406/406 389/404/406 
f 394/304/407 395/306/408 396/305/409 
f 397/307/410 394/304/407 396/305/409 
f 398/308/411 397/307/410 396/305/409 
f 398/308/411 396/305/409 395/306/408 
f 399/304/412 400/306/413 401/305/414 
f 402/307/415 399/304/412 401/305/414 
f 403/308/416 402/307/415 401/305/414 
f 403/308/416 401/305/414 400/306/413 
f 404/409/417 405/410/418 406/411/419 
f 407/412/420 406/411/419 405/410/418 
f 406/411/419 407/412/420 408/413/421 
f 409/414/422 408/413/421 407/412/420 
f 408/413/421 409/414/422 410/415/423 
f 411/416/424 410/415/423 409/414/422 
f 410/415/423 411/416/424 412/417/425 
f 413/418/426 412/417/425 411/416/424 
f 412/417/425 413/418/426 414/419/427 
f 415/420/428 414/419/427 413/418/426 
f 414/419/427 415/420/428 416/421/429 
f 417/422/430 416/421/429 415/420/428 
f 416/421/429 417/422/430 418/423/431 
f 419/424/432 418/423/431 417/422/430 
f 418/423/431 419/424/432 404/425/417 
f 405/426/418 404/425/417 419/424/432 
f 420/427/433 404/409/417 421/428/434 
f 406/411/419 421/428/434 404/409/417 
f 421/428/434 406/411/419 422/429/435 
f 408/413/421 422/429/435 406/411/419 
f 422/429/435 408/413/421 423/430/436 
f 410/415/423 423/430/436 408/413/421 
f 423/430/436 410/415/423 424/431/437 
f 412/417/425 424/431/437 410/415/423 
f 424/431/437 412/417/425 425/432/438 
f 414/419/427 425/432/438 412/417/425 
f 425/432/438 414/419/427 426/433/439 
f 416/421/429 426/433/439 414/419/427 
f 426/433/439 416/421/429 427/434/440 
f 418/423/431 427/434/440 416/421/429 
f 427/434/440 418/423/431 420/435/433 
f 404/425/417 420/435/433 418/423/431 
f 428/436/441 420/437/433 429/438/442 
f 430/439/443 429/438/442 420/437/433 
f 429/438/442 430/439/443 431/440/444 
f 432/441/445 431/440/444 430/439/443 
f 431/440/444 432/441/445 433/442/446 
f 434/443/447 433/442/446 432/441/445 
f 433/442/446 434/443/447 435/444/448 
f 424/445/437 435/444/448 434/443/447 
f 435/444/448 424/445/437 436/446/449 
f 425/447/438 436/446/449 424/445/437 
f 436/446/449 425/447/438 437/448/450 
f 426/449/439 437/448/450 425/447/438 
f 437/448/450 426/449/439 438/450/451 
f 427/451/440 438/450/451 426/449/439 
f 438/450/451 427/451/440 428/452/441 
f 420/453/433 428/452/441 427/451/440 
f 439/454/452 428/436/441 440/455/453 
f 429/438/442 440/455/453 428/436/441 
f 440/455/453 429/438/442 441/456/454 
f 431/440/444 441/456/454 429/438/442 
f 441/456/454 431/440/444 442/457/455 
f 433/442/446 442/457/455 431/440/444 
f 442/457/455 433/442/446 443/458/456 
f 435/444/448 443/458/456 433/442/446 
f 436/446/449 443/458/456 435/444/448 
f 443/458/456 436/446/449 444/459/457 
f 437/448/450 444/459/457 436/446/449 
f 444/459/457 437/448/450 445/460/458 
f 438/450/451 445/460/458 437/448/450 
f 445/460/458 438/450/451 439/461/452 
f 428/452/441 439/461/452 438/450/451 
f 446/462/459 439/454/452 447/463/460 
f 440/455/453 447/463/460 439/454/452 
f 447/463/460 440/455/453 448/464/461 
f 441/456/454 448/464/461 440/455/453 
f 448/464/461 441/456/454 449/465/462 
f 442/457/455 449/465/462 441/456/454 
f 443/458/456 449/465/462 442/457/455 
f 449/465/462 443/458/456 450/466/463 
f 444/459/457 450/466/463 443/458/456 
f 450/466/463 444/459/457 451/467/464 
f 445/460/458 451/467/464 444/459/457 
f 451/467/464 445/460/458 446/468/459 
f 439/461/452 446/468/459 445/460/458 
f 452/469/465 446/462/459 453/470/466 
f 447/463/460 453/470/466 446/462/459 
f 448/464/461 453/470/466 447/463/460 
f 453/470/466 448/464/461 454/471/467 
f 449/465/462 454/471/467 448/464/461 
f 450/466/463 454/471/467 449/465/462 
f 454/471/467 450/466/463 452/472/465 
f 451/467/464 452/472/465 450/466/463 
f 446/468/459 452/472/465 451/467/464 
f 453/473/468 455/230/469 452/231/470 
f 454/474/471 455/230/469 453/473/468 
f 452/231/470 455/230/469 454/474/471 
f 456/475/472 420/437/433 457/476/473 
f 421/477/434 457/476/473 420/437/433 
f 457/476/473 421/477/434 458/478/474 
f 422/479/435 458/478/474 421/477/434 
f 458/478/474 422/479/435 459/480/475 
f 423/481/436 459/480/475 422/479/435 
f 459/480/475 423/481/436 460/482/476 
f 424/445/437 460/482/476 423/481/436 
f 460/482/476 424/445/437 461/483/477 
f 434/484/447 461/483/477 424/445/437 
f 461/483/477 434/484/447 462/485/478 
f 432/486/445 462/485/478 434/484/447 
f 462/485/478 432/486/445 463/487/479 
f 430/488/443 463/487/479 432/486/445 
f 463/487/479 430/488/443 456/489/472 
f 420/453/433 456/489/472 430/488/443 
f 464/490/480 456/475/472 465/491/481 
f 457/476/473 465/491/481 456/475/472 
f 465/491/481 457/476/473 466/492/482 
f 458/478/474 466/492/482 457/476/473 
f 459/480/475 466/492/482 458/478/474 
f 466/492/482 459/480/475 467/493/483 
f 460/482/476 467/493/483 459/480/475 
f 467/493/483 460/482/476 468/494/484 
f 461/483/477 468/494/484 460/482/476 
f 468/494/484 461/483/477 469/495/485 
f 462/485/478 469/495/485 461/483/477 
f 463/487/479 469/495/485 462/485/478 
f 469/495/485 463/487/479 464/496/480 
f 456/489/472 464/496/480 463/487/479 
f 470/497/486 464/490/480 471/498/487 
f 465/491/481 471/498/487 464/490/480 
f 466/492/482 471/498/487 465/491/481 
f 471/498/487 466/492/482 472/499/488 
f 467/493/483 472/499/488 466/492/482 
f 468/494/484 472/499/488 467/493/483 
f 472/499/488 468/494/484 470/500/486 
f 469/495/485 470/500/486 468/494/484 
f 464/496/480 470/500/486 469/495/485 
f 471/501/489 473/230/490 470/502/491 
f 472/503/492 473/230/490 471/501/489 
f 470/502/491 473/230/490 472/503/492 
f 474/304/493 475/305/494 476/306/495 
f 477/307/496 475/305/494 474/304/493 
f 478/308/497 475/305/494 477/307/496 
f 478/308/497 476/306/495 475/305/494 
f 479/403/498 480/405/498 481/404/498 
f 482/406/498 483/408/498 484/407/498 
f 484/407/498 479/403/498 481/404/498 
f 484/407/498 481/404/498 482/406/498 
f 485/314/499 486/316/499 487/315/499 
f 488/317/499 489/319/499 490/318/499 
f 489/319/499 486/316/499 485/314/499 
f 489/319/499 488/317/499 486/316/499 
f 491/309/500 492/311/501 493/310/502 
f 494/312/503 491/309/500 493/310/502 
f 495/313/504 494/312/503 493/310/502 
f 495/313/504 493/310/502 492/311/501 
f 496/504/505 497/505/506 498/506/507 
f 499/507/508 498/506/507 497/505/506 
f 498/506/507 499/507/508 500/508/509 
f 501/509/510 500/508/509 499/507/508 
f 500/508/509 501/509/510 502/510/511 
f 503/511/512 502/510/511 501/509/510 
f 502/510/511 503/511/512 504/512/513 
f 505/513/514 504/512/513 503/511/512 
f 504/512/513 505/513/514 506/514/515 
f 507/515/516 506/514/515 505/513/514 
f 506/514/515 507/515/516 508/516/517 
f 509/517/518 508/516/517 507/515/516 
f 508/516/517 509/517/518 510/518/519 
f 511/519/520 510/518/519 509/517/518 
f 510/518/519 511/519/520 496/520/505 
f 497/521/506 496/520/505 511/519/520 
f 512/522/521 496/504/505 513/523/522 
f 498/506/507 513/523/522 496/504/505 
f 513/523/522 498/506/507 514/524/523 
f 500/508/509 514/524/523 498/506/507 
f 514/524/523 500/508/509 515/525/524 
f 502/510/511 515/525/524 500/508/509 
f 515/525/524 502/510/511 516/526/525 
f 504/512/513 516/526/525 502/510/511 
f 516/526/525 504/512/513 517/527/526 
f 506/514/515 517/527/526 504/512/513 
f 517/527/526 506/514/515 518/528/527 
f 508/516/517 518/528/527 506/514/515 
f 518/528/527 508/516/517 519/529/528 
f 510/518/519 519/529/528 508/516/517 
f 519/529/528 510/518/519 512/530/521 
f 496/520/505 512/530/521 510/518/519 
f 520/531/529 512/532/521 521/533/530 
f 522/534/531 521/533/530 512/532/521 
f 521/533/530 522/534/531 523/535/532 
f 524/536/533 523/535/532 522/534/531 
f 523/535/532 524/536/533 525/537/534 
f 526/538/535 525/537/534 524/536/533 
f 525/537/534 526/538/535 527/539/536 
f 516/540/525 527/539/536 526/538/535 
f 527/539/536 516/540/525 528/541/537 
f 517/542/526 528/541/537 516/540/525 
f 528/541/537 517/542/526 529/543/538 
f 518/544/527 529/543/538 517/542/526 
f 529/543/538 518/544/527 530/545/539 
f 519/546/528 530/545/539 518/544/527 
f 530/545/539 519/546/528 520/547/529 
f 512/548/521 520/547/529 519/546/528 
f 521/533/530 531/549/540 520/531/529 
f 531/549/540 521/533/530 532/550/541 
f 523/535/532 532/550/541 521/533/530 
f 525/537/534 532/550/541 523/535/532 
f 532/550/541 525/537/534 533/551/542 
f 527/539/536 533/551/542 525/537/534 
f 528/541/537 533/551/542 527/539/536 
f 529/543/538 533/551/542 528/541/537 
f 533/551/542 529/543/538 531/552/540 
f 530/545/539 531/552/540 529/543/538 
f 520/547/529 531/552/540 530/545/539 
f 532/473/543 534/230/544 531/231/545 
f 533/474/546 534/230/544 532/473/543 
f 531/231/545 534/230/544 533/474/546 
f 535/553/547 512/532/521 536/554/548 
f 513/555/522 536/554/548 512/532/521 
f 536/554/548 513/555/522 537/556/549 
f 514/557/523 537/556/549 513/555/522 
f 537/556/549 514/557/523 538/558/550 
f 515/559/524 538/558/550 514/557/523 
f 538/558/550 515/559/524 539/560/551 
f 516/540/525 539/560/551 515/559/524 
f 539/560/551 516/540/525 540/561/552 
f 526/562/535 540/561/552 516/540/525 
f 540/561/552 526/562/535 541/563/553 
f 524/564/533 541/563/553 526/562/535 
f 541/563/553 524/564/533 542/565/554 
f 522/566/531 542/565/554 524/564/533 
f 542/565/554 522/566/531 535/567/547 
f 512/548/521 535/567/547 522/566/531 
f 543/568/555 535/553/547 544/569/556 
f 536/554/548 544/569/556 535/553/547 
f 544/569/556 536/554/548 545/570/557 
f 537/556/549 545/570/557 536/554/548 
f 545/570/557 537/556/549 546/571/558 
f 538/558/550 546/571/558 537/556/549 
f 546/571/558 538/558/550 547/572/559 
f 539/560/551 547/572/559 538/558/550 
f 540/561/552 547/572/559 539/560/551 
f 547/572/559 540/561/552 548/573/560 
f 541/563/553 548/573/560 540/561/552 
f 548/573/560 541/563/553 549/574/561 
f 542/565/554 549/574/561 541/563/553 
f 549/574/561 542/565/554 543/575/555 
f 535/567/547 543/575/555 542/565/554 
f 550/576/562 543/568/555 551/577/563 
f 544/569/556 551/577/563 543/568/555 
f 551/577/563 544/569/556 552/578/564 
f 545/570/557 552/578/564 544/569/556 
f 552/578/564 545/570/557 553/579/565 
f 546/571/558 553/579/565 545/570/557 
f 547/572/559 553/579/565 546/571/558 
f 553/579/565 547/572/559 554/580/566 
f 548/573/560 554/580/566 547/572/559 
f 554/580/566 548/573/560 555/581/567 
f 549/574/561 555/581/567 548/573/560 
f 555/581/567 549/574/561 550/582/562 
f 543/575/555 550/582/562 549/574/561 
f 556/583/568 550/576/562 557/584/569 
f 551/577/563 557/584/569 550/576/562 
f 552/578/564 557/584/569 551/577/563 
f 557/584/569 552/578/564 558/585/570 
f 553/579/565 558/585/570 552/578/564 
f 554/580/566 558/585/570 553/579/565 
f 558/585/570 554/580/566 556/586/568 
f 555/581/567 556/586/568 554/580/566 
f 550/582/562 556/586/568 555/581/567 
f 557/587/571 559/230/572 556/588/573 
f 558/589/574 559/230/572 557/587/571 
f 556/588/573 559/230/572 558/589/574 
f 560/403/575 561/404/575 562/405/575 
f 563/406/575 564/407/575 565/408/575 
f 564/407/575 561/404/575 560/403/575 
f 564/407/575 563/406/575 561/404/575 
f 566/309/576 567/311/577 568/310/578 
f 569/312/579 566/309/576 568/310/578 
f 570/313/580 569/312/579 568/310/578 
f 570/313/580 568/310/578 567/311/577 
f 571/304/581 572/305/582 573/306/583 
f 574/307/584 572/305/582 571/304/581 
f 575/308/585 572/305/582 574/307/584 
f 575/308/585 573/306/583 572/305/582 
f 576/403/586 577/405/586 578/404/586 
f 579/406/586 580/408/586 581/407/586 
f 581/407/586 576/403/586 578/404/586 
f 581/407/586 578/404/586 579/406/586 
f 582/590/587 583/591/588 584/592/589 
f 585/593/590 584/592/589 583/591/588 
f 584/592/589 585/593/590 586/594/591 
f 587/595/592 586/594/591 585/593/590 
f 586/594/591 587/595/592 588/596/593 
f 589/597/594 588/596/593 587/595/592 
f 588/596/593 589/597/594 590/598/595 
f 591/599/596 590/598/595 589/597/594 
f 590/598/595 591/599/596 592/600/597 
f 593/601/598 592/600/597 591/599/596 
f 592/600/597 593/601/598 594/602/599 
f 595/603/600 594/602/599 593/601/598 
f 594/602/599 595/603/600 596/604/601 
f 597/605/602 596/604/601 595/603/600 
f 596/604/601 597/605/602 582/606/587 
f 583/607/588 582/606/587 597/605/602 
f 598/608/603 582/590/587 599/609/604 
f 584/592/589 599/609/604 582/590/587 
f 599/609/604 584/592/589 600/610/605 
f 586/594/591 600/610/605 584/592/589 
f 600/610/605 586/594/591 601/611/606 
f 588/596/593 601/611/606 586/594/591 
f 601/611/606 588/596/593 602/612/607 
f 590/598/595 602/612/607 588/596/593 
f 602/612/607 590/598/595 603/613/608 
f 592/600/597 603/613/608 590/598/595 
f 603/613/608 592/600/597 604/614/609 
f 594/602/599 604/614/609 592/600/597 
f 604/614/609 594/602/599 605/615/610 
f 596/604/601 605/615/610 594/602/599 
f 605/615/610 596/604/601 598/616/603 
f 582/606/587 598/616/603 596/604/601 
f 606/617/611 598/618/603 607/619/612 
f 608/620/613 607/619/612 598/618/603 
f 607/619/612 608/620/613 609/621/614 
f 610/622/615 609/621/614 608/620/613 
f 609/621/614 610/622/615 611/623/616 
f 612/624/617 611/623/616 610/622/615 
f 611/623/616 612/624/617 613/625/618 
f 602/626/607 613/625/618 612/624/617 
f 613/625/618 602/626/607 614/627/619 
f 603/628/608 614/627/619 602/626/607 
f 614/627/619 603/628/608 615/629/620 
f 604/630/609 615/629/620 603/628/608 
f 615/629/620 604/630/609 616/631/621 
f 605/632/610 616/631/621 604/630/609 
f 616/631/621 605/632/610 606/633/611 
f 598/634/603 606/633/611 605/632/610 
f 617/635/622 606/617/611 618/636/623 
f 607/619/612 618/636/623 606/617/611 
f 609/621/614 618/636/623 607/619/612 
f 618/636/623 609/621/614 619/637/624 
f 611/623/616 619/637/624 609/621/614 
f 619/637/624 611/623/616 620/638/625 
f 613/625/618 620/638/625 611/623/616 
f 614/627/619 620/638/625 613/625/618 
f 620/638/625 614/627/619 621/639/626 
f 615/629/620 621/639/626 614/627/619 
f 616/631/621 621/639/626 615/629/620 
f 621/639/626 616/631/621 617/640/622 
f 606/633/611 617/640/622 616/631/621 
f 622/641/627 617/635/622 623/642/628 
f 618/636/623 623/642/628 617/635/622 
f 619/637/624 623/642/628 618/636/623 
f 623/642/628 619/637/624 624/643/629 
f 620/638/625 624/643/629 619/637/624 
f 621/639/626 624/643/629 620/638/625 
f 624/643/629 621/639/626 622/644/627 
f 617/640/622 622/644/627 621/639/626 
f 623/473/630 625/230/631 622/231/632 
f 624/474/633 625/230/631 623/473/630 
f 622/231/632 625/230/631 624/474/633 
f 626/645/634 598/618/603 627/646/635 
f 599/647/604 627/646/635 598/618/603 
f 627/646/635 599/647/604 628/648/636 
f 600/649/605 628/648/636 599/647/604 
f 628/648/636 600/649/605 629/650/637 
f 601/651/606 629/650/637 600/649/605 
f 629/650/637 601/651/606 630/652/638 
f 602/626/607 630/652/638 601/651/606 
f 630/652/638 602/626/607 631/653/639 
f 612/654/617 631/653/639 602/626/607 
f 631/653/639 612/654/617 632/655/640 
f 610/656/615 632/655/640 612/654/617 
f 632/655/640 610/656/615 633/657/641 
f 608/658/613 633/657/641 610/656/615 
f 633/657/641 608/658/613 626/659/634 
f 598/634/603 626/659/634 608/658/613 
f 634/660/642 626/645/634 635/661/643 
f 627/646/635 635/661/643 626/645/634 
f 628/648/636 635/661/643 627/646/635 
f 635/661/643 628/648/636 636/662/644 
f 629/650/637 636/662/644 628/648/636 
f 636/662/644 629/650/637 637/663/645 
f 630/652/638 637/663/645 629/650/637 
f 631/653/639 637/663/645 630/652/638 
f 637/663/645 631/653/639 638/664/646 
f 632/655/640 638/664/646 631/653/639 
f 633/657/641 638/664/646 632/655/640 
f 638/664/646 633/657/641 634/665/642 
f 626/659/634 634/665/642 633/657/641 
f 639/666/647 634/660/642 640/667/648 
f 635/661/643 640/667/648 634/660/642 
f 636/662/644 640/667/648 635/661/643 
f 640/667/648 636/662/644 641/668/649 
f 637/663/645 641/668/649 636/662/644 
f 638/664/646 641/668/649 637/663/645 
f 641/668/649 638/664/646 639/669/647 
f 634/665/642 639/669/647 638/664/646 
f 640/670/650 642/230/651 639/671/652 
f 641/672/653 642/230/651 640/670/650 
f 639/671/652 642/230/651 641/672/653 
f 643/403/654 644/404/654 645/405/654 
f 646/406/654 647/407/654 648/408/654 
f 647/407/654 644/404/654 643/403/654 
f 647/407/654 646/406/654 644/404/654 
f 649/304/655 650/306/656 651/305/657 
f 652/307/658 649/304/655 651/305/657 
f 653/308/659 652/307/658 651/305/657 
f 653/308/659 651/305/657 650/306/656 
f 654/403/660 655/405/660 656/404/660 
f 657/406/660 658/408/660 659/407/660 
f 659/407/660 654/403/660 656/404/660 
f 659/407/660 656/404/660 657/406/660 
f 660/304/661 661/305/662 662/306/663 
f 663/307/664 661/305/662 660/304/661 
f 664/673/665 665/674/666 666/675/667 
f 667/676/668 666/675/667 665/674/666 
f 666/675/667 667/676/668 668/677/669 
f 669/678/670 668/677/669 667/676/668 
f 668/677/669 669/678/670 670/679/671 
f 671/680/672 670/679/671 669/678/670 
f 670/679/671 671/680/672 672/681/673 
f 673/682/674 672/681/673 671/680/672 
f 672/681/673 673/682/674 674/683/675 
f 675/684/676 674/683/675 673/682/674 
f 674/683/675 675/684/676 676/685/677 
f 677/686/678 676/685/677 675/684/676 
f 676/685/677 677/686/678 664/687/665 
f 665/688/666 664/687/665 677/686/678 
f 678/689/679 664/673/665 679/690/680 
f 666/675/667 679/690/680 664/673/665 
f 679/690/680 666/675/667 680/691/681 
f 668/677/669 680/691/681 666/675/667 
f 680/691/681 668/677/669 681/692/682 
f 670/679/671 681/692/682 668/677/669 
f 672/681/673 681/692/682 670/679/671 
f 681/692/682 672/681/673 682/693/683 
f 674/683/675 682/693/683 672/681/673 
f 682/693/683 674/683/675 683/694/684 
f 676/685/677 683/694/684 674/683/675 
f 683/694/684 676/685/677 678/695/679 
f 664/687/665 678/695/679 676/685/677 
f 684/696/685 678/689/679 685/697/686 
f 679/690/680 685/697/686 678/689/679 
f 685/697/686 679/690/680 686/698/687 
f 680/691/681 686/698/687 679/690/680 
f 686/698/687 680/691/681 687/699/688 
f 681/692/682 687/699/688 680/691/681 
f 687/699/688 681/692/682 688/700/689 
f 682/693/683 688/700/689 681/692/682 
f 688/700/689 682/693/683 689/701/690 
f 683/694/684 689/701/690 682/693/683 
f 689/701/690 683/694/684 684/702/685 
f 678/695/679 684/702/685 683/694/684 
f 690/703/691 684/696/685 691/704/692 
f 685/697/686 691/704/692 684/696/685 
f 686/698/687 691/704/692 685/697/686 
f 691/704/692 686/698/687 692/705/693 
f 687/699/688 692/705/693 686/698/687 
f 688/700/689 692/705/693 687/699/688 
f 692/705/693 688/700/689 690/706/691 
f 689/701/690 690/706/691 688/700/689 
f 684/702/685 690/706/691 689/701/690 
f 691/473/694 693/230/695 690/231/696 
f 692/474/697 693/230/695 691/473/694 
f 690/231/696 693/230/695 692/474/697 
f 694/308/698 661/305/662 663/307/664 
f 694/308/698 662/306/663 661/305/662 
f 695/314/699 696/315/699 697/316/699 
f 698/317/699 699/318/699 700/319/699 
f 700/319/699 695/314/699 697/316/699 
f 700/319/699 697/316/699 698/317/699 
f 701/314/700 702/316/700 703/315/700 
f 704/317/700 705/319/700 706/318/700 
f 705/319/700 702/316/700 701/314/700 
f 705/319/700 704/317/700 702/316/700 
f 707/403/701 708/405/701 709/404/701 
f 710/406/701 711/408/701 712/407/701 
f 712/407/701 707/403/701 709/404/701 
f 712/407/701 709/404/701 710/406/701 
f 713/309/702 714/310/703 715/311/704 
f 716/312/705 714/310/703 713/309/702 
f 717/707/706 718/708/707 719/709/708 
f 720/710/709 719/709/708 718/708/707 
f 719/709/708 720/710/709 721/711/710 
f 722/712/711 721/711/710 720/710/709 
f 721/711/710 722/712/711 723/713/712 
f 724/714/713 723/713/712 722/712/711 
f 723/713/712 724/714/713 725/715/714 
f 726/716/715 725/715/714 724/714/713 
f 725/715/714 726/716/715 727/717/716 
f 728/718/717 727/717/716 726/716/715 
f 727/717/716 728/718/717 729/719/718 
f 730/720/719 729/719/718 728/718/717 
f 729/719/718 730/720/719 731/721/720 
f 732/722/721 731/721/720 730/720/719 
f 731/721/720 732/722/721 717/723/706 
f 718/724/707 717/723/706 732/722/721 
f 733/725/722 717/707/706 734/726/723 
f 719/709/708 734/726/723 717/707/706 
f 734/726/723 719/709/708 735/727/724 
f 721/711/710 735/727/724 719/709/708 
f 735/727/724 721/711/710 736/728/725 
f 723/713/712 736/728/725 721/711/710 
f 736/728/725 723/713/712 737/729/726 
f 725/715/714 737/729/726 723/713/712 
f 737/729/726 725/715/714 738/730/727 
f 727/717/716 738/730/727 725/715/714 
f 738/730/727 727/717/716 739/731/728 
f 729/719/718 739/731/728 727/717/716 
f 739/731/728 729/719/718 740/732/729 
f 731/721/720 740/732/729 729/719/718 
f 740/732/729 731/721/720 733/733/722 
f 717/723/706 733/733/722 731/721/720 
f 741/734/730 733/725/722 742/735/731 
f 734/726/723 742/735/731 733/725/722 
f 742/735/731 734/726/723 743/736/732 
f 735/727/724 743/736/732 734/726/723 
f 736/728/725 743/736/732 735/727/724 
f 743/736/732 736/728/725 744/737/733 
f 737/729/726 744/737/733 736/728/725 
f 744/737/733 737/729/726 745/738/734 
f 738/730/727 745/738/734 737/729/726 
f 745/738/734 738/730/727 746/739/735 
f 739/731/728 746/739/735 738/730/727 
f 740/732/729 746/739/735 739/731/728 
f 746/739/735 740/732/729 741/740/730 
f 733/733/722 741/740/730 740/732/729 
f 747/741/736 741/742/730 748/743/737 
f 749/744/738 748/743/737 741/742/730 
f 748/743/737 749/744/738 750/745/739 
f 751/746/740 750/745/739 749/744/738 
f 750/745/739 751/746/740 752/747/741 
f 744/748/733 752/747/741 751/746/740 
f 752/747/741 744/748/733 753/749/742 
f 745/750/734 753/749/742 744/748/733 
f 753/749/742 745/750/734 754/751/743 
f 746/752/735 754/751/743 745/750/734 
f 754/751/743 746/752/735 747/753/736 
f 741/754/730 747/753/736 746/752/735 
f 755/755/744 747/741/736 756/756/745 
f 748/743/737 756/756/745 747/741/736 
f 756/756/745 748/743/737 757/757/746 
f 750/745/739 757/757/746 748/743/737 
f 757/757/746 750/745/739 758/758/747 
f 752/747/741 758/758/747 750/745/739 
f 753/749/742 758/758/747 752/747/741 
f 758/758/747 753/749/742 759/759/748 
f 754/751/743 759/759/748 753/749/742 
f 759/759/748 754/751/743 755/760/744 
f 747/753/736 755/760/744 754/751/743 
f 760/761/749 755/755/744 761/762/750 
f 756/756/745 761/762/750 755/755/744 
f 757/757/746 761/762/750 756/756/745 
f 761/762/750 757/757/746 762/763/751 
f 758/758/747 762/763/751 757/757/746 
f 759/759/748 762/763/751 758/758/747 
f 762/763/751 759/759/748 760/764/749 
f 755/760/744 760/764/749 759/759/748 
f 761/473/752 763/230/753 760/231/754 
f 762/474/755 763/230/753 761/473/752 
f 760/231/754 763/230/753 762/474/755 
f 764/765/756 741/742/730 765/766/757 
f 742/767/731 765/766/757 741/742/730 
f 765/766/757 742/767/731 766/768/758 
f 743/769/732 766/768/758 742/767/731 
f 766/768/758 743/769/732 767/770/759 
f 744/748/733 767/770/759 743/769/732 
f 767/770/759 744/748/733 768/771/760 
f 751/772/740 768/771/760 744/748/733 
f 768/771/760 751/772/740 769/773/761 
f 749/774/738 769/773/761 751/772/740 
f 769/773/761 749/774/738 764/775/756 
f 741/754/730 764/775/756 749/774/738 
f 770/776/762 764/765/756 771/777/763 
f 765/766/757 771/777/763 764/765/756 
f 771/777/763 765/766/757 772/778/764 
f 766/768/758 772/778/764 765/766/757 
f 772/778/764 766/768/758 773/779/765 
f 767/770/759 773/779/765 766/768/758 
f 773/779/765 767/770/759 774/780/766 
f 768/771/760 774/780/766 767/770/759 
f 774/780/766 768/771/760 775/781/767 
f 769/773/761 775/781/767 768/771/760 
f 775/781/767 769/773/761 770/782/762 
f 764/775/756 770/782/762 769/773/761 
f 771/783/768 776/230/769 770/784/770 
f 772/785/771 776/230/769 771/783/768 
f 773/786/772 776/230/769 772/785/771 
f 774/787/773 776/230/769 773/786/772 
f 775/788/774 776/230/769 774/787/773 
f 770/784/770 776/230/769 775/788/774 
f 777/313/775 714/310/703 716/312/705 
f 777/313/775 715/311/704 714/310/703 
f 778/304/776 779/306/777 780/305/778 
f 781/307/779 778/304/776 780/305/778 
f 782/308/780 781/307/779 780/305/778 
f 782/308/780 780/305/778 779/306/777 
f 783/403/781 784/404/781 785/405/781 
f 786/406/781 787/407/781 788/408/781 
f 787/407/781 784/404/781 783/403/781 
f 787/407/781 786/406/781 784/404/781 
f 789/309/782 790/311/783 791/310/784 
f 792/312/785 789/309/782 791/310/784 
f 793/313/786 792/312/785 791/310/784 
f 793/313/786 791/310/784 790/311/783 
f 794/314/787 795/316/787 796/315/787 
f 797/317/787 798/319/787 799/318/787 
f 800/789/788 801/790/789 802/791/790 
f 803/792/791 802/791/790 801/790/789 
f 802/791/790 803/792/791 804/793/792 
f 805/794/793 804/793/792 803/792/791 
f 804/793/792 805/794/793 806/795/794 
f 807/796/795 806/795/794 805/794/793 
f 806/795/794 807/796/795 808/797/796 
f 809/798/797 808/797/796 807/796/795 
f 808/797/796 809/798/797 810/799/798 
f 811/800/799 810/799/798 809/798/797 
f 810/799/798 811/800/799 812/801/800 
f 813/802/801 812/801/800 811/800/799 
f 812/801/800 813/802/801 814/803/802 
f 815/804/803 814/803/802 813/802/801 
f 814/803/802 815/804/803 800/805/788 
f 801/806/789 800/805/788 815/804/803 
f 816/807/804 800/789/788 817/808/805 
f 802/791/790 817/808/805 800/789/788 
f 817/808/805 802/791/790 818/809/806 
f 804/793/792 818/809/806 802/791/790 
f 818/809/806 804/793/792 819/810/807 
f 806/795/794 819/810/807 804/793/792 
f 819/810/807 806/795/794 820/811/808 
f 808/797/796 820/811/808 806/795/794 
f 820/811/808 808/797/796 821/812/809 
f 810/799/798 821/812/809 808/797/796 
f 821/812/809 810/799/798 822/813/810 
f 812/801/800 822/813/810 810/799/798 
f 822/813/810 812/801/800 823/814/811 
f 814/803/802 823/814/811 812/801/800 
f 823/814/811 814/803/802 816/815/804 
f 800/805/788 816/815/804 814/803/802 
f 824/816/812 816/817/804 825/818/813 
f 826/819/814 825/818/813 816/817/804 
f 825/818/813 826/819/814 827/820/815 
f 828/821/816 827/820/815 826/819/814 
f 827/820/815 828/821/816 829/822/817 
f 830/823/818 829/822/817 828/821/816 
f 829/822/817 830/823/818 831/824/819 
f 820/825/808 831/824/819 830/823/818 
f 831/824/819 820/825/808 832/826/820 
f 821/827/809 832/826/820 820/825/808 
f 832/826/820 821/827/809 833/828/821 
f 822/829/810 833/828/821 821/827/809 
f 833/828/821 822/829/810 834/830/822 
f 823/831/811 834/830/822 822/829/810 
f 834/830/822 823/831/811 824/832/812 
f 816/833/804 824/832/812 823/831/811 
f 835/834/823 824/816/812 836/835/824 
f 825/818/813 836/835/824 824/816/812 
f 836/835/824 825/818/813 837/836/825 
f 827/820/815 837/836/825 825/818/813 
f 829/822/817 837/836/825 827/820/815 
f 837/836/825 829/822/817 838/837/826 
f 831/824/819 838/837/826 829/822/817 
f 838/837/826 831/824/819 839/838/827 
f 832/826/820 839/838/827 831/824/819 
f 839/838/827 832/826/820 840/839/828 
f 833/828/821 840/839/828 832/826/820 
f 834/830/822 840/839/828 833/828/821 
f 840/839/828 834/830/822 835/840/823 
f 824/832/812 835/840/823 834/830/822 
f 841/841/829 835/834/823 842/842/830 
f 836/835/824 842/842/830 835/834/823 
f 837/836/825 842/842/830 836/835/824 
f 842/842/830 837/836/825 843/843/831 
f 838/837/826 843/843/831 837/836/825 
f 839/838/827 843/843/831 838/837/826 
f 843/843/831 839/838/827 841/844/829 
f 840/839/828 841/844/829 839/838/827 
f 835/840/823 841/844/829 840/839/828 
f 842/473/832 844/230/833 841/231/834 
f 843/474/835 844/230/833 842/473/832 
f 841/231/834 844/230/833 843/474/835 
f 845/845/836 816/817/804 846/846/837 
f 817/847/805 846/846/837 816/817/804 
f 846/846/837 817/847/805 847/848/838 
f 818/849/806 847/848/838 817/847/805 
f 847/848/838 818/849/806 848/850/839 
f 819/851/807 848/850/839 818/849/806 
f 848/850/839 819/851/807 849/852/840 
f 820/825/808 849/852/840 819/851/807 
f 849/852/840 820/825/808 850/853/841 
f 830/854/818 850/853/841 820/825/808 
f 850/853/841 830/854/818 851/855/842 
f 828/856/816 851/855/842 830/854/818 
f 851/855/842 828/856/816 852/857/843 
f 826/858/814 852/857/843 828/856/816 
f 852/857/843 826/858/814 845/859/836 
f 816/833/804 845/859/836 826/858/814 
f 853/860/844 845/845/836 854/861/845 
f 846/846/837 854/861/845 845/845/836 
f 854/861/845 846/846/837 855/862/846 
f 847/848/838 855/862/846 846/846/837 
f 848/850/839 855/862/846 847/848/838 
f 855/862/846 848/850/839 856/863/847 
f 849/852/840 856/863/847 848/850/839 
f 856/863/847 849/852/840 857/864/848 
f 850/853/841 857/864/848 849/852/840 
f 857/864/848 850/853/841 858/865/849 
f 851/855/842 858/865/849 850/853/841 
f 852/857/843 858/865/849 851/855/842 
f 858/865/849 852/857/843 853/866/844 
f 845/859/836 853/866/844 852/857/843 
f 859/867/850 853/860/844 860/868/851 
f 854/861/845 860/868/851 853/860/844 
f 860/868/851 854/861/845 861/869/852 
f 855/862/846 861/869/852 854/861/845 
f 861/869/852 855/862/846 862/870/853 
f 856/863/847 862/870/853 855/862/846 
f 857/864/848 862/870/853 856/863/847 
f 862/870/853 857/864/848 863/871/854 
f 858/865/849 863/871/854 857/864/848 
f 863/871/854 858/865/849 859/872/850 
f 853/866/844 859/872/850 858/865/849 
f 864/873/855 859/867/850 865/874/856 
f 860/868/851 865/874/856 859/867/850 
f 861/869/852 865/874/856 860/868/851 
f 865/874/856 861/869/852 866/875/857 
f 862/870/853 866/875/857 861/869/852 
f 863/871/854 866/875/857 862/870/853 
f 866/875/857 863/871/854 864/876/855 
f 859/872/850 864/876/855 863/871/854 
f 865/877/858 867/230/859 864/878/860 
f 866/879/861 867/230/859 865/877/858 
f 864/878/860 867/230/859 866/879/861 
f 868/880/862 869/881/863 870/882/864 
f 871/883/865 870/882/864 869/881/863 
f 870/882/864 871/883/865 872/884/866 
f 873/885/867 872/884/866 871/883/865 
f 872/884/866 873/885/867 874/886/868 
f 875/887/869 874/886/868 873/885/867 
f 874/886/868 875/887/869 876/888/870 
f 877/889/871 876/888/870 875/887/869 
f 876/888/870 877/889/871 878/890/872 
f 879/891/873 878/890/872 877/889/871 
f 878/890/872 879/891/873 880/892/874 
f 881/893/875 880/892/874 879/891/873 
f 880/892/874 881/893/875 882/894/876 
f 883/895/877 882/894/876 881/893/875 
f 882/894/876 883/895/877 868/896/862 
f 869/897/863 868/896/862 883/895/877 
f 884/898/878 868/880/862 885/899/879 
f 870/882/864 885/899/879 868/880/862 
f 885/899/879 870/882/864 886/900/880 
f 872/884/866 886/900/880 870/882/864 
f 886/900/880 872/884/866 887/901/881 
f 874/886/868 887/901/881 872/884/866 
f 887/901/881 874/886/868 888/902/882 
f 876/888/870 888/902/882 874/886/868 
f 888/902/882 876/888/870 889/903/883 
f 878/890/872 889/903/883 876/888/870 
f 889/903/883 878/890/872 890/904/884 
f 880/892/874 890/904/884 878/890/872 
f 890/904/884 880/892/874 891/905/885 
f 882/894/876 891/905/885 880/892/874 
f 891/905/885 882/894/876 884/906/878 
f 868/896/862 884/906/878 882/894/876 
f 892/907/886 884/898/878 893/908/887 
f 885/899/879 893/908/887 884/898/878 
f 893/908/887 885/899/879 894/909/888 
f 886/900/880 894/909/888 885/899/879 
f 887/901/881 894/909/888 886/900/880 
f 894/909/888 887/901/881 895/910/889 
f 888/902/882 895/910/889 887/901/881 
f 895/910/889 888/902/882 896/911/890 
f 889/903/883 896/911/890 888/902/882 
f 896/911/890 889/903/883 897/912/891 
f 890/904/884 897/912/891 889/903/883 
f 891/905/885 897/912/891 890/904/884 
f 897/912/891 891/905/885 892/913/886 
f 884/906/878 892/913/886 891/905/885 
f 898/914/892 892/915/886 899/916/893 
f 900/917/894 899/916/893 892/915/886 
f 899/916/893 900/917/894 901/918/895 
f 902/919/896 901/918/895 900/917/894 
f 901/918/895 902/919/896 903/920/897 
f 895/921/889 903/920/897 902/919/896 
f 903/920/897 895/921/889 904/922/898 
f 896/923/890 904/922/898 895/921/889 
f 904/922/898 896/923/890 905/924/899 
f 897/925/891 905/924/899 896/923/890 
f 905/924/899 897/925/891 898/926/892 
f 892/927/886 898/926/892 897/925/891 
f 906/928/900 898/914/892 907/929/901 
f 899/916/893 907/929/901 898/914/892 
f 907/929/901 899/916/893 908/930/902 
f 901/918/895 908/930/902 899/916/893 
f 908/930/902 901/918/895 909/931/903 
f 903/920/897 909/931/903 901/918/895 
f 909/931/903 903/920/897 910/932/904 
f 904/922/898 910/932/904 903/920/897 
f 910/932/904 904/922/898 911/933/905 
f 905/924/899 911/933/905 904/922/898 
f 911/933/905 905/924/899 906/934/900 
f 898/926/892 906/934/900 905/924/899 
f 912/935/906 906/928/900 913/936/907 
f 907/929/901 913/936/907 906/928/900 
f 908/930/902 913/936/907 907/929/901 
f 913/936/907 908/930/902 914/937/908 
f 909/931/903 914/937/908 908/930/902 
f 910/932/904 914/937/908 909/931/903 
f 914/937/908 910/932/904 912/938/906 
f 911/933/905 912/938/906 910/932/904 
f 906/934/900 912/938/906 911/933/905 
f 913/473/909 915/230/910 912/231/911 
f 914/474/912 915/230/910 913/473/909 
f 912/231/911 915/230/910 914/474/912 
f 916/939/913 892/915/886 917/940/914 
f 893/941/887 917/940/914 892/915/886 
f 917/940/914 893/941/887 918/942/915 
f 894/943/888 918/942/915 893/941/887 
f 918/942/915 894/943/888 919/944/916 
f 895/921/889 919/944/916 894/943/888 
f 919/944/916 895/921/889 920/945/917 
f 902/946/896 920/945/917 895/921/889 
f 920/945/917 902/946/896 921/947/918 
f 900/948/894 921/947/918 902/946/896 
f 921/947/918 900/948/894 916/949/913 
f 892/927/886 916/949/913 900/948/894 
f 922/950/919 916/939/913 923/951/920 
f 917/940/914 923/951/920 916/939/913 
f 923/951/920 917/940/914 924/952/921 
f 918/942/915 924/952/921 917/940/914 
f 924/952/921 918/942/915 925/953/922 
f 919/944/916 925/953/922 918/942/915 
f 925/953/922 919/944/916 926/954/923 
f 920/945/917 926/954/923 919/944/916 
f 926/954/923 920/945/917 927/955/924 
f 921/947/918 927/955/924 920/945/917 
f 927/955/924 921/947/918 922/956/919 
f 916/949/913 922/956/919 921/947/918 
f 928/957/925 922/950/919 929/958/926 
f 923/951/920 929/958/926 922/950/919 
f 924/952/921 929/958/926 923/951/920 
f 929/958/926 924/952/921 930/959/927 
f 925/953/922 930/959/927 924/952/921 
f 926/954/923 930/959/927 925/953/922 
f 930/959/927 926/954/923 928/960/925 
f 927/955/924 928/960/925 926/954/923 
f 922/956/919 928/960/925 927/955/924 
f 929/961/928 931/230/929 928/962/930 
f 930/963/931 931/230/929 929/961/928 
f 928/962/930 931/230/929 930/963/931 
f 798/319/787 795/316/787 794/314/787 
f 798/319/787 797/317/787 795/316/787 
f 932/309/932 933/311/933 934/310/934 
f 935/312/935 932/309/932 934/310/934 
f 936/313/936 935/312/935 934/310/934 
f 936/313/936 934/310/934 933/311/933 
f 937/304/937 938/305/938 939/306/939 
f 940/307/940 938/305/938 937/304/937 
f 941/308/941 938/305/938 940/307/940 
f 941/308/941 939/306/939 938/305/938 
f 942/304/942 943/306/943 944/305/944 
f 945/307/945 942/304/942 944/305/944 
f 946/308/946 945/307/945 944/305/944 
f 946/308/946 944/305/944 943/306/943 
f 947/964/947 948/965/948 949/966/949 
f 950/967/950 949/966/949 948/965/948 
f 949/966/949 950/967/950 951/968/951 
f 952/969/952 951/968/951 950/967/950 
f 951/968/951 952/969/952 953/970/953 
f 954/971/954 953/970/953 952/969/952 
f 953/970/953 954/971/954 955/972/955 
f 956/973/956 955/972/955 954/971/954 
f 955/972/955 956/973/956 957/974/957 
f 958/975/958 957/974/957 956/973/956 
f 957/974/957 958/975/958 959/976/959 
f 960/977/960 959/976/959 958/975/958 
f 959/976/959 960/977/960 947/978/947 
f 948/979/948 947/978/947 960/977/960 
f 961/980/961 947/964/947 962/981/962 
f 949/966/949 962/981/962 947/964/947 
f 962/981/962 949/966/949 963/982/963 
f 951/968/951 963/982/963 949/966/949 
f 963/982/963 951/968/951 964/983/964 
f 953/970/953 964/983/964 951/968/951 
f 964/983/964 953/970/953 965/984/965 
f 955/972/955 965/984/965 953/970/953 
f 965/984/965 955/972/955 966/985/966 
f 957/974/957 966/985/966 955/972/955 
f 966/985/966 957/974/957 967/986/967 
f 959/976/959 967/986/967 957/974/957 
f 967/986/967 959/976/959 961/987/961 
f 947/978/947 961/987/961 959/976/959 
f 962/229/968 968/230/969 961/231/970 
f 963/232/971 968/230/969 962/229/968 
f 964/233/972 968/230/969 963/232/971 
f 965/234/973 968/230/969 964/233/972 
f 966/235/974 968/230/969 965/234/973 
f 967/236/975 968/230/969 966/235/974 
f 961/231/970 968/230/969 967/236/975 
f 969/314/976 970/316/976 971/315/976 
f 972/317/976 973/319/976 974/318/976 
f 973/319/976 970/316/976 969/314/976 
f 973/319/976 972/317/976 970/316/976 
f 975/304/977 976/306/978 977/305/979 
f 978/307/980 975/304/977 977/305/979 
f 979/308/981 978/307/980 977/305/979 
f 979/308/981 977/305/979 976/306/978 
f 980/403/982 981/404/982 982/405/982 
f 983/406/982 984/407/982 985/408/982 
f 984/407/982 981/404/982 980/403/982 
f 984/407/982 983/406/982 981/404/982 
f 986/988/983 987/989/984 988/990/985 
f 989/991/986 988/990/985 987/989/984 
f 988/990/985 989/991/986 990/992/987 
f 991/993/988 990/992/987 989/991/986 
f 990/992/987 991/993/988 992/994/989 
f 993/995/990 992/994/989 991/993/988 
f 992/994/989 993/995/990 994/996/991 
f 995/997/992 994/996/991 993/995/990 
f 994/996/991 995/997/992 996/998/993 
f 997/999/994 996/998/993 995/997/992 
f 996/998/993 997/999/994 986/1000/983 
f 987/1001/984 986/1000/983 997/999/994 
f 998/1002/995 986/988/983 999/1003/996 
f 988/990/985 999/1003/996 986/988/983 
f 999/1003/996 988/990/985 1000/1004/997 
f 990/992/987 1000/1004/997 988/990/985 
f 1000/1004/997 990/992/987 1001/1005/998 
f 992/994/989 1001/1005/998 990/992/987 
f 1001/1005/998 992/994/989 1002/1006/999 
f 994/996/991 1002/1006/999 992/994/989 
f 1002/1006/999 994/996/991 1003/1007/1000 
f 996/998/993 1003/1007/1000 994/996/991 
f 1003/1007/1000 996/998/993 998/1008/995 
f 986/1000/983 998/1008/995 996/998/993 
f 1004/1009/1001 998/1010/995 1005/1011/1002 
f 1006/1012/1003 1005/1011/1002 998/1010/995 
f 1005/1011/1002 1006/1012/1003 1007/1013/1004 
f 1008/1014/1005 1007/1013/1004 1006/1012/1003 
f 1007/1013/1004 1008/1014/1005 1009/1015/1006 
f 1001/1016/998 1009/1015/1006 1008/1014/1005 
f 1009/1015/1006 1001/1016/998 1010/1017/1007 
f 1002/1018/999 1010/1017/1007 1001/1016/998 
f 1010/1017/1007 1002/1018/999 1011/1019/1008 
f 1003/1020/1000 1011/1019/1008 1002/1018/999 
f 1011/1019/1008 1003/1020/1000 1004/1021/1001 
f 998/1022/995 1004/1021/1001 1003/1020/1000 
f 1012/1023/1009 1004/1009/1001 1013/1024/1010 
f 1005/1011/1002 1013/1024/1010 1004/1009/1001 
f 1013/1024/1010 1005/1011/1002 1014/1025/1011 
f 1007/1013/1004 1014/1025/1011 1005/1011/1002 
f 1014/1025/1011 1007/1013/1004 1015/1026/1012 
f 1009/1015/1006 1015/1026/1012 1007/1013/1004 
f 1010/1017/1007 1015/1026/1012 1009/1015/1006 
f 1015/1026/1012 1010/1017/1007 1016/1027/1013 
f 1011/1019/1008 1016/1027/1013 1010/1017/1007 
f 1016/1027/1013 1011/1019/1008 1012/1028/1009 
f 1004/1021/1001 1012/1028/1009 1011/1019/1008 
f 1017/1029/1014 1012/1023/1009 1018/1030/1015 
f 1013/1024/1010 1018/1030/1015 1012/1023/1009 
f 1014/1025/1011 1018/1030/1015 1013/1024/1010 
f 1018/1030/1015 1014/1025/1011 1019/1031/1016 
f 1015/1026/1012 1019/1031/1016 1014/1025/1011 
f 1016/1027/1013 1019/1031/1016 1015/1026/1012 
f 1019/1031/1016 1016/1027/1013 1017/1032/1014 
f 1012/1028/1009 1017/1032/1014 1016/1027/1013 
f 1018/473/1017 1020/230/1018 1017/231/1019 
f 1019/474/1020 1020/230/1018 1018/473/1017 
f 1017/231/1019 1020/230/1018 1019/474/1020 
f 1021/1033/1021 998/1010/995 1022/1034/1022 
f 999/1035/996 1022/1034/1022 998/1010/995 
f 1022/1034/1022 999/1035/996 1023/1036/1023 
f 1000/1037/997 1023/1036/1023 999/1035/996 
f 1023/1036/1023 1000/1037/997 1024/1038/1024 
f 1001/1016/998 1024/1038/1024 1000/1037/997 
f 1024/1038/1024 1001/1016/998 1025/1039/1025 
f 1008/1040/1005 1025/1039/1025 1001/1016/998 
f 1025/1039/1025 1008/1040/1005 1026/1041/1026 
f 1006/1042/1003 1026/1041/1026 1008/1040/1005 
f 1026/1041/1026 1006/1042/1003 1021/1043/1021 
f 998/1022/995 1021/1043/1021 1006/1042/1003 
f 1027/1044/1027 1021/1033/1021 1028/1045/1028 
f 1022/1034/1022 1028/1045/1028 1021/1033/1021 
f 1023/1036/1023 1028/1045/1028 1022/1034/1022 
f 1028/1045/1028 1023/1036/1023 1029/1046/1029 
f 1024/1038/1024 1029/1046/1029 1023/1036/1023 
f 1025/1039/1025 1029/1046/1029 1024/1038/1024 
f 1029/1046/1029 1025/1039/1025 1027/1047/1027 
f 1026/1041/1026 1027/1047/1027 1025/1039/1025 
f 1021/1043/1021 1027/1047/1027 1026/1041/1026 
f 1028/1048/1030 1030/230/1031 1027/1049/1032 
f 1029/1050/1033 1030/230/1031 1028/1048/1030 
f 1027/1049/1032 1030/230/1031 1029/1050/1033 
f 1031/403/1034 1032/405/1034 1033/404/1034 
f 1034/406/1034 1035/408/1034 1036/407/1034 
f 1036/407/1034 1031/403/1034 1033/404/1034 
f 1036/407/1034 1033/404/1034 1034/406/1034 
f 1037/314/1035 1038/315/1035 1039/316/1035 
f 1040/317/1035 1041/318/1035 1042/319/1035 
f 1042/319/1035 1037/314/1035 1039/316/1035 
f 1042/319/1035 1039/316/1035 1040/317/1035 
f 1043/309/1036 1044/310/1037 1045/311/1038 
f 1046/312/1039 1044/310/1037 1043/309/1036 
f 1047/313/1040 1044/310/1037 1046/312/1039 
f 1047/313/1040 1045/311/1038 1044/310/1037 
f 1048/1051/1041 1049/1052/1042 1050/1053/1043 
f 1051/1054/1044 1050/1053/1043 1049/1052/1042 
f 1050/1053/1043 1051/1054/1044 1052/1055/1045 
f 1053/1056/1046 1052/1055/1045 1051/1054/1044 
f 1052/1055/1045 1053/1056/1046 1054/1057/1047 
f 1055/1058/1048 1054/1057/1047 1053/1056/1046 
f 1054/1057/1047 1055/1058/1048 1056/1059/1049 
f 1057/1060/1050 1056/1059/1049 1055/1058/1048 
f 1056/1059/1049 1057/1060/1050 1058/1061/1051 
f 1059/1062/1052 1058/1061/1051 1057/1060/1050 
f 1058/1061/1051 1059/1062/1052 1048/1063/1041 
f 1049/1064/1042 1048/1063/1041 1059/1062/1052 
f 1060/1065/1053 1048/1051/1041 1061/1066/1054 
f 1050/1053/1043 1061/1066/1054 1048/1051/1041 
f 1061/1066/1054 1050/1053/1043 1062/1067/1055 
f 1052/1055/1045 1062/1067/1055 1050/1053/1043 
f 1062/1067/1055 1052/1055/1045 1063/1068/1056 
f 1054/1057/1047 1063/1068/1056 1052/1055/1045 
f 1063/1068/1056 1054/1057/1047 1064/1069/1057 
f 1056/1059/1049 1064/1069/1057 1054/1057/1047 
f 1064/1069/1057 1056/1059/1049 1065/1070/1058 
f 1058/1061/1051 1065/1070/1058 1056/1059/1049 
f 1065/1070/1058 1058/1061/1051 1060/1071/1053 
f 1048/1063/1041 1060/1071/1053 1058/1061/1051 
f 1066/1072/1059 1060/1065/1053 1067/1073/1060 
f 1061/1066/1054 1067/1073/1060 1060/1065/1053 
f 1067/1073/1060 1061/1066/1054 1068/1074/1061 
f 1062/1067/1055 1068/1074/1061 1061/1066/1054 
f 1068/1074/1061 1062/1067/1055 1069/1075/1062 
f 1063/1068/1056 1069/1075/1062 1062/1067/1055 
f 1064/1069/1057 1069/1075/1062 1063/1068/1056 
f 1069/1075/1062 1064/1069/1057 1070/1076/1063 
f 1065/1070/1058 1070/1076/1063 1064/1069/1057 
f 1070/1076/1063 1065/1070/1058 1066/1077/1059 
f 1060/1071/1053 1066/1077/1059 1065/1070/1058 
f 1067/1078/1064 1071/230/1065 1066/231/1066 
f 1068/1079/1067 1071/230/1065 1067/1078/1064 
f 1069/1080/1068 1071/230/1065 1068/1079/1067 
f 1070/1081/1069 1071/230/1065 1069/1080/1068 
f 1066/231/1066 1071/230/1065 1070/1081/1069 
f 1072/314/1070 1073/315/1070 1074/316/1070 
f 1075/317/1070 1076/318/1070 1077/319/1070 
f 1077/319/1070 1072/314/1070 1074/316/1070 
f 1077/319/1070 1074/316/1070 1075/317/1070 
f 1078/309/1071 1079/310/1072 1080/311/1073 
f 1081/312/1074 1079/310/1072 1078/309/1071 
f 1082/313/1075 1079/310/1072 1081/312/1074 
f 1082/313/1075 1080/311/1073 1079/310/1072 
f 1083/403/1076 1084/405/1076 1085/404/1076 
f 1086/406/1076 1087/408/1076 1088/407/1076 
f 1088/407/1076 1083/403/1076 1085/404/1076 
f 1088/407/1076 1085/404/1076 1086/406/1076 
f 1089/1082/1077 1090/1083/1078 1091/1084/1079 
f 1092/1085/1080 1091/1084/1079 1090/1083/1078 
f 1091/1084/1079 1092/1085/1080 1093/1086/1081 
f 1094/1087/1082 1093/1086/1081 1092/1085/1080 
f 1093/1086/1081 1094/1087/1082 1095/1088/1083 
f 1096/1089/1084 1095/1088/1083 1094/1087/1082 
f 1095/1088/1083 1096/1089/1084 1097/1090/1085 
f 1098/1091/1086 1097/1090/1085 1096/1089/1084 
f 1097/1090/1085 1098/1091/1086 1099/1092/1087 
f 1100/1093/1088 1099/1092/1087 1098/1091/1086 
f 1099/1092/1087 1100/1093/1088 1089/1094/1077 
f 1090/1095/1078 1089/1094/1077 1100/1093/1088 
f 1101/1096/1089 1089/1082/1077 1102/1097/1090 
f 1091/1084/1079 1102/1097/1090 1089/1082/1077 
f 1102/1097/1090 1091/1084/1079 1103/1098/1091 
f 1093/1086/1081 1103/1098/1091 1091/1084/1079 
f 1103/1098/1091 1093/1086/1081 1104/1099/1092 
f 1095/1088/1083 1104/1099/1092 1093/1086/1081 
f 1104/1099/1092 1095/1088/1083 1105/1100/1093 
f 1097/1090/1085 1105/1100/1093 1095/1088/1083 
f 1105/1100/1093 1097/1090/1085 1106/1101/1094 
f 1099/1092/1087 1106/1101/1094 1097/1090/1085 
f 1106/1101/1094 1099/1092/1087 1101/1102/1089 
f 1089/1094/1077 1101/1102/1089 1099/1092/1087 
f 1107/1103/1095 1101/1104/1089 1108/1105/1096 
f 1109/1106/1097 1108/1105/1096 1101/1104/1089 
f 1108/1105/1096 1109/1106/1097 1110/1107/1098 
f 1111/1108/1099 1110/1107/1098 1109/1106/1097 
f 1110/1107/1098 1111/1108/1099 1112/1109/1100 
f 1104/1110/1092 1112/1109/1100 1111/1108/1099 
f 1112/1109/1100 1104/1110/1092 1113/1111/1101 
f 1105/1112/1093 1113/1111/1101 1104/1110/1092 
f 1113/1111/1101 1105/1112/1093 1114/1113/1102 
f 1106/1114/1094 1114/1113/1102 1105/1112/1093 
f 1114/1113/1102 1106/1114/1094 1107/1115/1095 
f 1101/1116/1089 1107/1115/1095 1106/1114/1094 
f 1115/1117/1103 1107/1103/1095 1116/1118/1104 
f 1108/1105/1096 1116/1118/1104 1107/1103/1095 
f 1110/1107/1098 1116/1118/1104 1108/1105/1096 
f 1116/1118/1104 1110/1107/1098 1117/1119/1105 
f 1112/1109/1100 1117/1119/1105 1110/1107/1098 
f 1113/1111/1101 1117/1119/1105 1112/1109/1100 
f 1117/1119/1105 1113/1111/1101 1115/1120/1103 
f 1114/1113/1102 1115/1120/1103 1113/1111/1101 
f 1107/1115/1095 1115/1120/1103 1114/1113/1102 
f 1116/473/1106 1118/230/1107 1115/231/1108 
f 1117/474/1109 1118/230/1107 1116/473/1106 
f 1115/231/1108 1118/230/1107 1117/474/1109 
f 1119/1121/1110 1101/1104/1089 1120/1122/1111 
f 1102/1123/1090 1120/1122/1111 1101/1104/1089 
f 1120/1122/1111 1102/1123/1090 1121/1124/1112 
f 1103/1125/1091 1121/1124/1112 1102/1123/1090 
f 1121/1124/1112 1103/1125/1091 1122/1126/1113 
f 1104/1110/1092 1122/1126/1113 1103/1125/1091 
f 1122/1126/1113 1104/1110/1092 1123/1127/1114 
f 1111/1128/1099 1123/1127/1114 1104/1110/1092 
f 1123/1127/1114 1111/1128/1099 1124/1129/1115 
f 1109/1130/1097 1124/1129/1115 1111/1128/1099 
f 1124/1129/1115 1109/1130/1097 1119/1131/1110 
f 1101/1116/1089 1119/1131/1110 1109/1130/1097 
f 1125/1132/1116 1119/1121/1110 1126/1133/1117 
f 1120/1122/1111 1126/1133/1117 1119/1121/1110 
f 1121/1124/1112 1126/1133/1117 1120/1122/1111 
f 1126/1133/1117 1121/1124/1112 1127/1134/1118 
f 1122/1126/1113 1127/1134/1118 1121/1124/1112 
f 1123/1127/1114 1127/1134/1118 1122/1126/1113 
f 1127/1134/1118 1123/1127/1114 1125/1135/1116 
f 1124/1129/1115 1125/1135/1116 1123/1127/1114 
f 1119/1131/1110 1125/1135/1116 1124/1129/1115 
f 1126/1136/1119 1128/230/1120 1125/1137/1121 
f 1127/1138/1122 1128/230/1120 1126/1136/1119 
f 1125/1137/1121 1128/230/1120 1127/1138/1122 
f 1129/309/1123 1130/310/1124 1131/311/1125 
f 1132/312/1126 1130/310/1124 1129/309/1123 
f 1133/313/1127 1130/310/1124 1132/312/1126 
f 1133/313/1127 1131/311/1125 1130/310/1124 
f 1134/304/1128 1135/306/1129 1136/305/1130 
f 1137/307/1131 1134/304/1128 1136/305/1130 
f 1138/308/1132 1137/307/1131 1136/305/1130 
f 1138/308/1132 1136/305/1130 1135/306/1129 
f 1139/314/1133 1140/316/1133 1141/315/1133 
f 1142/317/1133 1143/319/1133 1144/318/1133 
f 1143/319/1133 1140/316/1133 1139/314/1133 
f 1143/319/1133 1142/317/1133 1140/316/1133 
f 1145/1139/1134 1146/1140/1135 1147/1141/1136 
f 1148/1142/1137 1147/1141/1136 1146/1140/1135 
f 1147/1141/1136 1148/1142/1137 1149/1143/1138 
f 1150/1144/1139 1149/1143/1138 1148/1142/1137 
f 1149/1143/1138 1150/1144/1139 1151/1145/1140 
f 1152/1146/1141 1151/1145/1140 1150/1144/1139 
f 1151/1145/1140 1152/1146/1141 1153/1147/1142 
f 1154/1148/1143 1153/1147/1142 1152/1146/1141 
f 1153/1147/1142 1154/1148/1143 1155/1149/1144 
f 1156/1150/1145 1155/1149/1144 1154/1148/1143 
f 1155/1149/1144 1156/1150/1145 1145/1151/1134 
f 1146/1152/1135 1145/1151/1134 1156/1150/1145 
f 1157/1153/1146 1145/1139/1134 1158/1154/1147 
f 1147/1141/1136 1158/1154/1147 1145/1139/1134 
f 1158/1154/1147 1147/1141/1136 1159/1155/1148 
f 1149/1143/1138 1159/1155/1148 1147/1141/1136 
f 1159/1155/1148 1149/1143/1138 1160/1156/1149 
f 1151/1145/1140 1160/1156/1149 1149/1143/1138 
f 1160/1156/1149 1151/1145/1140 1161/1157/1150 
f 1153/1147/1142 1161/1157/1150 1151/1145/1140 
f 1161/1157/1150 1153/1147/1142 1162/1158/1151 
f 1155/1149/1144 1162/1158/1151 1153/1147/1142 
f 1162/1158/1151 1155/1149/1144 1157/1159/1146 
f 1145/1151/1134 1157/1159/1146 1155/1149/1144 
f 1163/1160/1152 1157/1161/1146 1164/1162/1153 
f 1165/1163/1154 1164/1162/1153 1157/1161/1146 
f 1164/1162/1153 1165/1163/1154 1166/1164/1155 
f 1167/1165/1156 1166/1164/1155 1165/1163/1154 
f 1166/1164/1155 1167/1165/1156 1168/1166/1157 
f 1160/1167/1149 1168/1166/1157 1167/1165/1156 
f 1168/1166/1157 1160/1167/1149 1169/1168/1158 
f 1161/1169/1150 1169/1168/1158 1160/1167/1149 
f 1169/1168/1158 1161/1169/1150 1170/1170/1159 
f 1162/1171/1151 1170/1170/1159 1161/1169/1150 
f 1170/1170/1159 1162/1171/1151 1163/1172/1152 
f 1157/1173/1146 1163/1172/1152 1162/1171/1151 
f 1171/1174/1160 1163/1160/1152 1172/1175/1161 
f 1164/1162/1153 1172/1175/1161 1163/1160/1152 
f 1166/1164/1155 1172/1175/1161 1164/1162/1153 
f 1172/1175/1161 1166/1164/1155 1173/1176/1162 
f 1168/1166/1157 1173/1176/1162 1166/1164/1155 
f 1169/1168/1158 1173/1176/1162 1168/1166/1157 
f 1173/1176/1162 1169/1168/1158 1171/1177/1160 
f 1170/1170/1159 1171/1177/1160 1169/1168/1158 
f 1163/1172/1152 1171/1177/1160 1170/1170/1159 
f 1172/473/1163 1174/230/1164 1171/231/1165 
f 1173/474/1166 1174/230/1164 1172/473/1163 
f 1171/231/1165 1174/230/1164 1173/474/1166 
f 1175/1178/1167 1157/1161/1146 1176/1179/1168 
f 1158/1180/1147 1176/1179/1168 1157/1161/1146 
f 1176/1179/1168 1158/1180/1147 1177/1181/1169 
f 1159/1182/1148 1177/1181/1169 1158/1180/1147 
f 1177/1181/1169 1159/1182/1148 1178/1183/1170 
f 1160/1167/1149 1178/1183/1170 1159/1182/1148 
f 1178/1183/1170 1160/1167/1149 1179/1184/1171 
f 1167/1185/1156 1179/1184/1171 1160/1167/1149 
f 1179/1184/1171 1167/1185/1156 1180/1186/1172 
f 1165/1187/1154 1180/1186/1172 1167/1185/1156 
f 1180/1186/1172 1165/1187/1154 1175/1188/1167 
f 1157/1173/1146 1175/1188/1167 1165/1187/1154 
f 1181/1189/1173 1175/1178/1167 1182/1190/1174 
f 1176/1179/1168 1182/1190/1174 1175/1178/1167 
f 1177/1181/1169 1182/1190/1174 1176/1179/1168 
f 1182/1190/1174 1177/1181/1169 1183/1191/1175 
f 1178/1183/1170 1183/1191/1175 1177/1181/1169 
f 1179/1184/1171 1183/1191/1175 1178/1183/1170 
f 1183/1191/1175 1179/1184/1171 1181/1192/1173 
f 1180/1186/1172 1181/1192/1173 1179/1184/1171 
f 1175/1188/1167 1181/1192/1173 1180/1186/1172 
f 1182/1193/1176 1184/230/1177 1181/1194/1178 
f 1183/1195/1179 1184/230/1177 1182/1193/1176 
f 1181/1194/1178 1184/230/1177 1183/1195/1179 
f 1185/309/1180 1186/311/1181 1187/310/1182 
f 1188/312/1183 1185/309/1180 1187/310/1182 
f 1189/313/1184 1188/312/1183 1187/310/1182 
f 1189/313/1184 1187/310/1182 1186/311/1181 
f 1190/403/1185 1191/404/1185 1192/405/1185 
f 1193/406/1185 1194/407/1185 1195/408/1185 
f 1194/407/1185 1191/404/1185 1190/403/1185 
f 1194/407/1185 1193/406/1185 1191/404/1185 
f 1196/309/1186 1197/311/1187 1198/310/1188 
f 1199/312/1189 1196/309/1186 1198/310/1188 
f 1200/313/1190 1199/312/1189 1198/310/1188 
f 1200/313/1190 1198/310/1188 1197/311/1187 
f 1201/1196/1191 1202/1197/1192 1203/1198/1193 
f 1204/1199/1194 1203/1198/1193 1202/1197/1192 
f 1203/1198/1193 1204/1199/1194 1205/1200/1195 
f 1206/1201/1196 1205/1200/1195 1204/1199/1194 
f 1205/1200/1195 1206/1201/1196 1207/1202/1197 
f 1208/1203/1198 1207/1202/1197 1206/1201/1196 
f 1207/1202/1197 1208/1203/1198 1209/1204/1199 
f 1210/1205/1200 1209/1204/1199 1208/1203/1198 
f 1209/1204/1199 1210/1205/1200 1211/1206/1201 
f 1212/1207/1202 1211/1206/1201 1210/1205/1200 
f 1211/1206/1201 1212/1207/1202 1201/1208/1191 
f 1202/1209/1192 1201/1208/1191 1212/1207/1202 
f 1213/1210/1203 1201/1211/1191 1214/1212/1204 
f 1215/1213/1205 1214/1212/1204 1201/1211/1191 
f 1214/1212/1204 1215/1213/1205 1216/1214/1206 
f 1217/1215/1207 1216/1214/1206 1215/1213/1205 
f 1216/1214/1206 1217/1215/1207 1218/1216/1208 
f 1207/1217/1197 1218/1216/1208 1217/1215/1207 
f 1218/1216/1208 1207/1217/1197 1219/1218/1209 
f 1209/1219/1199 1219/1218/1209 1207/1217/1197 
f 1219/1218/1209 1209/1219/1199 1220/1220/1210 
f 1211/1221/1201 1220/1220/1210 1209/1219/1199 
f 1220/1220/1210 1211/1221/1201 1213/1222/1203 
f 1201/1223/1191 1213/1222/1203 1211/1221/1201 
f 1221/1224/1211 1213/1210/1203 1222/1225/1212 
f 1214/1212/1204 1222/1225/1212 1213/1210/1203 
f 1222/1225/1212 1214/1212/1204 1223/1226/1213 
f 1216/1214/1206 1223/1226/1213 1214/1212/1204 
f 1223/1226/1213 1216/1214/1206 1224/1227/1214 
f 1218/1216/1208 1224/1227/1214 1216/1214/1206 
f 1219/1218/1209 1224/1227/1214 1218/1216/1208 
f 1224/1227/1214 1219/1218/1209 1225/1228/1215 
f 1220/1220/1210 1225/1228/1215 1219/1218/1209 
f 1225/1228/1215 1220/1220/1210 1221/1229/1211 
f 1213/1222/1203 1221/1229/1211 1220/1220/1210 
f 1226/1230/1216 1221/1224/1211 1227/1231/1217 
f 1222/1225/1212 1227/1231/1217 1221/1224/1211 
f 1223/1226/1213 1227/1231/1217 1222/1225/1212 
f 1227/1231/1217 1223/1226/1213 1228/1232/1218 
f 1224/1227/1214 1228/1232/1218 1223/1226/1213 
f 1225/1228/1215 1228/1232/1218 1224/1227/1214 
f 1228/1232/1218 1225/1228/1215 1226/1233/1216 
f 1221/1229/1211 1226/1233/1216 1225/1228/1215 
f 1227/473/1219 1229/230/1220 1226/231/1221 
f 1228/474/1222 1229/230/1220 1227/473/1219 
f 1226/231/1221 1229/230/1220 1228/474/1222 
f 1230/1234/1223 1201/1211/1191 1231/1235/1224 
f 1203/1236/1193 1231/1235/1224 1201/1211/1191 
f 1231/1235/1224 1203/1236/1193 1232/1237/1225 
f 1205/1238/1195 1232/1237/1225 1203/1236/1193 
f 1232/1237/1225 1205/1238/1195 1233/1239/1226 
f 1207/1217/1197 1233/1239/1226 1205/1238/1195 
f 1233/1239/1226 1207/1217/1197 1234/1240/1227 
f 1217/1241/1207 1234/1240/1227 1207/1217/1197 
f 1234/1240/1227 1217/1241/1207 1235/1242/1228 
f 1215/1243/1205 1235/1242/1228 1217/1241/1207 
f 1235/1242/1228 1215/1243/1205 1230/1244/1223 
f 1201/1223/1191 1230/1244/1223 1215/1243/1205 
f 1236/1245/1229 1230/1234/1223 1237/1246/1230 
f 1231/1235/1224 1237/1246/1230 1230/1234/1223 
f 1237/1246/1230 1231/1235/1224 1238/1247/1231 
f 1232/1237/1225 1238/1247/1231 1231/1235/1224 
f 1238/1247/1231 1232/1237/1225 1239/1248/1232 
f 1233/1239/1226 1239/1248/1232 1232/1237/1225 
f 1234/1240/1227 1239/1248/1232 1233/1239/1226 
f 1239/1248/1232 1234/1240/1227 1240/1249/1233 
f 1235/1242/1228 1240/1249/1233 1234/1240/1227 
f 1240/1249/1233 1235/1242/1228 1236/1250/1229 
f 1230/1244/1223 1236/1250/1229 1235/1242/1228 
f 1241/1251/1234 1236/1245/1229 1242/1252/1235 
f 1237/1246/1230 1242/1252/1235 1236/1245/1229 
f 1238/1247/1231 1242/1252/1235 1237/1246/1230 
f 1242/1252/1235 1238/1247/1231 1243/1253/1236 
f 1239/1248/1232 1243/1253/1236 1238/1247/1231 
f 1240/1249/1233 1243/1253/1236 1239/1248/1232 
f 1243/1253/1236 1240/1249/1233 1241/1254/1234 
f 1236/1250/1229 1241/1254/1234 1240/1249/1233 
f 1242/1255/1237 1244/230/1238 1241/1256/1239 
f 1243/1257/1240 1244/230/1238 1242/1255/1237 
f 1241/1256/1239 1244/230/1238 1243/1257/1240 
f 1245/304/1241 1246/305/1242 1247/306/1243 
f 1248/307/1244 1246/305/1242 1245/304/1241 
f 1249/308/1245 1246/305/1242 1248/307/1244 
f 1249/308/1245 1247/306/1243 1246/305/1242 
f 1250/403/1246 1251/405/1246 1252/404/1246 
f 1253/406/1246 1254/408/1246 1255/407/1246 
f 1255/407/1246 1250/403/1246 1252/404/1246 
f 1255/407/1246 1252/404/1246 1253/406/1246 
f 1256/304/1247 1257/306/1248 1258/305/1249 
f 1259/307/1250 1256/304/1247 1258/305/1249 
f 1260/308/1251 1259/307/1250 1258/305/1249 
f 1260/308/1251 1258/305/1249 1257/306/1248 
f 1261/1258/1252 1262/1259/1253 1263/1260/1254 
f 1264/1261/1255 1263/1260/1254 1262/1259/1253 
f 1263/1260/1254 1264/1261/1255 1265/1262/1256 
f 1266/1263/1257 1265/1262/1256 1264/1261/1255 
f 1265/1262/1256 1266/1263/1257 1267/1264/1258 
f 1268/1265/1259 1267/1264/1258 1266/1263/1257 
f 1267/1264/1258 1268/1265/1259 1269/1266/1260 
f 1270/1267/1261 1269/1266/1260 1268/1265/1259 
f 1269/1266/1260 1270/1267/1261 1271/1268/1262 
f 1272/1269/1263 1271/1268/1262 1270/1267/1261 
f 1271/1268/1262 1272/1269/1263 1261/1270/1252 
f 1262/1271/1253 1261/1270/1252 1272/1269/1263 
f 1273/1272/1264 1261/1258/1252 1274/1273/1265 
f 1263/1260/1254 1274/1273/1265 1261/1258/1252 
f 1274/1273/1265 1263/1260/1254 1275/1274/1266 
f 1265/1262/1256 1275/1274/1266 1263/1260/1254 
f 1275/1274/1266 1265/1262/1256 1276/1275/1267 
f 1267/1264/1258 1276/1275/1267 1265/1262/1256 
f 1276/1275/1267 1267/1264/1258 1277/1276/1268 
f 1269/1266/1260 1277/1276/1268 1267/1264/1258 
f 1277/1276/1268 1269/1266/1260 1278/1277/1269 
f 1271/1268/1262 1278/1277/1269 1269/1266/1260 
f 1278/1277/1269 1271/1268/1262 1273/1278/1264 
f 1261/1270/1252 1273/1278/1264 1271/1268/1262 
f 1279/1279/1270 1273/1272/1264 1280/1280/1271 
f 1274/1273/1265 1280/1280/1271 1273/1272/1264 
f 1280/1280/1271 1274/1273/1265 1281/1281/1272 
f 1275/1274/1266 1281/1281/1272 1274/1273/1265 
f 1281/1281/1272 1275/1274/1266 1282/1282/1273 
f 1276/1275/1267 1282/1282/1273 1275/1274/1266 
f 1282/1282/1273 1276/1275/1267 1283/1283/1274 
f 1277/1276/1268 1283/1283/1274 1276/1275/1267 
f 1283/1283/1274 1277/1276/1268 1284/1284/1275 
f 1278/1277/1269 1284/1284/1275 1277/1276/1268 
f 1284/1284/1275 1278/1277/1269 1279/1285/1270 
f 1273/1278/1264 1279/1285/1270 1278/1277/1269 
f 1285/1286/1276 1279/1287/1270 1286/1288/1277 
f 1287/1289/1278 1286/1288/1277 1279/1287/1270 
f 1286/1288/1277 1287/1289/1278 1288/1290/1279 
f 1289/1291/1280 1288/1290/1279 1287/1289/1278 
f 1288/1290/1279 1289/1291/1280 1290/1292/1281 
f 1282/1293/1273 1290/1292/1281 1289/1291/1280 
f 1290/1292/1281 1282/1293/1273 1291/1294/1282 
f 1283/1295/1274 1291/1294/1282 1282/1293/1273 
f 1291/1294/1282 1283/1295/1274 1292/1296/1283 
f 1284/1297/1275 1292/1296/1283 1283/1295/1274 
f 1292/1296/1283 1284/1297/1275 1285/1298/1276 
f 1279/1299/1270 1285/1298/1276 1284/1297/1275 
f 1293/1300/1284 1285/1286/1276 1294/1301/1285 
f 1286/1288/1277 1294/1301/1285 1285/1286/1276 
f 1294/1301/1285 1286/1288/1277 1295/1302/1286 
f 1288/1290/1279 1295/1302/1286 1286/1288/1277 
f 1295/1302/1286 1288/1290/1279 1296/1303/1287 
f 1290/1292/1281 1296/1303/1287 1288/1290/1279 
f 1291/1294/1282 1296/1303/1287 1290/1292/1281 
f 1296/1303/1287 1291/1294/1282 1297/1304/1288 
f 1292/1296/1283 1297/1304/1288 1291/1294/1282 
f 1297/1304/1288 1292/1296/1283 1293/1305/1284 
f 1285/1298/1276 1293/1305/1284 1292/1296/1283 
f 1298/1306/1289 1293/1300/1284 1299/1307/1290 
f 1294/1301/1285 1299/1307/1290 1293/1300/1284 
f 1299/1307/1290 1294/1301/1285 1300/1308/1291 
f 1295/1302/1286 1300/1308/1291 1294/1301/1285 
f 1300/1308/1291 1295/1302/1286 1301/1309/1292 
f 1296/1303/1287 1301/1309/1292 1295/1302/1286 
f 1301/1309/1292 1296/1303/1287 1302/1310/1293 
f 1297/1304/1288 1302/1310/1293 1296/1303/1287 
f 1302/1310/1293 1297/1304/1288 1298/1311/1289 
f 1293/1305/1284 1298/1311/1289 1297/1304/1288 
f 1299/1078/1294 1303/230/1295 1298/231/1296 
f 1300/1079/1297 1303/230/1295 1299/1078/1294 
f 1301/1080/1298 1303/230/1295 1300/1079/1297 
f 1302/1081/1299 1303/230/1295 1301/1080/1298 
f 1298/231/1296 1303/230/1295 1302/1081/1299 
f 1304/1312/1300 1279/1287/1270 1305/1313/1301 
f 1280/1314/1271 1305/1313/1301 1279/1287/1270 
f 1305/1313/1301 1280/1314/1271 1306/1315/1302 
f 1281/1316/1272 1306/1315/1302 1280/1314/1271 
f 1306/1315/1302 1281/1316/1272 1307/1317/1303 
f 1282/1293/1273 1307/1317/1303 1281/1316/1272 
f 1307/1317/1303 1282/1293/1273 1308/1318/1304 
f 1289/1319/1280 1308/1318/1304 1282/1293/1273 
f 1308/1318/1304 1289/1319/1280 1309/1320/1305 
f 1287/1321/1278 1309/1320/1305 1289/1319/1280 
f 1309/1320/1305 1287/1321/1278 1304/1322/1300 
f 1279/1299/1270 1304/1322/1300 1287/1321/1278 
f 1310/1323/1306 1304/1312/1300 1311/1307/1307 
f 1305/1313/1301 1311/1307/1307 1304/1312/1300 
f 1311/1307/1307 1305/1313/1301 1312/1324/1308 
f 1306/1315/1302 1312/1324/1308 1305/1313/1301 
f 1312/1324/1308 1306/1315/1302 1313/1325/1309 
f 1307/1317/1303 1313/1325/1309 1306/1315/1302 
f 1308/1318/1304 1313/1325/1309 1307/1317/1303 
f 1313/1325/1309 1308/1318/1304 1314/1326/1310 
f 1309/1320/1305 1314/1326/1310 1308/1318/1304 
f 1314/1326/1310 1309/1320/1305 1310/1327/1306 
f 1304/1322/1300 1310/1327/1306 1309/1320/1305 
f 1311/1328/1311 1315/230/1312 1310/1329/1313 
f 1312/1330/1314 1315/230/1312 1311/1328/1311 
f 1313/1331/1315 1315/230/1312 1312/1330/1314 
f 1314/1332/1316 1315/230/1312 1313/1331/1315 
f 1310/1329/1313 1315/230/1312 1314/1332/1316 
f 1316/314/1317 1317/316/1317 1318/315/1317 
f 1319/317/1317 1320/319/1317 1321/318/1317 
f 1320/319/1317 1317/316/1317 1316/314/1317 
f 1320/319/1317 1319/317/1317 1317/316/1317 
f 1322/309/1318 1323/311/1319 1324/310/1320 
f 1325/312/1321 1322/309/1318 1324/310/1320 
f 1326/313/1322 1325/312/1321 1324/310/1320 
f 1326/313/1322 1324/310/1320 1323/311/1319 
f 1327/304/1323 1328/305/1324 1329/306/1325 
f 1330/307/1326 1328/305/1324 1327/304/1323 
f 1331/308/1327 1328/305/1324 1330/307/1326 
f 1331/308/1327 1329/306/1325 1328/305/1324 
f 1332/1333/1328 1333/1334/1329 1334/1335/1330 
f 1335/1336/1331 1334/1335/1330 1333/1334/1329 
f 1334/1335/1330 1335/1336/1331 1336/1337/1332 
f 1337/1338/1333 1336/1337/1332 1335/1336/1331 
f 1336/1337/1332 1337/1338/1333 1338/1339/1334 
f 1339/1340/1335 1338/1339/1334 1337/1338/1333 
f 1338/1339/1334 1339/1340/1335 1340/1341/1336 
f 1341/1342/1337 1340/1341/1336 1339/1340/1335 
f 1340/1341/1336 1341/1342/1337 1342/1343/1338 
f 1343/1344/1339 1342/1343/1338 1341/1342/1337 
f 1342/1343/1338 1343/1344/1339 1332/1345/1328 
f 1333/1346/1329 1332/1345/1328 1343/1344/1339 
f 1344/1347/1340 1332/1333/1328 1345/1348/1341 
f 1334/1335/1330 1345/1348/1341 1332/1333/1328 
f 1336/1337/1332 1345/1348/1341 1334/1335/1330 
f 1345/1348/1341 1336/1337/1332 1346/1349/1342 
f 1338/1339/1334 1346/1349/1342 1336/1337/1332 
f 1346/1349/1342 1338/1339/1334 1347/1350/1343 
f 1340/1341/1336 1347/1350/1343 1338/1339/1334 
f 1342/1343/1338 1347/1350/1343 1340/1341/1336 
f 1347/1350/1343 1342/1343/1338 1344/1351/1340 
f 1332/1345/1328 1344/1351/1340 1342/1343/1338 
f 1348/1352/1344 1344/1353/1340 1349/1354/1345 
f 1350/1355/1346 1349/1354/1345 1344/1353/1340 
f 1349/1354/1345 1350/1355/1346 1351/1356/1347 
f 1346/1357/1342 1351/1356/1347 1350/1355/1346 
f 1351/1356/1347 1346/1357/1342 1352/1358/1348 
f 1347/1359/1343 1352/1358/1348 1346/1357/1342 
f 1352/1358/1348 1347/1359/1343 1348/1360/1344 
f 1344/1361/1340 1348/1360/1344 1347/1359/1343 
f 1353/1362/1349 1348/1352/1344 1354/1363/1350 
f 1349/1354/1345 1354/1363/1350 1348/1352/1344 
f 1354/1363/1350 1349/1354/1345 1355/1364/1351 
f 1351/1356/1347 1355/1364/1351 1349/1354/1345 
f 1352/1358/1348 1355/1364/1351 1351/1356/1347 
f 1355/1364/1351 1352/1358/1348 1353/1365/1349 
f 1348/1360/1344 1353/1365/1349 1352/1358/1348 
f 1356/1366/1352 1344/1353/1340 1357/1367/1353 
f 1345/1368/1341 1357/1367/1353 1344/1353/1340 
f 1357/1367/1353 1345/1368/1341 1358/1369/1354 
f 1346/1357/1342 1358/1369/1354 1345/1368/1341 
f 1358/1369/1354 1346/1357/1342 1359/1370/1355 
f 1350/1371/1346 1359/1370/1355 1346/1357/1342 
f 1359/1370/1355 1350/1371/1346 1356/1372/1352 
f 1344/1361/1340 1356/1372/1352 1350/1371/1346 
f 1360/1373/1356 1356/1366/1352 1361/1374/1357 
f 1357/1367/1353 1361/1374/1357 1356/1366/1352 
f 1361/1374/1357 1357/1367/1353 1362/1375/1358 
f 1358/1369/1354 1362/1375/1358 1357/1367/1353 
f 1362/1375/1358 1358/1369/1354 1363/1376/1359 
f 1359/1370/1355 1363/1376/1359 1358/1369/1354 
f 1363/1376/1359 1359/1370/1355 1360/1377/1356 
f 1356/1372/1352 1360/1377/1356 1359/1370/1355 
f 1364/1378/1360 1360/1373/1356 1365/1379/1361 
f 1361/1374/1357 1365/1379/1361 1360/1373/1356 
f 1365/1379/1361 1361/1374/1357 1366/1380/1362 
f 1362/1375/1358 1366/1380/1362 1361/1374/1357 
f 1363/1376/1359 1366/1380/1362 1362/1375/1358 
f 1366/1380/1362 1363/1376/1359 1364/1381/1360 
f 1360/1377/1356 1364/1381/1360 1363/1376/1359 
f 1367/403/1363 1368/405/1363 1369/404/1363 
f 1370/406/1363 1371/408/1363 1372/407/1363 
f 1372/407/1363 1367/403/1363 1369/404/1363 
f 1372/407/1363 1369/404/1363 1370/406/1363 
f 1373/304/1364 1374/305/1365 1375/306/1366 
f 1376/307/1367 1374/305/1365 1373/304/1364 
f 1377/308/1368 1374/305/1365 1376/307/1367 
f 1377/308/1368 1375/306/1366 1374/305/1365 
f 1378/314/1369 1379/315/1369 1380/316/1369 
f 1381/317/1369 1382/318/1369 1383/319/1369 
f 1383/319/1369 1378/314/1369 1380/316/1369 
f 1383/319/1369 1380/316/1369 1381/317/1369 
f 1384/1382/1370 1385/1383/1371 1386/1384/1372 
f 1387/1385/1373 1386/1384/1372 1385/1383/1371 
f 1388/1386/1374 1386/1384/1372 1387/1385/1373 
f 1386/1384/1372 1388/1386/1374 1389/1387/1375 
f 1390/1388/1376 1389/1387/1375 1388/1386/1374 
f 1389/1387/1375 1390/1388/1376 1391/1389/1377 
f 1392/1390/1378 1391/1389/1377 1390/1388/1376 
f 1393/1391/1379 1391/1389/1377 1392/1390/1378 
f 1391/1389/1377 1393/1391/1379 1384/1392/1370 
f 1385/1393/1371 1384/1392/1370 1393/1391/1379 
f 1394/1394/1380 1384/1382/1370 1395/1395/1381 
f 1386/1384/1372 1395/1395/1381 1384/1382/1370 
f 1395/1395/1381 1386/1384/1372 1396/1396/1382 
f 1389/1387/1375 1396/1396/1382 1386/1384/1372 
f 1396/1396/1382 1389/1387/1375 1397/1397/1383 
f 1391/1389/1377 1397/1397/1383 1389/1387/1375 
f 1397/1397/1383 1391/1389/1377 1394/1398/1380 
f 1384/1392/1370 1394/1398/1380 1391/1389/1377 
f 1398/1399/1384 1394/1400/1380 1399/1401/1385 
f 1400/1402/1386 1399/1401/1385 1394/1400/1380 
f 1399/1401/1385 1400/1402/1386 1401/1403/1387 
f 1396/1404/1382 1401/1403/1387 1400/1402/1386 
f 1401/1403/1387 1396/1404/1382 1402/1405/1388 
f 1397/1406/1383 1402/1405/1388 1396/1404/1382 
f 1402/1405/1388 1397/1406/1383 1398/1407/1384 
f 1394/1408/1380 1398/1407/1384 1397/1406/1383 
f 1403/1409/1389 1398/1399/1384 1404/1410/1390 
f 1399/1401/1385 1404/1410/1390 1398/1399/1384 
f 1404/1410/1390 1399/1401/1385 1405/1411/1391 
f 1401/1403/1387 1405/1411/1391 1399/1401/1385 
f 1402/1405/1388 1405/1411/1391 1401/1403/1387 
f 1405/1411/1391 1402/1405/1388 1403/1412/1389 
f 1398/1407/1384 1403/1412/1389 1402/1405/1388 
f 1406/1399/1392 1394/1400/1380 1407/1401/1393 
f 1395/1413/1381 1407/1401/1393 1394/1400/1380 
f 1407/1401/1393 1395/1413/1381 1408/1403/1394 
f 1396/1404/1382 1408/1403/1394 1395/1413/1381 
f 1408/1403/1394 1396/1404/1382 1409/1405/1395 
f 1400/1414/1386 1409/1405/1395 1396/1404/1382 
f 1409/1405/1395 1400/1414/1386 1406/1407/1392 
f 1394/1408/1380 1406/1407/1392 1400/1414/1386 
f 1410/1415/1396 1406/1399/1392 1411/1416/1397 
f 1407/1401/1393 1411/1416/1397 1406/1399/1392 
f 1411/1416/1397 1407/1401/1393 1412/1417/1398 
f 1408/1403/1394 1412/1417/1398 1407/1401/1393 
f 1409/1405/1395 1412/1417/1398 1408/1403/1394 
f 1412/1417/1398 1409/1405/1395 1410/1418/1396 
f 1406/1407/1392 1410/1418/1396 1409/1405/1395 
f 1413/1419/1399 1414/1420/1400 1415/1421/1401 
f 1416/1422/1402 1415/1421/1401 1414/1420/1400 
f 1417/1423/1403 1415/1421/1401 1416/1422/1402 
f 1415/1421/1401 1417/1423/1403 1418/1424/1404 
f 1419/1425/1405 1418/1424/1404 1417/1423/1403 
f 1418/1424/1404 1419/1425/1405 1420/1426/1406 
f 1420/1426/1406 1421/1427/1407 1413/1428/1399 
f 1414/1429/1400 1413/1428/1399 1421/1427/1407 
f 1422/1430/1408 1413/1431/1399 1423/1432/1409 
f 1424/1433/1410 1423/1432/1409 1413/1431/1399 
f 1423/1432/1409 1424/1433/1410 1425/1434/1411 
f 1418/1435/1404 1425/1434/1411 1424/1433/1410 
f 1425/1434/1411 1418/1435/1404 1426/1436/1412 
f 1420/1437/1406 1426/1436/1412 1418/1435/1404 
f 1426/1436/1412 1420/1437/1406 1422/1438/1408 
f 1413/1439/1399 1422/1438/1408 1420/1437/1406 
f 1427/1440/1413 1422/1430/1408 1428/1441/1414 
f 1423/1432/1409 1428/1441/1414 1422/1430/1408 
f 1428/1441/1414 1423/1432/1409 1429/1442/1415 
f 1425/1434/1411 1429/1442/1415 1423/1432/1409 
f 1426/1436/1412 1429/1442/1415 1425/1434/1411 
f 1429/1442/1415 1426/1436/1412 1427/1443/1413 
f 1422/1438/1408 1427/1443/1413 1426/1436/1412 
f 1430/1444/1416 1413/1431/1399 1431/1445/1417 
f 1415/1446/1401 1431/1445/1417 1413/1431/1399 
f 1431/1445/1417 1415/1446/1401 1432/1447/1418 
f 1418/1435/1404 1432/1447/1418 1415/1446/1401 
f 1432/1447/1418 1418/1435/1404 1433/1448/1419 
f 1424/1449/1410 1433/1448/1419 1418/1435/1404 
f 1433/1448/1419 1424/1449/1410 1430/1450/1416 
f 1413/1439/1399 1430/1450/1416 1424/1449/1410 
f 1434/1451/1420 1430/1444/1416 1435/1452/1421 
f 1431/1445/1417 1435/1452/1421 1430/1444/1416 
f 1435/1452/1421 1431/1445/1417 1436/1453/1422 
f 1432/1447/1418 1436/1453/1422 1431/1445/1417 
f 1433/1448/1419 1436/1453/1422 1432/1447/1418 
f 1436/1453/1422 1433/1448/1419 1434/1454/1420 
f 1430/1450/1416 1434/1454/1420 1433/1448/1419 
f 1437/1455/1423 1438/1456/1424 1439/1457/1425 
f 1440/1458/1426 1439/1457/1425 1438/1456/1424 
f 1439/1457/1425 1440/1458/1426 1441/1459/1427 
f 1442/1460/1428 1441/1459/1427 1440/1458/1426 
f 1441/1459/1427 1442/1460/1428 1443/1461/1429 
f 1444/1462/1430 1443/1461/1429 1442/1460/1428 
f 1443/1461/1429 1444/1462/1430 1445/1463/1431 
f 1446/1464/1432 1445/1463/1431 1444/1462/1430 
f 1445/1463/1431 1446/1464/1432 1437/1465/1423 
f 1438/1466/1424 1437/1465/1423 1446/1464/1432 
f 1447/1467/1433 1437/1455/1423 1448/1468/1434 
f 1439/1457/1425 1448/1468/1434 1437/1455/1423 
f 1448/1468/1434 1439/1457/1425 1449/1469/1435 
f 1441/1459/1427 1449/1469/1435 1439/1457/1425 
f 1443/1461/1429 1449/1469/1435 1441/1459/1427 
f 1449/1469/1435 1443/1461/1429 1450/1470/1436 
f 1445/1463/1431 1450/1470/1436 1443/1461/1429 
f 1450/1470/1436 1445/1463/1431 1447/1471/1433 
f 1437/1465/1423 1447/1471/1433 1445/1463/1431 
f 1451/1472/1437 1447/1467/1433 1452/1473/1438 
f 1448/1468/1434 1452/1473/1438 1447/1467/1433 
f 1452/1473/1438 1448/1468/1434 1453/1474/1439 
f 1449/1469/1435 1453/1474/1439 1448/1468/1434 
f 1453/1474/1439 1449/1469/1435 1454/1475/1440 
f 1450/1470/1436 1454/1475/1440 1449/1469/1435 
f 1454/1475/1440 1450/1470/1436 1451/1476/1437 
f 1447/1471/1433 1451/1476/1437 1450/1470/1436 
f 1455/1477/1441 1451/1472/1437 1456/1478/1442 
f 1452/1473/1438 1456/1478/1442 1451/1472/1437 
f 1456/1478/1442 1452/1473/1438 1457/1479/1443 
f 1453/1474/1439 1457/1479/1443 1452/1473/1438 
f 1454/1475/1440 1457/1479/1443 1453/1474/1439 
f 1457/1479/1443 1454/1475/1440 1455/1480/1441 
f 1451/1476/1437 1455/1480/1441 1454/1475/1440 
f 1458/1481/1444 1459/1482/1445 1460/1483/1446 
f 1461/1484/1447 1460/1483/1446 1459/1482/1445 
f 1460/1483/1446 1461/1484/1447 1462/1485/1448 
f 1463/1486/1449 1462/1485/1448 1461/1484/1447 
f 1462/1485/1448 1463/1486/1449 1464/1487/1450 
f 1465/1488/1451 1464/1487/1450 1463/1486/1449 
f 1464/1487/1450 1465/1488/1451 1466/1489/1452 
f 1467/1490/1453 1466/1489/1452 1465/1488/1451 
f 1466/1489/1452 1467/1490/1453 1458/1491/1444 
f 1459/1492/1445 1458/1491/1444 1467/1490/1453 
f 1468/1493/1454 1458/1481/1444 1469/1494/1455 
f 1460/1483/1446 1469/1494/1455 1458/1481/1444 
f 1469/1494/1455 1460/1483/1446 1470/1495/1456 
f 1462/1485/1448 1470/1495/1456 1460/1483/1446 
f 1464/1487/1450 1470/1495/1456 1462/1485/1448 
f 1470/1495/1456 1464/1487/1450 1471/1496/1457 
f 1466/1489/1452 1471/1496/1457 1464/1487/1450 
f 1471/1496/1457 1466/1489/1452 1468/1497/1454 
f 1458/1491/1444 1468/1497/1454 1466/1489/1452 
f 1472/1498/1458 1473/1499/1459 1474/1500/1460 
f 1475/1501/1461 1474/1500/1460 1473/1499/1459 
f 1474/1500/1460 1475/1501/1461 1476/1502/1462 
f 1477/1503/1463 1476/1502/1462 1475/1501/1461 
f 1476/1502/1462 1477/1503/1463 1478/1504/1464 
f 1479/1505/1465 1478/1504/1464 1477/1503/1463 
f 1478/1504/1464 1479/1505/1465 1480/1506/1466 
f 1481/1507/1467 1480/1506/1466 1479/1505/1465 
f 1480/1506/1466 1481/1507/1467 1472/1508/1458 
f 1473/1509/1459 1472/1508/1458 1481/1507/1467 
f 1482/1510/1468 1472/1498/1458 1483/1511/1469 
f 1474/1500/1460 1483/1511/1469 1472/1498/1458 
f 1483/1511/1469 1474/1500/1460 1484/1512/1470 
f 1476/1502/1462 1484/1512/1470 1474/1500/1460 
f 1478/1504/1464 1484/1512/1470 1476/1502/1462 
f 1484/1512/1470 1478/1504/1464 1485/1513/1471 
f 1480/1506/1466 1485/1513/1471 1478/1504/1464 
f 1485/1513/1471 1480/1506/1466 1482/1514/1468 
f 1472/1508/1458 1482/1514/1468 1480/1506/1466 
f 1486/1515/1472 1482/1510/1468 1487/1516/1473 
f 1483/1511/1469 1487/1516/1473 1482/1510/1468 
f 1487/1516/1473 1483/1511/1469 1488/1517/1474 
f 1484/1512/1470 1488/1517/1474 1483/1511/1469 
f 1488/1517/1474 1484/1512/1470 1489/1518/1475 
f 1485/1513/1471 1489/1518/1475 1484/1512/1470 
f 1489/1518/1475 1485/1513/1471 1486/1519/1472 
f 1482/1514/1468 1486/1519/1472 1485/1513/1471 
f 1490/1520/1476 1486/1515/1472 1491/1521/1477 
f 1487/1516/1473 1491/1521/1477 1486/1515/1472 
f 1491/1521/1477 1487/1516/1473 1492/1522/1478 
f 1488/1517/1474 1492/1522/1478 1487/1516/1473 
f 1489/1518/1475 1492/1522/1478 1488/1517/1474 
f 1492/1522/1478 1489/1518/1475 1490/1523/1476 
f 1486/1519/1472 1490/1523/1476 1489/1518/1475 
f 1493/1524/1479 1494/1525/1480 1495/1526/1481 
f 1496/1527/1481 1497/1528/1482 1498/1529/1483 
f 1498/1529/1483 1493/1524/1479 1496/1527/1481 
f 1493/1524/1479 1499/1530/1484 1500/1531/1481 
f 1501/1532/1481 1502/1533/1485 1503/1534/1486 
f 1503/1534/1486 1493/1524/1479 1501/1532/1481 
f 1504/1524/1487 1505/1525/1488 1506/1526/1489 
f 1507/1527/1489 1508/1528/1490 1509/1529/1491 
f 1509/1529/1491 1504/1524/1487 1507/1527/1489 
f 1504/1524/1487 1510/1530/1492 1511/1531/1489 
f 1512/1532/1489 1513/1533/1493 1514/1534/1494 
f 1514/1534/1494 1504/1524/1487 1512/1532/1489 
f 1515/1524/1495 1516/1525/1496 1517/1526/1497 
f 1518/1527/1497 1519/1528/1498 1520/1529/1499 
f 1520/1529/1499 1515/1524/1495 1518/1527/1497 
f 1515/1524/1495 1521/1530/1500 1522/1531/1497 
f 1523/1532/1497 1524/1533/1501 1525/1534/1502 
f 1525/1534/1502 1515/1524/1495 1523/1532/1497 
f 1526/1524/1503 1527/1525/1504 1528/1526/1505 
f 1529/1527/1505 1530/1528/1506 1531/1529/1507 
f 1531/1529/1507 1526/1524/1503 1529/1527/1505 
f 1526/1524/1503 1532/1530/1508 1533/1531/1505 
f 1534/1532/1505 1535/1533/1509 1536/1534/1510 
f 1536/1534/1510 1526/1524/1503 1534/1532/1505 
f 1537/1524/1511 1538/1525/1512 1539/1526/1513 
f 1540/1527/1513 1541/1528/1514 1542/1529/1515 
f 1542/1529/1515 1537/1524/1511 1540/1527/1513 
f 1537/1524/1511 1543/1530/1516 1544/1531/1513 
f 1545/1532/1513 1546/1533/1517 1547/1534/1518 
f 1547/1534/1518 1537/1524/1511 1545/1532/1513 
f 1548/1524/1519 1549/1525/1520 1550/1526/1521 
f 1551/1527/1521 1552/1528/1522 1553/1529/1523 
f 1553/1529/1523 1548/1524/1519 1551/1527/1521 
f 1548/1524/1519 1554/1530/1524 1555/1531/1521 
f 1556/1532/1521 1557/1533/1525 1558/1534/1526 
f 1558/1534/1526 1548/1524/1519 1556/1532/1521 
f 1559/1535/1527 1560/1525/1528 1561/1526/1529 
f 1562/1527/1530 1563/1528/1531 1564/1529/1532 
f 1564/1529/1532 1559/1535/1527 1562/1527/1530 
f 1565/1535/1533 1566/1525/1534 1567/1526/1535 
f 1568/1527/1536 1569/1528/1537 1570/1529/1538 
f 1570/1529/1538 1565/1535/1533 1568/1527/1536 
f 1571/1535/1539 1572/1525/1540 1573/1526/1541 
f 1574/1527/1542 1575/1528/1543 1576/1529/1544 
f 1576/1529/1544 1571/1535/1539 1574/1527/1542 
f 1577/1535/1545 1578/1525/1546 1579/1526/1547 
f 1580/1527/1548 1581/1528/1549 1582/1529/1550 
f 1582/1529/1550 1577/1535/1545 1580/1527/1548 
f 1583/1535/1551 1584/1525/1552 1585/1526/1553 
f 1586/1527/1554 1587/1528/1555 1588/1529/1556 
f 1588/1529/1556 1583/1535/1551 1586/1527/1554 
f 1589/1535/1557 1590/1525/1558 1591/1526/1559 
f 1592/1527/1560 1593/1528/1561 1594/1529/1562 
f 1594/1529/1562 1589/1535/1557 1592/1527/1560 
f 1595/1524/1563 1596/1525/1564 1597/1526/1565 
f 1598/1527/1565 1599/1528/1566 1600/1529/1567 
f 1600/1529/1567 1595/1524/1563 1598/1527/1565 
f 1595/1524/1563 1601/1530/1568 1602/1531/1565 
f 1603/1532/1565 1604/1533/1569 1605/1534/1570 
f 1605/1534/1570 1595/1524/1563 1603/1532/1565 
f 1606/1524/1571 1607/1525/1572 1608/1526/1573 
f 1609/1527/1573 1610/1528/1574 1611/1529/1575 
f 1611/1529/1575 1606/1524/1571 1609/1527/1573 
f 1606/1524/1571 1612/1530/1576 1613/1531/1573 
f 1614/1532/1573 1615/1533/1577 1616/1534/1578 
f 1616/1534/1578 1606/1524/1571 1614/1532/1573 
f 1617/1524/1579 1618/1525/1580 1619/1526/1581 
f 1620/1527/1581 1621/1528/1582 1622/1529/1583 
f 1622/1529/1583 1617/1524/1579 1620/1527/1581 
f 1617/1524/1579 1623/1530/1584 1624/1531/1581 
f 1625/1532/1581 1626/1533/1585 1627/1534/1586 
f 1627/1534/1586 1617/1524/1579 1625/1532/1581 
f 1628/1524/1587 1629/1525/1588 1630/1526/1589 
f 1631/1527/1589 1632/1528/1590 1633/1529/1591 
f 1633/1529/1591 1628/1524/1587 1631/1527/1589 
f 1628/1524/1587 1634/1530/1592 1635/1531/1589 
f 1636/1532/1589 1637/1533/1593 1638/1534/1594 
f 1638/1534/1594 1628/1524/1587 1636/1532/1589 
f 1639/1524/1595 1640/1525/1596 1641/1526/1597 
f 1642/1527/1597 1643/1528/1598 1644/1529/1599 
f 1644/1529/1599 1639/1524/1595 1642/1527/1597 
f 1639/1524/1595 1645/1530/1600 1646/1531/1597 
f 1647/1532/1597 1648/1533/1601 1649/1534/1602 
f 1649/1534/1602 1639/1524/1595 1647/1532/1597 
f 1650/1524/1603 1651/1525/1604 1652/1526/1605 
f 1653/1527/1605 1654/1528/1606 1655/1529/1607 
f 1655/1529/1607 1650/1524/1603 1653/1527/1605 
f 1650/1524/1603 1656/1530/1608 1657/1531/1605 
f 1658/1532/1605 1659/1533/1609 1660/1534/1610 
f 1660/1534/1610 1650/1524/1603 1658/1532/1605 
f 1661/1524/1611 1662/1525/1612 1663/1526/1613 
f 1664/1527/1613 1665/1528/1614 1666/1529/1615 
f 1666/1529/1615 1661/1524/1611 1664/1527/1613 
f 1661/1524/1611 1667/1530/1616 1668/1531/1613 
f 1669/1532/1613 1670/1533/1617 1671/1534/1618 
f 1671/1534/1618 1661/1524/1611 1669/1532/1613 
f 1672/1524/1619 1673/1525/1620 1674/1526/1621 
f 1675/1527/1621 1676/1528/1622 1677/1529/1623 
f 1677/1529/1623 1672/1524/1619 1675/1527/1621 
f 1672/1524/1619 1678/1530/1624 1679/1531/1621 
f 1680/1532/1621 1681/1533/1625 1682/1534/1626 
f 1682/1534/1626 1672/1524/1619 1680/1532/1621 
f 1683/1535/1627 1684/1525/1628 1685/1526/1629 
f 1686/1527/1630 1687/1528/1631 1688/1529/1632 
f 1688/1529/1632 1683/1535/1627 1686/1527/1630 
f 1689/1535/1633 1690/1525/1634 1691/1526/1635 
f 1692/1527/1636 1693/1528/1637 1694/1529/1638 
f 1694/1529/1638 1689/1535/1633 1692/1527/1636 
f 1695/1535/1639 1696/1525/1640 1697/1526/1641 
f 1698/1527/1642 1699/1528/1643 1700/1529/1644 
f 1700/1529/1644 1695/1535/1639 1698/1527/1642 
f 1701/1535/1645 1702/1525/1646 1703/1526/1647 
f 1704/1527/1648 1705/1528/1649 1706/1529/1650 
f 1706/1529/1650 1701/1535/1645 1704/1527/1648 
f 1707/1535/1651 1708/1525/1652 1709/1526/1653 
f 1710/1527/1654 1711/1528/1655 1712/1529/1656 
f 1712/1529/1656 1707/1535/1651 1710/1527/1654 
f 1713/1535/1657 1714/1525/1658 1715/1526/1659 
f 1716/1527/1660 1717/1528/1661 1718/1529/1662 
f 1718/1529/1662 1713/1535/1657 1716/1527/1660 
f 1719/1535/1663 1720/1525/1664 1721/1526/1665 
f 1722/1527/1666 1723/1528/1667 1724/1529/1668 
f 1724/1529/1668 1719/1535/1663 1722/1527/1666 
f 1725/1535/1669 1726/1525/1670 1727/1526/1671 
f 1728/1527/1672 1729/1528/1673 1730/1529/1674 
f 1730/1529/1674 1725/1535/1669 1728/1527/1672 
f 1731/1535/1675 1732/1525/1676 1733/1526/1677 
f 1734/1527/1678 1735/1528/1679 1736/1529/1680 
f 1736/1529/1680 1731/1535/1675 1734/1527/1678 
f 1737/1524/1681 1738/1525/1682 1739/1526/1683 
f 1740/1527/1683 1741/1528/1684 1742/1529/1685 
f 1742/1529/1685 1737/1524/1681 1740/1527/1683 
f 1737/1524/1681 1743/1530/1686 1744/1531/1683 
f 1745/1532/1683 1746/1533/1687 1747/1534/1688 
f 1747/1534/1688 1737/1524/1681 1745/1532/1683 
f 1748/1524/1689 1749/1525/1690 1750/1526/1691 
f 1751/1527/1691 1752/1528/1692 1753/1529/1693 
f 1753/1529/1693 1748/1524/1689 1751/1527/1691 
f 1748/1524/1689 1754/1530/1694 1755/1531/1691 
f 1756/1532/1691 1757/1533/1695 1758/1534/1696 
f 1758/1534/1696 1748/1524/1689 1756/1532/1691 
f 1759/1524/1697 1760/1525/1698 1761/1526/1699 
f 1762/1527/1699 1763/1528/1700 1764/1529/1701 
f 1764/1529/1701 1759/1524/1697 1762/1527/1699 
f 1759/1524/1697 1765/1530/1702 1766/1531/1699 
f 1767/1532/1699 1768/1533/1703 1769/1534/1704 
f 1769/1534/1704 1759/1524/1697 1767/1532/1699 
f 1770/1535/1705 1771/1525/1706 1772/1526/1707 
f 1773/1527/1708 1774/1528/1709 1775/1529/1710 
f 1775/1529/1710 1770/1535/1705 1773/1527/1708 
f 1776/1535/1711 1777/1525/1712 1778/1526/1713 
f 1779/1527/1714 1780/1528/1715 1781/1529/1716 
f 1781/1529/1716 1776/1535/1711 1779/1527/1714 
f 1782/1535/1717 1783/1525/1718 1784/1526/1719 
f 1785/1527/1720 1786/1528/1721 1787/1529/1722 
f 1787/1529/1722 1782/1535/1717 1785/1527/1720 
f 1788/1524/1723 1789/1525/1724 1790/1526/1725 
f 1791/1527/1725 1792/1528/1726 1793/1529/1727 
f 1793/1529/1727 1788/1524/1723 1791/1527/1725 
f 1788/1524/1723 1794/1530/1728 1795/1531/1725 
f 1796/1532/1725 1797/1533/1729 1798/1534/1730 
f 1798/1534/1730 1788/1524/1723 1796/1532/1725 
f 1799/1524/1731 1800/1525/1732 1801/1526/1733 
f 1802/1527/1733 1803/1528/1734 1804/1529/1735 
f 1804/1529/1735 1799/1524/1731 1802/1527/1733 
f 1799/1524/1731 1805/1530/1736 1806/1531/1733 
f 1807/1532/1733 1808/1533/1737 1809/1534/1738 
f 1809/1534/1738 1799/1524/1731 1807/1532/1733 
f 1810/1524/1739 1811/1525/1740 1812/1526/1741 
f 1813/1527/1741 1814/1528/1742 1815/1529/1743 
f 1815/1529/1743 1810/1524/1739 1813/1527/1741 
f 1810/1524/1739 1816/1530/1744 1817/1531/1741 
f 1818/1532/1741 1819/1533/1745 1820/1534/1746 
f 1820/1534/1746 1810/1524/1739 1818/1532/1741 
f 1821/1535/1747 1822/1525/1748 1823/1526/1749 
f 1824/1527/1750 1825/1528/1751 1826/1529/1752 
f 1826/1529/1752 1821/1535/1747 1824/1527/1750 
f 1827/1535/1753 1828/1525/1754 1829/1526/1755 
f 1830/1527/1756 1831/1528/1757 1832/1529/1758 
f 1832/1529/1758 1827/1535/1753 1830/1527/1756 
f 1833/1535/1759 1834/1525/1760 1835/1526/1761 
f 1836/1527/1762 1837/1528/1763 1838/1529/1764 
f 1838/1529/1764 1833/1535/1759 1836/1527/1762 
f 1839/1535/1765 1840/1525/1766 1841/1526/1767 
f 1842/1527/1768 1843/1528/1769 1844/1529/1770 
f 1844/1529/1770 1839/1535/1765 1842/1527/1768 
f 1845/1535/1771 1846/1525/1772 1847/1526/1773 
f 1848/1527/1774 1849/1528/1775 1850/1529/1776 
f 1850/1529/1776 1845/1535/1771 1848/1527/1774 
f 1851/1535/1777 1852/1525/1778 1853/1526/1779 
f 1854/1527/1780 1855/1528/1781 1856/1529/1782 
f 1856/1529/1782 1851/1535/1777 1854/1527/1780 
f 1857/1535/1783 1858/1525/1784 1859/1526/1785 
f 1860/1527/1786 1861/1528/1787 1862/1529/1788 
f 1862/1529/1788 1857/1535/1783 1860/1527/1786 
f 1863/1535/1789 1864/1525/1790 1865/1526/1791 
f 1866/1527/1792 1867/1528/1793 1868/1529/1794 
f 1868/1529/1794 1863/1535/1789 1866/1527/1792 
f 1869/1535/1795 1870/1525/1796 1871/1526/1797 
f 1872/1527/1798 1873/1528/1799 1874/1529/1800 
f 1874/1529/1800 1869/1535/1795 1872/1527/1798 
f 1875/1535/1801 1876/1525/1802 1877/1526/1803 
f 1878/1527/1804 1879/1528/1805 1880/1529/1806 
f 1880/1529/1806 1875/1535/1801 1878/1527/1804 
f 1881/1535/1807 1882/1525/1808 1883/1526/1809 
f 1884/1527/1810 1885/1528/1811 1886/1529/1812 
f 1886/1529/1812 1881/1535/1807 1884/1527/1810 
f 1887/1535/1813 1888/1525/1814 1889/1526/1815 
f 1890/1527/1816 1891/1528/1817 1892/1529/1818 
f 1892/1529/1818 1887/1535/1813 1890/1527/1816 
f 1893/1535/1819 1894/1525/1820 1895/1526/1821 
f 1896/1527/1822 1897/1528/1823 1898/1529/1824 
f 1898/1529/1824 1893/1535/1819 1896/1527/1822 
f 1899/1535/1825 1900/1525/1826 1901/1526/1827 
f 1902/1527/1828 1903/1528/1829 1904/1529/1830 
f 1904/1529/1830 1899/1535/1825 1902/1527/1828 
f 1905/1535/1831 1906/1525/1832 1907/1526/1833 
f 1908/1527/1834 1909/1528/1835 1910/1529/1836 
f 1910/1529/1836 1905/1535/1831 1908/1527/1834 
f 1911/1535/1837 1912/1525/1838 1913/1526/1839 
f 1914/1527/1840 1915/1528/1841 1916/1529/1842 
f 1916/1529/1842 1911/1535/1837 1914/1527/1840 
f 1917/1535/1843 1918/1525/1844 1919/1526/1845 
f 1920/1527/1846 1921/1528/1847 1922/1529/1848 
f 1922/1529/1848 1917/1535/1843 1920/1527/1846 
f 1923/1535/1849 1924/1525/1850 1925/1526/1851 
f 1926/1527/1852 1927/1528/1853 1928/1529/1854 
f 1928/1529/1854 1923/1535/1849 1926/1527/1852 
f 1929/1524/1855 1930/1525/1856 1931/1526/1857 
f 1932/1527/1857 1933/1528/1858 1934/1529/1859 
f 1934/1529/1859 1929/1524/1855 1932/1527/1857 
f 1929/1524/1855 1935/1530/1860 1936/1531/1857 
f 1937/1532/1857 1938/1533/1861 1939/1534/1862 
f 1939/1534/1862 1929/1524/1855 1937/1532/1857 
f 1940/1524/1863 1941/1525/1864 1942/1526/1865 
f 1943/1527/1865 1944/1528/1866 1945/1529/1867 
f 1945/1529/1867 1940/1524/1863 1943/1527/1865 
f 1940/1524/1863 1946/1530/1868 1947/1531/1865 
f 1948/1532/1865 1949/1533/1869 1950/1534/1870 
f 1950/1534/1870 1940/1524/1863 1948/1532/1865 
f 1951/1524/1871 1952/1525/1872 1953/1526/1873 
f 1954/1527/1873 1955/1528/1874 1956/1529/1875 
f 1956/1529/1875 1951/1524/1871 1954/1527/1873 
f 1951/1524/1871 1957/1530/1876 1958/1531/1873 
f 1959/1532/1873 1960/1533/1877 1961/1534/1878 
f 1961/1534/1878 1951/1524/1871 1959/1532/1873 
f 1962/1535/1879 1963/1525/1880 1964/1526/1881 
f 1965/1527/1882 1966/1528/1883 1967/1529/1884 
f 1967/1529/1884 1962/1535/1879 1965/1527/1882 
f 1968/1535/1885 1969/1525/1886 1970/1526/1887 
f 1971/1527/1888 1972/1528/1889 1973/1529/1890 
f 1973/1529/1890 1968/1535/1885 1971/1527/1888 
f 1974/1535/1891 1975/1525/1892 1976/1526/1893 
f 1977/1527/1894 1978/1528/1895 1979/1529/1896 
f 1979/1529/1896 1974/1535/1891 1977/1527/1894 
f 1980/1535/1897 1981/1525/1898 1982/1526/1899 
f 1983/1527/1900 1984/1528/1901 1985/1529/1902 
f 1985/1529/1902 1980/1535/1897 1983/1527/1900 
f 1986/1535/1903 1987/1525/1904 1988/1526/1905 
f 1989/1527/1906 1990/1528/1907 1991/1529/1908 
f 1991/1529/1908 1986/1535/1903 1989/1527/1906 
f 1992/1535/1909 1993/1525/1910 1994/1526/1911 
f 1995/1527/1912 1996/1528/1913 1997/1529/1914 
f 1997/1529/1914 1992/1535/1909 1995/1527/1912 
f 1998/1535/1915 1999/1525/1916 2000/1526/1917 
f 2001/1527/1918 2002/1528/1919 2003/1529/1920 
f 2003/1529/1920 1998/1535/1915 2001/1527/1918 
f 2004/1535/1921 2005/1525/1922 2006/1526/1923 
f 2007/1527/1924 2008/1528/1925 2009/1529/1926 
f 2009/1529/1926 2004/1535/1921 2007/1527/1924 
f 2010/1535/1927 2011/1525/1928 2012/1526/1929 
f 2013/1527/1930 2014/1528/1931 2015/1529/1932 
f 2015/1529/1932 2010/1535/1927 2013/1527/1930 
f 2016/1535/1933 2017/1525/1934 2018/1526/1935 
f 2019/1527/1936 2020/1528/1937 2021/1529/1938 
f 2021/1529/1938 2016/1535/1933 2019/1527/1936 
f 2022/1535/1939 2023/1525/1940 2024/1526/1941 
f 2025/1527/1942 2026/1528/1943 2027/1529/1944 
f 2027/1529/1944 2022/1535/1939 2025/1527/1942 
f 2028/1535/1945 2029/1525/1946 2030/1526/1947 
f 2031/1527/1948 2032/1528/1949 2033/1529/1950 
f 2033/1529/1950 2028/1535/1945 2031/1527/1948 
f 2034/1535/1951 2035/1525/1952 2036/1526/1953 
f 2037/1527/1954 2038/1528/1955 2039/1529/1956 
f 2039/1529/1956 2034/1535/1951 2037/1527/1954 
f 2040/1535/1957 2041/1525/1958 2042/1526/1959 
f 2043/1527/1960 2044/1528/1961 2045/1529/1962 
f 2045/1529/1962 2040/1535/1957 2043/1527/1960 
f 2046/1535/1963 2047/1525/1964 2048/1526/1965 
f 2049/1527/1966 2050/1528/1967 2051/1529/1968 
f 2051/1529/1968 2046/1535/1963 2049/1527/1966 
f 2052/1535/1969 2053/1525/1970 2054/1526/1971 
f 2055/1527/1972 2056/1528/1973 2057/1529/1974 
f 2057/1529/1974 2052/1535/1969 2055/1527/1972 
f 2058/1535/1975 2059/1525/1976 2060/1526/1977 
f 2061/1527/1978 2062/1528/1979 2063/1529/1980 
f 2063/1529/1980 2058/1535/1975 2061/1527/1978 
f 2064/1535/1981 2065/1525/1982 2066/1526/1983 
f 2067/1527/1984 2068/1528/1985 2069/1529/1986 
f 2069/1529/1986 2064/1535/1981 2067/1527/1984 
f 2070/1524/1987 2071/1525/1988 2072/1526/1989 
f 2073/1527/1989 2074/1528/1990 2075/1529/1991 
f 2075/1529/1991 2070/1524/1987 2073/1527/1989 
f 2070/1524/1987 2076/1530/1992 2077/1531/1989 
f 2078/1532/1989 2079/1533/1993 2080/1534/1994 
f 2080/1534/1994 2070/1524/1987 2078/1532/1989 
f 2081/1524/1995 2082/1525/1996 2083/1526/1997 
f 2084/1527/1997 2085/1528/1998 2086/1529/1999 
f 2086/1529/1999 2081/1524/1995 2084/1527/1997 
f 2081/1524/1995 2087/1530/2000 2088/1531/1997 
f 2089/1532/1997 2090/1533/2001 2091/1534/2002 
f 2091/1534/2002 2081/1524/1995 2089/1532/1997 
f 2092/1524/2003 2093/1525/2004 2094/1526/2005 
f 2095/1527/2005 2096/1528/2006 2097/1529/2007 
f 2097/1529/2007 2092/1524/2003 2095/1527/2005 
f 2092/1524/2003 2098/1530/2008 2099/1531/2005 
f 2100/1532/2005 2101/1533/2009 2102/1534/2010 
f 2102/1534/2010 2092/1524/2003 2100/1532/2005 
f 2103/1535/2011 2104/1525/2012 2105/1526/2013 
f 2106/1527/2014 2107/1528/2015 2108/1529/2016 
f 2108/1529/2016 2103/1535/2011 2106/1527/2014 
f 2109/1535/2017 2110/1525/2018 2111/1526/2019 
f 2112/1527/2020 2113/1528/2021 2114/1529/2022 
f 2114/1529/2022 2109/1535/2017 2112/1527/2020 
f 2115/1535/2023 2116/1525/2024 2117/1526/2025 
f 2118/1527/2026 2119/1528/2027 2120/1529/2028 
f 2120/1529/2028 2115/1535/2023 2118/1527/2026 
f 2121/1535/2029 2122/1525/2030 2123/1526/2031 
f 2124/1527/2032 2125/1528/2033 2126/1529/2034 
f 2126/1529/2034 2121/1535/2029 2124/1527/2032 
f 2127/1535/2035 2128/1525/2036 2129/1526/2037 
f 2130/1527/2038 2131/1528/2039 2132/1529/2040 
f 2132/1529/2040 2127/1535/2035 2130/1527/2038 
f 2133/1535/2041 2134/1525/2042 2135/1526/2043 
f 2136/1527/2044 2137/1528/2045 2138/1529/2046 
f 2138/1529/2046 2133/1535/2041 2136/1527/2044 
f 2139/1535/2047 2140/1525/2048 2141/1526/2049 
f 2142/1527/2050 2143/1528/2051 2144/1529/2052 
f 2144/1529/2052 2139/1535/2047 2142/1527/2050 
f 2145/1535/2053 2146/1525/2054 2147/1526/2055 
f 2148/1527/2056 2149/1528/2057 2150/1529/2058 
f 2150/1529/2058 2145/1535/2053 2148/1527/2056 
f 2151/1535/2059 2152/1525/2060 2153/1526/2061 
f 2154/1527/2062 2155/1528/2063 2156/1529/2064 
f 2156/1529/2064 2151/1535/2059 2154/1527/2062 
f 2157/1535/2065 2158/1525/2066 2159/1526/2067 
f 2160/1527/2068 2161/1528/2069 2162/1529/2070 
f 2162/1529/2070 2157/1535/2065 2160/1527/2068 
f 2163/1535/2071 2164/1525/2072 2165/1526/2073 
f 2166/1527/2074 2167/1528/2075 2168/1529/2076 
f 2168/1529/2076 2163/1535/2071 2166/1527/2074 
f 2169/1535/2077 2170/1525/2078 2171/1526/2079 
f 2172/1527/2080 2173/1528/2081 2174/1529/2082 
f 2174/1529/2082 2169/1535/2077 2172/1527/2080 
f 2175/1535/2083 2176/1525/2084 2177/1526/2085 
f 2178/1527/2086 2179/1528/2087 2180/1529/2088 
f 2180/1529/2088 2175/1535/2083 2178/1527/2086 
f 2181/1535/2089 2182/1525/2090 2183/1526/2091 
f 2184/1527/2092 2185/1528/2093 2186/1529/2094 
f 2186/1529/2094 2181/1535/2089 2184/1527/2092 
f 2187/1535/2095 2188/1525/2096 2189/1526/2097 
f 2190/1527/2098 2191/1528/2099 2192/1529/2100 
f 2192/1529/2100 2187/1535/2095 2190/1527/2098 
f 2193/1535/2101 2194/1525/2102 2195/1526/2103 
f 2196/1527/2104 2197/1528/2105 2198/1529/2106 
f 2198/1529/2106 2193/1535/2101 2196/1527/2104 
f 2199/1535/2107 2200/1525/2108 2201/1526/2109 
f 2202/1527/2110 2203/1528/2111 2204/1529/2112 
f 2204/1529/2112 2199/1535/2107 2202/1527/2110 
f 2205/1535/2113 2206/1525/2114 2207/1526/2115 
f 2208/1527/2116 2209/1528/2117 2210/1529/2118 
f 2210/1529/2118 2205/1535/2113 2208/1527/2116 
f 2211/1535/2119 2212/1525/2120 2213/1526/2121 
f 2214/1527/2122 2215/1528/2123 2216/1529/2124 
f 2216/1529/2124 2211/1535/2119 2214/1527/2122 
f 2217/1535/2125 2218/1525/2126 2219/1526/2127 
f 2220/1527/2128 2221/1528/2129 2222/1529/2130 
f 2222/1529/2130 2217/1535/2125 2220/1527/2128 
f 2223/1535/2131 2224/1525/2132 2225/1526/2133 
f 2226/1527/2134 2227/1528/2135 2228/1529/2136 
f 2228/1529/2136 2223/1535/2131 2226/1527/2134 
f 2229/1535/2137 2230/1525/2138 2231/1526/2139 
f 2232/1527/2140 2233/1528/2141 2234/1529/2142 
f 2234/1529/2142 2229/1535/2137 2232/1527/2140 
f 2235/1535/2143 2236/1525/2144 2237/1526/2145 
f 2238/1527/2146 2239/1528/2147 2240/1529/2148 
f 2240/1529/2148 2235/1535/2143 2238/1527/2146 
f 2241/1535/2149 2242/1525/2150 2243/1526/2151 
f 2244/1527/2152 2245/1528/2153 2246/1529/2154 
f 2246/1529/2154 2241/1535/2149 2244/1527/2152 
f 2247/314/2155 2248/315/2155 2249/316/2155 
f 2250/317/2155 2251/318/2155 2252/319/2155 
f 2252/319/2155 2247/314/2155 2249/316/2155 
f 2252/319/2155 2249/316/2155 2250/317/2155 
f 2253/309/2156 2254/310/2157 2255/311/2158 
f 2256/312/2159 2254/310/2157 2253/309/2156 
f 2257/313/2160 2254/310/2157 2256/312/2159 
f 2257/313/2160 2255/311/2158 2254/310/2157 
f 2258/314/2161 2259/315/2161 2260/316/2161 
f 2261/317/2161 2262/318/2161 2263/319/2161 
f 2263/319/2161 2258/314/2161 2260/316/2161 
f 2263/319/2161 2260/316/2161 2261/317/2161 
f 2264/403/2162 2265/404/2162 2266/405/2162 
f 2267/406/2162 2268/407/2162 2269/408/2162 
f 2268/407/2162 2265/404/2162 2264/403/2162 
f 2268/407/2162 2267/406/2162 2265/404/2162 
f 2270/403/2163 2271/405/2163 2272/404/2163 
f 2273/406/2163 2274/408/2163 2275/407/2163 
f 2275/407/2163 2270/403/2163 2272/404/2163 
f 2275/407/2163 2272/404/2163 2273/406/2163 
f 2276/403/2164 2277/405/2164 2278/404/2164 
f 2279/406/2164 2280/408/2164 2281/407/2164 
f 2281/407/2164 2276/403/2164 2278/404/2164 
f 2281/407/2164 2278/404/2164 2279/406/2164 
f 2282/304/2165 2283/305/2166 2284/306/2167 
f 2285/307/2168 2283/305/2166 2282/304/2165 
f 2286/308/2169 2283/305/2166 2285/307/2168 
f 2286/308/2169 2284/306/2167 2283/305/2166 
f 2287/309/2170 2288/311/2171 2289/310/2172 
f 2290/312/2173 2287/309/2170 2289/310/2172 
f 2291/313/2174 2290/312/2173 2289/310/2172 
f 2291/313/2174 2289/310/2172 2288/311/2171 
f 2292/309/2175 2293/310/2176 2294/311/2177 
f 2295/312/2178 2293/310/2176 2292/309/2175 
f 2296/313/2179 2293/310/2176 2295/312/2178 
f 2296/313/2179 2294/311/2177 2293/310/2176 
f 2297/403/2180 2298/405/2180 2299/404/2180 
f 2300/406/2180 2301/408/2180 2302/407/2180 
f 2302/407/2180 2297/403/2180 2299/404/2180 
f 2302/407/2180 2299/404/2180 2300/406/2180 
f 2303/304/2181 2304/306/2182 2305/305/2183 
f 2306/307/2184 2303/304/2181 2305/305/2183 
f 2307/308/2185 2306/307/2184 2305/305/2183 
f 2307/308/2185 2305/305/2183 2304/306/2182 
f 2308/403/2186 2309/404/2186 2310/405/2186 
f 2311/406/2186 2312/407/2186 2313/408/2186 
f 2312/407/2186 2309/404/2186 2308/403/2186 
f 2312/407/2186 2311/406/2186 2309/404/2186 
f 2314/304/2187 2315/306/2188 2316/305/2189 
f 2317/307/2190 2314/304/2187 2316/305/2189 
f 2318/308/2191 2317/307/2190 2316/305/2189 
f 2318/308/2191 2316/305/2189 2315/306/2188 
f 2319/403/2192 2320/405/2192 2321/404/2192 
f 2322/406/2192 2323/408/2192 2324/407/2192 
f 2324/407/2192 2319/403/2192 2321/404/2192 
f 2324/407/2192 2321/404/2192 2322/406/2192 
f 2325/403/2193 2326/404/2193 2327/405/2193 
f 2328/406/2193 2329/407/2193 2330/408/2193 
f 2329/407/2193 2326/404/2193 2325/403/2193 
f 2329/407/2193 2328/406/2193 2326/404/2193 
f 2331/403/2194 2332/405/2194 2333/404/2194 
f 2334/406/2194 2335/408/2194 2336/407/2194 
f 2336/407/2194 2331/403/2194 2333/404/2194 
f 2336/407/2194 2333/404/2194 2334/406/2194 
f 2337/304/2195 2338/305/2196 2339/306/2197 
f 2340/307/2198 2338/305/2196 2337/304/2195 
f 2341/308/2199 2338/305/2196 2340/307/2198 
f 2341/308/2199 2339/306/2197 2338/305/2196 
f 2342/403/2200 2343/405/2200 2344/404/2200 
f 2345/406/2200 2346/408/2200 2347/407/2200 
f 2347/407/2200 2342/403/2200 2344/404/2200 
f 2347/407/2200 2344/404/2200 2345/406/2200 
f 2348/314/2201 2349/315/2201 2350/316/2201 
f 2351/317/2201 2352/318/2201 2353/319/2201 
f 2353/319/2201 2348/314/2201 2350/316/2201 
f 2353/319/2201 2350/316/2201 2351/317/2201 
f 2354/403/2202 2355/404/2202 2356/405/2202 
f 2357/406/2202 2358/407/2202 2359/408/2202 
f 2358/407/2202 2355/404/2202 2354/403/2202 
f 2358/407/2202 2357/406/2202 2355/404/2202 
f 2360/314/2203 2361/315/2203 2362/316/2203 
f 2363/317/2203 2364/318/2203 2365/319/2203 
f 2365/319/2203 2360/314/2203 2362/316/2203 
f 2365/319/2203 2362/316/2203 2363/317/2203 
f 2366/304/2204 2367/305/2205 2368/306/2206 
f 2369/307/2207 2367/305/2205 2366/304/2204 
f 2370/308/2208 2367/305/2205 2369/307/2207 
f 2370/308/2208 2368/306/2206 2367/305/2205 
f 2371/403/2209 2372/405/2209 2373/404/2209 
f 2374/406/2209 2375/408/2209 2376/407/2209 
f 2376/407/2209 2371/403/2209 2373/404/2209 
f 2376/407/2209 2373/404/2209 2374/406/2209 
f 2377/309/2210 2378/311/2211 2379/310/2212 
f 2380/312/2213 2377/309/2210 2379/310/2212 
f 2381/313/2214 2380/312/2213 2379/310/2212 
f 2381/313/2214 2379/310/2212 2378/311/2211 
f 2382/309/2215 2383/310/2216 2384/311/2217 
f 2385/312/2218 2383/310/2216 2382/309/2215 
f 2386/313/2219 2383/310/2216 2385/312/2218 
f 2386/313/2219 2384/311/2217 2383/310/2216 
f 2387/314/2220 2388/315/2220 2389/316/2220 
f 2390/317/2220 2391/318/2220 2392/319/2220 
f 2392/319/2220 2387/314/2220 2389/316/2220 
f 2392/319/2220 2389/316/2220 2390/317/2220 
f 2393/304/2221 2394/305/2222 2395/306/2223 
f 2396/307/2224 2394/305/2222 2393/304/2221 
f 2397/308/2225 2394/305/2222 2396/307/2224 
f 2397/308/2225 2395/306/2223 2394/305/2222 
f 2398/309/2226 2399/311/2227 2400/310/2228 
f 2401/312/2229 2398/309/2226 2400/310/2228 
f 2402/313/2230 2401/312/2229 2400/310/2228 
f 2402/313/2230 2400/310/2228 2399/311/2227 
f 2403/403/2231 2404/404/2231 2405/405/2231 
f 2406/406/2231 2407/407/2231 2408/408/2231 
f 2407/407/2231 2404/404/2231 2403/403/2231 
f 2407/407/2231 2406/406/2231 2404/404/2231 
f 2409/309/2232 2410/311/2233 2411/310/2234 
f 2412/312/2235 2409/309/2232 2411/310/2234 
f 2413/313/2236 2412/312/2235 2411/310/2234 
f 2413/313/2236 2411/310/2234 2410/311/2233 
f 2414/309/2237 2415/310/2238 2416/311/2239 
f 2417/312/2240 2415/310/2238 2414/309/2237 
f 2418/313/2241 2415/310/2238 2417/312/2240 
f 2418/313/2241 2416/311/2239 2415/310/2238 
f 2419/403/2242 2420/405/2242 2421/404/2242 
f 2422/406/2242 2423/408/2242 2424/407/2242 
f 2424/407/2242 2419/403/2242 2421/404/2242 
f 2424/407/2242 2421/404/2242 2422/406/2242 
f 2425/314/2243 2426/316/2243 2427/315/2243 
f 2428/317/2243 2429/319/2243 2430/318/2243 
f 2429/319/2243 2426/316/2243 2425/314/2243 
f 2429/319/2243 2428/317/2243 2426/316/2243 
f 2431/309/2244 2432/311/2245 2433/310/2246 
f 2434/312/2247 2431/309/2244 2433/310/2246 
f 2435/313/2248 2434/312/2247 2433/310/2246 
f 2435/313/2248 2433/310/2246 2432/311/2245 
f 2436/304/2249 2437/305/2250 2438/306/2251 
f 2439/307/2252 2437/305/2250 2436/304/2249 
f 2440/308/2253 2437/305/2250 2439/307/2252 
f 2440/308/2253 2438/306/2251 2437/305/2250 
f 2441/304/2254 2442/306/2255 2443/305/2256 
f 2444/307/2257 2441/304/2254 2443/305/2256 
f 2445/308/2258 2444/307/2257 2443/305/2256 
f 2445/308/2258 2443/305/2256 2442/306/2255 
f 2446/403/2259 2447/404/2259 2448/405/2259 
f 2449/406/2259 2450/407/2259 2451/408/2259 
f 2450/407/2259 2447/404/2259 2446/403/2259 
f 2450/407/2259 2449/406/2259 2447/404/2259 
f 2452/309/2260 2453/310/2261 2454/311/2262 
f 2455/312/2263 2453/310/2261 2452/309/2260 
f 2456/313/2264 2453/310/2261 2455/312/2263 
f 2456/313/2264 2454/311/2262 2453/310/2261 
f 2457/309/2265 2458/311/2266 2459/310/2267 
f 2460/312/2268 2457/309/2265 2459/310/2267 
f 2461/313/2269 2460/312/2268 2459/310/2267 
f 2461/313/2269 2459/310/2267 2458/311/2266 
f 2462/314/2270 2463/316/2270 2464/315/2270 
f 2465/317/2270 2466/319/2270 2467/318/2270 
f 2466/319/2270 2463/316/2270 2462/314/2270 
f 2466/319/2270 2465/317/2270 2463/316/2270 
f 2468/403/2271 2469/405/2271 2470/404/2271 
f 2471/406/2271 2472/408/2271 2473/407/2271 
f 2473/407/2271 2468/403/2271 2470/404/2271 
f 2473/407/2271 2470/404/2271 2471/406/2271 
f 2474/314/2272 2475/316/2272 2476/315/2272 
f 2477/317/2272 2478/319/2272 2479/318/2272 
f 2478/319/2272 2475/316/2272 2474/314/2272 
f 2478/319/2272 2477/317/2272 2475/316/2272 
f 2480/304/2273 2481/306/2274 2482/305/2275 
f 2483/307/2276 2480/304/2273 2482/305/2275 
f 2484/308/2277 2483/307/2276 2482/305/2275 
f 2484/308/2277 2482/305/2275 2481/306/2274 
f 2485/304/2278 2486/305/2279 2487/306/2280 
f 2488/307/2281 2486/305/2279 2485/304/2278 
f 2489/308/2282 2486/305/2279 2488/307/2281 
f 2489/308/2282 2487/306/2280 2486/305/2279 
f 2490/403/2283 2491/405/2283 2492/404/2283 
f 2493/406/2283 2494/408/2283 2495/407/2283 
f 2495/407/2283 2490/403/2283 2492/404/2283 
f 2495/407/2283 2492/404/2283 2493/406/2283 
f 2496/304/2284 2497/305/2285 2498/306/2286 
f 2499/307/2287 2497/305/2285 2496/304/2284 
f 2500/308/2288 2497/305/2285 2499/307/2287 
f 2500/308/2288 2498/306/2286 2497/305/2285 
f 2501/314/2289 2502/315/2289 2503/316/2289 
f 2504/317/2289 2505/318/2289 2506/319/2289 
f 2506/319/2289 2501/314/2289 2503/316/2289 
f 2506/319/2289 2503/316/2289 2504/317/2289 
f 2507/304/2290 2508/305/2291 2509/306/2292 
f 2510/307/2293 2508/305/2291 2507/304/2290 
f 2511/308/2294 2508/305/2291 2510/307/2293 
f 2511/308/2294 2509/306/2292 2508/305/2291 
f 2512/403/2295 2513/405/2295 2514/404/2295 
f 2515/406/2295 2516/408/2295 2517/407/2295 
f 2517/407/2295 2512/403/2295 2514/404/2295 
f 2517/407/2295 2514/404/2295 2515/406/2295 
f 2518/304/2296 2519/305/2297 2520/306/2298 
f 2521/307/2299 2519/305/2297 2518/304/2296 
f 2522/308/2300 2519/305/2297 2521/307/2299 
f 2522/308/2300 2520/306/2298 2519/305/2297 
f 2523/309/2301 2524/311/2302 2525/310/2303 
f 2526/312/2304 2523/309/2301 2525/310/2303 
f 2527/313/2305 2526/312/2304 2525/310/2303 
f 2527/313/2305 2525/310/2303 2524/311/2302 
f 2528/304/2306 2529/305/2307 2530/306/2308 
f 2531/307/2309 2529/305/2307 2528/304/2306 
f 2532/308/2310 2529/305/2307 2531/307/2309 
f 2532/308/2310 2530/306/2308 2529/305/2307 
f 2533/314/2311 2534/315/2311 2535/316/2311 
f 2536/317/2311 2537/318/2311 2538/319/2311 
f 2538/319/2311 2533/314/2311 2535/316/2311 
f 2538/319/2311 2535/316/2311 2536/317/2311 
f 2539/403/2312 2540/404/2312 2541/405/2312 
f 2542/406/2312 2543/407/2312 2544/408/2312 
f 2543/407/2312 2540/404/2312 2539/403/2312 
f 2543/407/2312 2542/406/2312 2540/404/2312 
f 2545/309/2313 2546/310/2314 2547/311/2315 
f 2548/312/2316 2546/310/2314 2545/309/2313 
f 2549/313/2317 2546/310/2314 2548/312/2316 
f 2549/313/2317 2547/311/2315 2546/310/2314 
f 2550/314/2318 2551/315/2318 2552/316/2318 
f 2553/317/2318 2554/318/2318 2555/319/2318 
f 2555/319/2318 2550/314/2318 2552/316/2318 
f 2555/319/2318 2552/316/2318 2553/317/2318 
f 2556/314/2319 2557/316/2319 2558/315/2319 
f 2559/317/2319 2560/319/2319 2561/318/2319 
f 2560/319/2319 2557/316/2319 2556/314/2319 
f 2560/319/2319 2559/317/2319 2557/316/2319 
f 2562/304/2320 2563/306/2321 2564/305/2322 
f 2565/307/2323 2562/304/2320 2564/305/2322 
f 2566/308/2324 2565/307/2323 2564/305/2322 
f 2566/308/2324 2564/305/2322 2563/306/2321 
f 2567/403/2325 2568/404/2325 2569/405/2325 
f 2570/406/2325 2571/407/2325 2572/408/2325 
f 2571/407/2325 2568/404/2325 2567/403/2325 
f 2571/407/2325 2570/406/2325 2568/404/2325 
f 2573/403/2326 2574/404/2326 2575/405/2326 
f 2576/406/2326 2577/407/2326 2578/408/2326 
f 2577/407/2326 2574/404/2326 2573/403/2326 
f 2577/407/2326 2576/406/2326 2574/404/2326 
f 2579/403/2327 2580/405/2327 2581/404/2327 
f 2582/406/2327 2583/408/2327 2584/407/2327 
f 2584/407/2327 2579/403/2327 2581/404/2327 
f 2584/407/2327 2581/404/2327 2582/406/2327 
f 2585/304/2328 2586/305/2329 2587/306/2330 
f 2588/307/2331 2586/305/2329 2585/304/2328 
f 2589/308/2332 2586/305/2329 2588/307/2331 
f 2589/308/2332 2587/306/2330 2586/305/2329 
f 2590/314/2333 2591/315/2333 2592/316/2333 
f 2593/317/2333 2594/318/2333 2595/319/2333 
f 2595/319/2333 2590/314/2333 2592/316/2333 
f 2595/319/2333 2592/316/2333 2593/317/2333 
f 2596/403/2334 2597/404/2334 2598/405/2334 
f 2599/406/2334 2600/407/2334 2601/408/2334 
f 2600/407/2334 2597/404/2334 2596/403/2334 
f 2600/407/2334 2599/406/2334 2597/404/2334 
f 2602/314/2335 2603/316/2335 2604/315/2335 
f 2605/317/2335 2606/319/2335 2607/318/2335 
f 2606/319/2335 2603/316/2335 2602/314/2335 
f 2606/319/2335 2605/317/2335 2603/316/2335 
f 2608/304/2336 2609/306/2337 2610/305/2338 
f 2611/307/2339 2608/304/2336 2610/305/2338 
f 2612/308/2340 2611/307/2339 2610/305/2338 
f 2612/308/2340 2610/305/2338 2609/306/2337 
f 2613/403/2341 2614/404/2341 2615/405/2341 
f 2616/406/2341 2617/407/2341 2618/408/2341 
f 2617/407/2341 2614/404/2341 2613/403/2341 
f 2617/407/2341 2616/406/2341 2614/404/2341 
f 2619/403/2342 2620/405/2342 2621/404/2342 
f 2622/406/2342 2623/408/2342 2624/407/2342 
f 2624/407/2342 2619/403/2342 2621/404/2342 
f 2624/407/2342 2621/404/2342 2622/406/2342 
f 2625/403/2343 2626/405/2343 2627/404/2343 
f 2628/406/2343 2629/408/2343 2630/407/2343 
f 2630/407/2343 2625/403/2343 2627/404/2343 
f 2630/407/2343 2627/404/2343 2628/406/2343 
f 2631/304/2344 2632/305/2345 2633/306/2346 
f 2634/307/2347 2632/305/2345 2631/304/2344 
f 2635/308/2348 2632/305/2345 2634/307/2347 
f 2635/308/2348 2633/306/2346 2632/305/2345 
f 2636/314/2349 2637/315/2349 2638/316/2349 
f 2639/317/2349 2640/318/2349 2641/319/2349 
f 2641/319/2349 2636/314/2349 2638/316/2349 
f 2641/319/2349 2638/316/2349 2639/317/2349 
f 2642/314/2350 2643/316/2350 2644/315/2350 
f 2645/317/2350 2646/319/2350 2647/318/2350 
f 2646/319/2350 2643/316/2350 2642/314/2350 
f 2646/319/2350 2645/317/2350 2643/316/2350 
f 2648/314/2351 2649/315/2351 2650/316/2351 
f 2651/317/2351 2652/318/2351 2653/319/2351 
f 2653/319/2351 2648/314/2351 2650/316/2351 
f 2653/319/2351 2650/316/2351 2651/317/2351 
f 2654/403/2352 2655/404/2352 2656/405/2352 
f 2657/406/2352 2658/407/2352 2659/408/2352 
f 2658/407/2352 2655/404/2352 2654/403/2352 
f 2658/407/2352 2657/406/2352 2655/404/2352 
f 2660/304/2353 2661/306/2354 2662/305/2355 
f 2663/307/2356 2660/304/2353 2662/305/2355 
f 2664/308/2357 2663/307/2356 2662/305/2355 
f 2664/308/2357 2662/305/2355 2661/306/2354 
f 2665/304/2358 2666/305/2359 2667/306/2360 
f 2668/307/2361 2666/305/2359 2665/304/2358 
f 2669/308/2362 2666/305/2359 2668/307/2361 
f 2669/308/2362 2667/306/2360 2666/305/2359 
f 2670/403/2363 2671/405/2363 2672/404/2363 
f 2673/406/2363 2674/408/2363 2675/407/2363 
f 2675/407/2363 2670/403/2363 2672/404/2363 
f 2675/407/2363 2672/404/2363 2673/406/2363 
f 2676/314/2364 2677/316/2364 2678/315/2364 
f 2679/317/2364 2680/319/2364 2681/318/2364 
f 2680/319/2364 2677/316/2364 2676/314/2364 
f 2680/319/2364 2679/317/2364 2677/316/2364 
f 2682/403/2365 2683/405/2365 2684/404/2365 
f 2685/406/2365 2686/408/2365 2687/407/2365 
f 2687/407/2365 2682/403/2365 2684/404/2365 
f 2687/407/2365 2684/404/2365 2685/406/2365 
f 2688/314/2366 2689/316/2366 2690/315/2366 
f 2691/317/2366 2692/319/2366 2693/318/2366 
f 2692/319/2366 2689/316/2366 2688/314/2366 
f 2692/319/2366 2691/317/2366 2689/316/2366 
f 2694/304/2367 2695/305/2368 2696/306/2369 
f 2697/307/2370 2695/305/2368 2694/304/2367 
f 2698/308/2371 2695/305/2368 2697/307/2370 
f 2698/308/2371 2696/306/2369 2695/305/2368 
f 2699/309/2372 2700/311/2373 2701/310/2374 
f 2702/312/2375 2699/309/2372 2701/310/2374 
f 2703/313/2376 2702/312/2375 2701/310/2374 
f 2703/313/2376 2701/310/2374 2700/311/2373 
f 2704/309/2377 2705/310/2378 2706/311/2379 
f 2707/312/2380 2705/310/2378 2704/309/2377 
f 2708/313/2381 2705/310/2378 2707/312/2380 
f 2708/313/2381 2706/311/2379 2705/310/2378 
f 2709/403/2382 2710/405/2382 2711/404/2382 
f 2712/406/2382 2713/408/2382 2714/407/2382 
f 2714/407/2382 2709/403/2382 2711/404/2382 
f 2714/407/2382 2711/404/2382 2712/406/2382 
f 2715/314/2383 2716/315/2383 2717/316/2383 
f 2718/317/2383 2719/318/2383 2720/319/2383 
f 2720/319/2383 2715/314/2383 2717/316/2383 
f 2720/319/2383 2717/316/2383 2718/317/2383 
f 2721/403/2384 2722/404/2384 2723/405/2384 
f 2724/406/2384 2725/407/2384 2726/408/2384 
f 2725/407/2384 2722/404/2384 2721/403/2384 
f 2725/407/2384 2724/406/2384 2722/404/2384 
f 2727/304/2385 2728/306/2386 2729/305/2387 
f 2730/307/2388 2727/304/2385 2729/305/2387 
f 2731/308/2389 2730/307/2388 2729/305/2387 
f 2731/308/2389 2729/305/2387 2728/306/2386 
f 2732/403/2390 2733/404/2390 2734/405/2390 
f 2735/406/2390 2736/407/2390 2737/408/2390 
f 2736/407/2390 2733/404/2390 2732/403/2390 
f 2736/407/2390 2735/406/2390 2733/404/2390 
f 2738/304/2391 2739/306/2392 2740/305/2393 
f 2741/307/2394 2738/304/2391 2740/305/2393 
f 2742/308/2395 2741/307/2394 2740/305/2393 
f 2742/308/2395 2740/305/2393 2739/306/2392 
f 2743/304/2396 2744/305/2397 2745/306/2398 
f 2746/307/2399 2744/305/2397 2743/304/2396 
f 2747/308/2400 2744/305/2397 2746/307/2399 
f 2747/308/2400 2745/306/2398 2744/305/2397 
f 2748/314/2401 2749/315/2401 2750/316/2401 
f 2751/317/2401 2752/318/2401 2753/319/2401 
f 2753/319/2401 2748/314/2401 2750/316/2401 
f 2753/319/2401 2750/316/2401 2751/317/2401 
f 2754/309/2402 2755/310/2403 2756/311/2404 
f 2757/312/2405 2755/310/2403 2754/309/2402 
f 2758/313/2406 2755/310/2403 2757/312/2405 
f 2758/313/2406 2756/311/2404 2755/310/2403 
f 2759/403/2407 2760/405/2407 2761/404/2407 
f 2762/406/2407 2763/408/2407 2764/407/2407 
f 2764/407/2407 2759/403/2407 2761/404/2407 
f 2764/407/2407 2761/404/2407 2762/406/2407 
f 2765/309/2408 2766/310/2409 2767/311/2410 
f 2768/312/2411 2766/310/2409 2765/309/2408 
f 2769/313/2412 2766/310/2409 2768/312/2411 
f 2769/313/2412 2767/311/2410 2766/310/2409 
f 2770/309/2413 2771/311/2414 2772/310/2415 
f 2773/312/2416 2770/309/2413 2772/310/2415 
f 2774/313/2417 2773/312/2416 2772/310/2415 
f 2774/313/2417 2772/310/2415 2771/311/2414 
f 2775/403/2418 2776/404/2418 2777/405/2418 
f 2778/406/2418 2779/407/2418 2780/408/2418 
f 2779/407/2418 2776/404/2418 2775/403/2418 
f 2779/407/2418 2778/406/2418 2776/404/2418 
f 2781/314/2419 2782/315/2419 2783/316/2419 
f 2784/317/2419 2785/318/2419 2786/319/2419 
f 2786/319/2419 2781/314/2419 2783/316/2419 
f 2786/319/2419 2783/316/2419 2784/317/2419 
f 2787/304/2420 2788/305/2421 2789/306/2422 
f 2790/307/2423 2788/305/2421 2787/304/2420 
f 2791/308/2424 2788/305/2421 2790/307/2423 
f 2791/308/2424 2789/306/2422 2788/305/2421 
f 2792/304/2425 2793/306/2426 2794/305/2427 
f 2795/307/2428 2792/304/2425 2794/305/2427 
f 2796/308/2429 2795/307/2428 2794/305/2427 
f 2796/308/2429 2794/305/2427 2793/306/2426 
f 2797/314/2430 2798/316/2430 2799/315/2430 
f 2800/317/2430 2801/319/2430 2802/318/2430 
f 2801/319/2430 2798/316/2430 2797/314/2430 
f 2801/319/2430 2800/317/2430 2798/316/2430 
f 2803/304/2431 2804/306/2432 2805/305/2433 
f 2806/307/2434 2803/304/2431 2805/305/2433 
f 2807/308/2435 2806/307/2434 2805/305/2433 
f 2807/308/2435 2805/305/2433 2804/306/2432 
f 2808/403/2436 2809/404/2436 2810/405/2436 
f 2811/406/2436 2812/407/2436 2813/408/2436 
f 2812/407/2436 2809/404/2436 2808/403/2436 
f 2812/407/2436 2811/406/2436 2809/404/2436 
f 2814/309/2437 2815/310/2438 2816/311/2439 
f 2817/312/2440 2815/310/2438 2814/309/2437 
f 2818/313/2441 2815/310/2438 2817/312/2440 
f 2818/313/2441 2816/311/2439 2815/310/2438 
f 2819/314/2442 2820/315/2442 2821/316/2442 
f 2822/317/2442 2823/318/2442 2824/319/2442 
f 2824/319/2442 2819/314/2442 2821/316/2442 
f 2824/319/2442 2821/316/2442 2822/317/2442 
f 2825/309/2443 2826/310/2444 2827/311/2445 
f 2828/312/2446 2826/310/2444 2825/309/2443 
f 2829/313/2447 2826/310/2444 2828/312/2446 
f 2829/313/2447 2827/311/2445 2826/310/2444 
f 2830/403/2448 2831/405/2448 2832/404/2448 
f 2833/406/2448 2834/408/2448 2835/407/2448 
f 2835/407/2448 2830/403/2448 2832/404/2448 
f 2835/407/2448 2832/404/2448 2833/406/2448 
f 2836/309/2449 2837/310/2450 2838/311/2451 
f 2839/312/2452 2837/310/2450 2836/309/2449 
f 2840/313/2453 2837/310/2450 2839/312/2452 
f 2840/313/2453 2838/311/2451 2837/310/2450 
f 2841/304/2454 2842/306/2455 2843/305/2456 
f 2844/307/2457 2841/304/2454 2843/305/2456 
f 2845/308/2458 2844/307/2457 2843/305/2456 
f 2845/308/2458 2843/305/2456 2842/306/2455 
f 2846/304/2459 2847/305/2460 2848/306/2461 
f 2849/307/2462 2847/305/2460 2846/304/2459 
f 2850/308/2463 2847/305/2460 2849/307/2462 
f 2850/308/2463 2848/306/2461 2847/305/2460 
f 2851/309/2464 2852/311/2465 2853/310/2466 
f 2854/312/2467 2851/309/2464 2853/310/2466 
f 2855/313/2468 2854/312/2467 2853/310/2466 
f 2855/313/2468 2853/310/2466 2852/311/2465 
f 2856/314/2469 2857/316/2469 2858/315/2469 
f 2859/317/2469 2860/319/2469 2861/318/2469 
f 2860/319/2469 2857/316/2469 2856/314/2469 
f 2860/319/2469 2859/317/2469 2857/316/2469 
f 2862/309/2470 2863/311/2471 2864/310/2472 
f 2865/312/2473 2862/309/2470 2864/310/2472 
f 2866/313/2474 2865/312/2473 2864/310/2472 
f 2866/313/2474 2864/310/2472 2863/311/2471 
f 2867/304/2475 2868/305/2476 2869/306/2477 
f 2870/307/2478 2868/305/2476 2867/304/2475 
f 2871/308/2479 2868/305/2476 2870/307/2478 
f 2871/308/2479 2869/306/2477 2868/305/2476 
f 2872/314/2480 2873/315/2480 2874/316/2480 
f 2875/317/2480 2876/318/2480 2877/319/2480 
f 2877/319/2480 2872/314/2480 2874/316/2480 
f 2877/319/2480 2874/316/2480 2875/317/2480 
f 2878/403/2481 2879/404/2481 2880/405/2481 
f 2881/406/2481 2882/407/2481 2883/408/2481 
f 2882/407/2481 2879/404/2481 2878/403/2481 
f 2882/407/2481 2881/406/2481 2879/404/2481 
f 2884/314/2482 2885/315/2482 2886/316/2482 
f 2887/317/2482 2888/318/2482 2889/319/2482 
f 2889/319/2482 2884/314/2482 2886/316/2482 
f 2889/319/2482 2886/316/2482 2887/317/2482 
f 2890/403/2483 2891/404/2483 2892/405/2483 
f 2893/406/2483 2894/407/2483 2895/408/2483 
f 2894/407/2483 2891/404/2483 2890/403/2483 
f 2894/407/2483 2893/406/2483 2891/404/2483 
f 2896/309/2484 2897/311/2485 2898/310/2486 
f 2899/312/2487 2896/309/2484 2898/310/2486 
f 2900/313/2488 2899/312/2487 2898/310/2486 
f 2900/313/2488 2898/310/2486 2897/311/2485 
f 2901/309/2489 2902/310/2490 2903/311/2491 
f 2904/312/2492 2902/310/2490 2901/309/2489 
f 2905/313/2493 2902/310/2490 2904/312/2492 
f 2905/313/2493 2903/311/2491 2902/310/2490 
f 2906/314/2494 2907/315/2494 2908/316/2494 
f 2909/317/2494 2910/318/2494 2911/319/2494 
f 2911/319/2494 2906/314/2494 2908/316/2494 
f 2911/319/2494 2908/316/2494 2909/317/2494 
f 2912/403/2495 2913/404/2495 2914/405/2495 
f 2915/406/2495 2916/407/2495 2917/408/2495 
f 2916/407/2495 2913/404/2495 2912/403/2495 
f 2916/407/2495 2915/406/2495 2913/404/2495 
f 2918/309/2496 2919/311/2497 2920/310/2498 
f 2921/312/2499 2918/309/2496 2920/310/2498 
f 2922/313/2500 2921/312/2499 2920/310/2498 
f 2922/313/2500 2920/310/2498 2919/311/2497 
f 2923/309/2501 2924/310/2502 2925/311/2503 
f 2926/312/2504 2924/310/2502 2923/309/2501 
f 2927/313/2505 2924/310/2502 2926/312/2504 
f 2927/313/2505 2925/311/2503 2924/310/2502 
f 2928/403/2506 2929/405/2506 2930/404/2506 
f 2931/406/2506 2932/408/2506 2933/407/2506 
f 2933/407/2506 2928/403/2506 2930/404/2506 
f 2933/407/2506 2930/404/2506 2931/406/2506 
f 2934/314/2507 2935/315/2507 2936/316/2507 
f 2937/317/2507 2938/318/2507 2939/319/2507 
f 2939/319/2507 2934/314/2507 2936/316/2507 
f 2939/319/2507 2936/316/2507 2937/317/2507 
f 2940/309/2508 2941/310/2509 2942/311/2510 
f 2943/312/2511 2941/310/2509 2940/309/2508 
f 2944/313/2512 2941/310/2509 2943/312/2511 
f 2944/313/2512 2942/311/2510 2941/310/2509 
f 2945/314/2513 2946/315/2513 2947/316/2513 
f 2948/317/2513 2949/318/2513 2950/319/2513 
f 2950/319/2513 2945/314/2513 2947/316/2513 
f 2950/319/2513 2947/316/2513 2948/317/2513 
f 2951/314/2514 2952/316/2514 2953/315/2514 
f 2954/317/2514 2955/319/2514 2956/318/2514 
f 2955/319/2514 2952/316/2514 2951/314/2514 
f 2955/319/2514 2954/317/2514 2952/316/2514 
f 2957/304/2515 2958/306/2516 2959/305/2517 
f 2960/307/2518 2957/304/2515 2959/305/2517 
f 2961/308/2519 2960/307/2518 2959/305/2517 
f 2961/308/2519 2959/305/2517 2958/306/2516 
f 2962/403/2520 2963/405/2520 2964/404/2520 
f 2965/406/2520 2966/408/2520 2967/407/2520 
f 2967/407/2520 2962/403/2520 2964/404/2520 
f 2967/407/2520 2964/404/2520 2965/406/2520 
f 2968/403/2521 2969/404/2521 2970/405/2521 
f 2971/406/2521 2972/407/2521 2973/408/2521 
f 2972/407/2521 2969/404/2521 2968/403/2521 
f 2972/407/2521 2971/406/2521 2969/404/2521 
f 2974/403/2522 2975/405/2522 2976/404/2522 
f 2977/406/2522 2978/408/2522 2979/407/2522 
f 2979/407/2522 2974/403/2522 2976/404/2522 
f 2979/407/2522 2976/404/2522 2977/406/2522 
f 2980/304/2523 2981/305/2524 2982/306/2525 
f 2983/307/2526 2981/305/2524 2980/304/2523 
f 2984/308/2527 2981/305/2524 2983/307/2526 
f 2984/308/2527 2982/306/2525 2981/305/2524 
f 2985/314/2528 2986/315/2528 2987/316/2528 
f 2988/317/2528 2989/318/2528 2990/319/2528 
f 2990/319/2528 2985/314/2528 2987/316/2528 
f 2990/319/2528 2987/316/2528 2988/317/2528 
f 2991/314/2529 2992/316/2529 2993/315/2529 
f 2994/317/2529 2995/319/2529 2996/318/2529 
f 2995/319/2529 2992/316/2529 2991/314/2529 
f 2995/319/2529 2994/317/2529 2992/316/2529 
f 2997/304/2530 2998/306/2531 2999/305/2532 
f 3000/307/2533 2997/304/2530 2999/305/2532 
f 3001/308/2534 3000/307/2533 2999/305/2532 
f 3001/308/2534 2999/305/2532 2998/306/2531 
f 3002/403/2535 3003/404/2535 3004/405/2535 
f 3005/406/2535 3006/407/2535 3007/408/2535 
f 3006/407/2535 3003/404/2535 3002/403/2535 
f 3006/407/2535 3005/406/2535 3003/404/2535 
f 3008/403/2536 3009/405/2536 3010/404/2536 
f 3011/406/2536 3012/408/2536 3013/407/2536 
f 3013/407/2536 3008/403/2536 3010/404/2536 
f 3013/407/2536 3010/404/2536 3011/406/2536 
f 3014/403/2537 3015/404/2537 3016/405/2537 
f 3017/406/2537 3018/407/2537 3019/408/2537 
f 3018/407/2537 3015/404/2537 3014/403/2537 
f 3018/407/2537 3017/406/2537 3015/404/2537 
f 3020/304/2538 3021/306/2539 3022/305/2540 
f 3023/307/2541 3020/304/2538 3022/305/2540 
f 3024/308/2542 3023/307/2541 3022/305/2540 
f 3024/308/2542 3022/305/2540 3021/306/2539 
f 3025/304/2543 3026/305/2544 3027/306/2545 
f 3028/307/2546 3026/305/2544 3025/304/2543 
f 3029/308/2547 3026/305/2544 3028/307/2546 
f 3029/308/2547 3027/306/2545 3026/305/2544 
f 3030/403/2548 3031/405/2548 3032/404/2548 
f 3033/406/2548 3034/408/2548 3035/407/2548 
f 3035/407/2548 3030/403/2548 3032/404/2548 
f 3035/407/2548 3032/404/2548 3033/406/2548 
f 3036/403/2549 3037/404/2549 3038/405/2549 
f 3039/406/2549 3040/407/2549 3041/408/2549 
f 3040/407/2549 3037/404/2549 3036/403/2549 
f 3040/407/2549 3039/406/2549 3037/404/2549 
f 3042/304/2550 3043/306/2551 3044/305/2552 
f 3045/307/2553 3042/304/2550 3044/305/2552 
f 3046/308/2554 3045/307/2553 3044/305/2552 
f 3046/308/2554 3044/305/2552 3043/306/2551 
f 3047/314/2555 3048/316/2555 3049/315/2555 
f 3050/317/2555 3051/319/2555 3052/318/2555 
f 3051/319/2555 3048/316/2555 3047/314/2555 
f 3051/319/2555 3050/317/2555 3048/316/2555 
f 3053/403/2556 3054/405/2556 3055/404/2556 
f 3056/406/2556 3057/408/2556 3058/407/2556 
f 3058/407/2556 3053/403/2556 3055/404/2556 
f 3058/407/2556 3055/404/2556 3056/406/2556 
f 3059/309/2557 3060/310/2558 3061/311/2559 
f 3062/312/2560 3060/310/2558 3059/309/2557 
f 3063/313/2561 3060/310/2558 3062/312/2560 
f 3063/313/2561 3061/311/2559 3060/310/2558 
f 3064/304/2562 3065/306/2563 3066/305/2564 
f 3067/307/2565 3064/304/2562 3066/305/2564 
f 3068/308/2566 3067/307/2565 3066/305/2564 
f 3068/308/2566 3066/305/2564 3065/306/2563 
f 3069/314/2567 3070/315/2567 3071/316/2567 
f 3072/317/2567 3073/318/2567 3074/319/2567 
f 3074/319/2567 3069/314/2567 3071/316/2567 
f 3074/319/2567 3071/316/2567 3072/317/2567 
f 3075/403/2568 3076/404/2568 3077/405/2568 
f 3078/406/2568 3079/407/2568 3080/408/2568 
f 3079/407/2568 3076/404/2568 3075/403/2568 
f 3079/407/2568 3078/406/2568 3076/404/2568 
f 3081/304/2569 3082/306/2570 3083/305/2571 
f 3084/307/2572 3081/304/2569 3083/305/2571 
f 3085/308/2573 3084/307/2572 3083/305/2571 
f 3085/308/2573 3083/305/2571 3082/306/2570 
f 3086/403/2574 3087/404/2574 3088/405/2574 
f 3089/406/2574 3090/407/2574 3091/408/2574 
f 3090/407/2574 3087/404/2574 3086/403/2574 
f 3090/407/2574 3089/406/2574 3087/404/2574 
f 3092/304/2575 3093/306/2576 3094/305/2577 
f 3095/307/2578 3092/304/2575 3094/305/2577 
f 3096/308/2579 3095/307/2578 3094/305/2577 
f 3096/308/2579 3094/305/2577 3093/306/2576 
f 3097/309/2580 3098/311/2581 3099/310/2582 
f 3100/312/2583 3097/309/2580 3099/310/2582 
f 3101/313/2584 3100/312/2583 3099/310/2582 
f 3101/313/2584 3099/310/2582 3098/311/2581 
f 3102/309/2585 3103/310/2586 3104/311/2587 
f 3105/312/2588 3103/310/2586 3102/309/2585 
f 3106/313/2589 3103/310/2586 3105/312/2588 
f 3106/313/2589 3104/311/2587 3103/310/2586 
f 3107/304/2590 3108/306/2591 3109/305/2592 
f 3110/307/2593 3107/304/2590 3109/305/2592 
f 3111/308/2594 3110/307/2593 3109/305/2592 
f 3111/308/2594 3109/305/2592 3108/306/2591 
f 3112/309/2595 3113/310/2596 3114/311/2597 
f 3115/312/2598 3113/310/2596 3112/309/2595 
f 3116/313/2599 3113/310/2596 3115/312/2598 
f 3116/313/2599 3114/311/2597 3113/310/2596 
f 3117/403/2600 3118/405/2600 3119/404/2600 
f 3120/406/2600 3121/408/2600 3122/407/2600 
f 3122/407/2600 3117/403/2600 3119/404/2600 
f 3122/407/2600 3119/404/2600 3120/406/2600 
f 3123/314/2601 3124/315/2601 3125/316/2601 
f 3126/317/2601 3127/318/2601 3128/319/2601 
f 3128/319/2601 3123/314/2601 3125/316/2601 
f 3128/319/2601 3125/316/2601 3126/317/2601 
f 3129/309/2602 3130/310/2603 3131/311/2604 
f 3132/312/2605 3130/310/2603 3129/309/2602 
f 3133/313/2606 3130/310/2603 3132/312/2605 
f 3133/313/2606 3131/311/2604 3130/310/2603 
f 3134/403/2607 3135/405/2607 3136/404/2607 
f 3137/406/2607 3138/408/2607 3139/407/2607 
f 3139/407/2607 3134/403/2607 3136/404/2607 
f 3139/407/2607 3136/404/2607 3137/406/2607 
f 3140/309/2608 3141/310/2609 3142/311/2610 
f 3143/312/2611 3141/310/2609 3140/309/2608 
f 3144/313/2612 3141/310/2609 3143/312/2611 
f 3144/313/2612 3142/311/2610 3141/310/2609 
f 3145/309/2613 3146/311/2614 3147/310/2615 
f 3148/312/2616 3145/309/2613 3147/310/2615 
f 3149/313/2617 3148/312/2616 3147/310/2615 
f 3149/313/2617 3147/310/2615 3146/311/2614 
f 3150/403/2618 3151/404/2618 3152/405/2618 
f 3153/406/2618 3154/407/2618 3155/408/2618 
f 3154/407/2618 3151/404/2618 3150/403/2618 
f 3154/407/2618 3153/406/2618 3151/404/2618 
f 3156/314/2619 3157/315/2619 3158/316/2619 
f 3159/317/2619 3160/318/2619 3161/319/2619 
f 3161/319/2619 3156/314/2619 3158/316/2619 
f 3161/319/2619 3158/316/2619 3159/317/2619 
f 3162/304/2620 3163/305/2621 3164/306/2622 
f 3165/307/2623 3163/305/2621 3162/304/2620 
f 3166/308/2624 3163/305/2621 3165/307/2623 
f 3166/308/2624 3164/306/2622 3163/305/2621 
f 3167/304/2625 3168/306/2626 3169/305/2627 
f 3170/307/2628 3167/304/2625 3169/305/2627 
f 3171/308/2629 3170/307/2628 3169/305/2627 
f 3171/308/2629 3169/305/2627 3168/306/2626 
f 3172/314/2630 3173/316/2630 3174/315/2630 
f 3175/317/2630 3176/319/2630 3177/318/2630 
f 3176/319/2630 3173/316/2630 3172/314/2630 
f 3176/319/2630 3175/317/2630 3173/316/2630 
f 3178/304/2631 3179/306/2632 3180/305/2633 
f 3181/307/2634 3178/304/2631 3180/305/2633 
f 3182/308/2635 3181/307/2634 3180/305/2633 
f 3182/308/2635 3180/305/2633 3179/306/2632 
f 3183/403/2636 3184/404/2636 3185/405/2636 
f 3186/406/2636 3187/407/2636 3188/408/2636 
f 3187/407/2636 3184/404/2636 3183/403/2636 
f 3187/407/2636 3186/406/2636 3184/404/2636 
f 3189/403/2637 3190/405/2637 3191/404/2637 
f 3192/406/2637 3193/408/2637 3194/407/2637 
f 3194/407/2637 3189/403/2637 3191/404/2637 
f 3194/407/2637 3191/404/2637 3192/406/2637 
f 3195/309/2638 3196/310/2639 3197/311/2640 
f 3198/312/2641 3196/310/2639 3195/309/2638 
f 3199/313/2642 3196/310/2639 3198/312/2641 
f 3199/313/2642 3197/311/2640 3196/310/2639 
f 3200/314/2643 3201/315/2643 3202/316/2643 
f 3203/317/2643 3204/318/2643 3205/319/2643 
f 3205/319/2643 3200/314/2643 3202/316/2643 
f 3205/319/2643 3202/316/2643 3203/317/2643 
f 3206/309/2644 3207/310/2645 3208/311/2646 
f 3209/312/2647 3207/310/2645 3206/309/2644 
f 3210/313/2648 3207/310/2645 3209/312/2647 
f 3210/313/2648 3208/311/2646 3207/310/2645 
f 3211/309/2649 3212/310/2650 3213/311/2651 
f 3214/312/2652 3212/310/2650 3211/309/2649 
f 3215/313/2653 3212/310/2650 3214/312/2652 
f 3215/313/2653 3213/311/2651 3212/310/2650 
f 3216/304/2654 3217/306/2655 3218/305/2656 
f 3219/307/2657 3216/304/2654 3218/305/2656 
f 3220/308/2658 3219/307/2657 3218/305/2656 
f 3220/308/2658 3218/305/2656 3217/306/2655 
f 3221/304/2659 3222/305/2660 3223/306/2661 
f 3224/307/2662 3222/305/2660 3221/304/2659 
f 3225/308/2663 3222/305/2660 3224/307/2662 
f 3225/308/2663 3223/306/2661 3222/305/2660 
f 3226/309/2664 3227/311/2665 3228/310/2666 
f 3229/312/2667 3226/309/2664 3228/310/2666 
f 3230/313/2668 3229/312/2667 3228/310/2666 
f 3230/313/2668 3228/310/2666 3227/311/2665 
f 3231/314/2669 3232/316/2669 3233/315/2669 
f 3234/317/2669 3235/319/2669 3236/318/2669 
f 3235/319/2669 3232/316/2669 3231/314/2669 
f 3235/319/2669 3234/317/2669 3232/316/2669 
f 3237/309/2670 3238/311/2671 3239/310/2672 
f 3240/312/2673 3237/309/2670 3239/310/2672 
f 3241/313/2674 3240/312/2673 3239/310/2672 
f 3241/313/2674 3239/310/2672 3238/311/2671 
f 3242/403/2675 3243/404/2675 3244/405/2675 
f 3245/406/2675 3246/407/2675 3247/408/2675 
f 3246/407/2675 3243/404/2675 3242/403/2675 
f 3246/407/2675 3245/406/2675 3243/404/2675 
f 3248/309/2676 3249/311/2677 3250/310/2678 
f 3251/312/2679 3248/309/2676 3250/310/2678 
f 3252/313/2680 3251/312/2679 3250/310/2678 
f 3252/313/2680 3250/310/2678 3249/311/2677 
f 3253/403/2681 3254/404/2681 3255/405/2681 
f 3256/406/2681 3257/407/2681 3258/408/2681 
f 3257/407/2681 3254/404/2681 3253/403/2681 
f 3257/407/2681 3256/406/2681 3254/404/2681 
f 3259/403/2682 3260/405/2682 3261/404/2682 
f 3262/406/2682 3263/408/2682 3264/407/2682 
f 3264/407/2682 3259/403/2682 3261/404/2682 
f 3264/407/2682 3261/404/2682 3262/406/2682 
f 3265/403/2683 3266/404/2683 3267/405/2683 
f 3268/406/2683 3269/407/2683 3270/408/2683 
f 3269/407/2683 3266/404/2683 3265/403/2683 
f 3269/407/2683 3268/406/2683 3266/404/2683 
f 3271/309/2684 3272/311/2685 3273/310/2686 
f 3274/312/2687 3271/309/2684 3273/310/2686 
f 3275/313/2688 3274/312/2687 3273/310/2686 
f 3275/313/2688 3273/310/2686 3272/311/2685 
f 3276/309/2689 3277/310/2690 3278/311/2691 
f 3279/312/2692 3277/310/2690 3276/309/2689 
f 3280/313/2693 3277/310/2690 3279/312/2692 
f 3280/313/2693 3278/311/2691 3277/310/2690 
f 3281/314/2694 3282/315/2694 3283/316/2694 
f 3284/317/2694 3285/318/2694 3286/319/2694 
f 3286/319/2694 3281/314/2694 3283/316/2694 
f 3286/319/2694 3283/316/2694 3284/317/2694 
f 3287/403/2695 3288/404/2695 3289/405/2695 
f 3290/406/2695 3291/407/2695 3292/408/2695 
f 3291/407/2695 3288/404/2695 3287/403/2695 
f 3291/407/2695 3290/406/2695 3288/404/2695 
f 3293/309/2696 3294/311/2697 3295/310/2698 
f 3296/312/2699 3293/309/2696 3295/310/2698 
f 3297/313/2700 3296/312/2699 3295/310/2698 
f 3297/313/2700 3295/310/2698 3294/311/2697 
f 3298/309/2701 3299/310/2702 3300/311/2703 
f 3301/312/2704 3299/310/2702 3298/309/2701 
f 3302/313/2705 3299/310/2702 3301/312/2704 
f 3302/313/2705 3300/311/2703 3299/310/2702 
f 3303/403/2706 3304/405/2706 3305/404/2706 
f 3306/406/2706 3307/408/2706 3308/407/2706 
f 3308/407/2706 3303/403/2706 3305/404/2706 
f 3308/407/2706 3305/404/2706 3306/406/2706 
f 3309/314/2707 3310/316/2707 3311/315/2707 
f 3312/317/2707 3313/319/2707 3314/318/2707 
f 3313/319/2707 3310/316/2707 3309/314/2707 
f 3313/319/2707 3312/317/2707 3310/316/2707 
f 3315/309/2708 3316/311/2709 3317/310/2710 
f 3318/312/2711 3315/309/2708 3317/310/2710 
f 3319/313/2712 3318/312/2711 3317/310/2710 
f 3319/313/2712 3317/310/2710 3316/311/2709 
f 3320/304/2713 3321/305/2714 3322/306/2715 
f 3323/307/2716 3321/305/2714 3320/304/2713 
f 3324/308/2717 3321/305/2714 3323/307/2716 
f 3324/308/2717 3322/306/2715 3321/305/2714 
f 3325/304/2718 3326/306/2719 3327/305/2720 
f 3328/307/2721 3325/304/2718 3327/305/2720 
f 3329/308/2722 3328/307/2721 3327/305/2720 
f 3329/308/2722 3327/305/2720 3326/306/2719 
f 3330/309/2723 3331/311/2724 3332/310/2725 
f 3333/312/2726 3330/309/2723 3332/310/2725 
f 3334/313/2727 3333/312/2726 3332/310/2725 
f 3334/313/2727 3332/310/2725 3331/311/2724 
f 3335/309/2728 3336/310/2729 3337/311/2730 
f 3338/312/2731 3336/310/2729 3335/309/2728 
f 3339/313/2732 3336/310/2729 3338/312/2731 
f 3339/313/2732 3337/311/2730 3336/310/2729 
f 3340/309/2733 3341/311/2734 3342/310/2735 
f 3343/312/2736 3340/309/2733 3342/310/2735 
f 3344/313/2737 3343/312/2736 3342/310/2735 
f 3344/313/2737 3342/310/2735 3341/311/2734 
f 3345/403/2738 3346/404/2738 3347/405/2738 
f 3348/406/2738 3349/407/2738 3350/408/2738 
f 3349/407/2738 3346/404/2738 3345/403/2738 
f 3349/407/2738 3348/406/2738 3346/404/2738 
f 3351/314/2739 3352/315/2739 3353/316/2739 
f 3354/317/2739 3355/318/2739 3356/319/2739 
f 3356/319/2739 3351/314/2739 3353/316/2739 
f 3356/319/2739 3353/316/2739 3354/317/2739 
f 3357/314/2740 3358/316/2740 3359/315/2740 
f 3360/317/2740 3361/319/2740 3362/318/2740 
f 3361/319/2740 3358/316/2740 3357/314/2740 
f 3361/319/2740 3360/317/2740 3358/316/2740 
f 3363/403/2741 3364/405/2741 3365/404/2741 
f 3366/406/2741 3367/408/2741 3368/407/2741 
f 3368/407/2741 3363/403/2741 3365/404/2741 
f 3368/407/2741 3365/404/2741 3366/406/2741 
f 3369/314/2742 3370/316/2742 3371/315/2742 
f 3372/317/2742 3373/319/2742 3374/318/2742 
f 3373/319/2742 3370/316/2742 3369/314/2742 
f 3373/319/2742 3372/317/2742 3370/316/2742 
f 3375/304/2743 3376/305/2744 3377/306/2745 
f 3378/307/2746 3376/305/2744 3375/304/2743 
f 3379/308/2747 3376/305/2744 3378/307/2746 
f 3379/308/2747 3377/306/2745 3376/305/2744 
f 3380/403/2748 3381/405/2748 3382/404/2748 
f 3383/406/2748 3384/408/2748 3385/407/2748 
f 3385/407/2748 3380/403/2748 3382/404/2748 
f 3385/407/2748 3382/404/2748 3383/406/2748 
f 3386/309/2749 3387/311/2750 3388/310/2751 
f 3389/312/2752 3386/309/2749 3388/310/2751 
f 3390/313/2753 3389/312/2752 3388/310/2751 
f 3390/313/2753 3388/310/2751 3387/311/2750 
f 3391/309/2754 3392/310/2755 3393/311/2756 
f 3394/312/2757 3392/310/2755 3391/309/2754 
f 3395/313/2758 3392/310/2755 3394/312/2757 
f 3395/313/2758 3393/311/2756 3392/310/2755 
f 3396/304/2759 3397/306/2760 3398/305/2761 
f 3399/307/2762 3396/304/2759 3398/305/2761 
f 3400/308/2763 3399/307/2762 3398/305/2761 
f 3400/308/2763 3398/305/2761 3397/306/2760 
f 3401/314/2764 3402/315/2764 3403/316/2764 
f 3404/317/2764 3405/318/2764 3406/319/2764 
f 3406/319/2764 3401/314/2764 3403/316/2764 
f 3406/319/2764 3403/316/2764 3404/317/2764 
f 3407/309/2765 3408/310/2766 3409/311/2767 
f 3410/312/2768 3408/310/2766 3407/309/2765 
f 3411/313/2769 3408/310/2766 3410/312/2768 
f 3411/313/2769 3409/311/2767 3408/310/2766 
f 3412/403/2770 3413/405/2770 3414/404/2770 
f 3415/406/2770 3416/408/2770 3417/407/2770 
f 3417/407/2770 3412/403/2770 3414/404/2770 
f 3417/407/2770 3414/404/2770 3415/406/2770 
f 3418/309/2771 3419/310/2772 3420/311/2773 
f 3421/312/2774 3419/310/2772 3418/309/2771 
f 3422/313/2775 3419/310/2772 3421/312/2774 
f 3422/313/2775 3420/311/2773 3419/310/2772 
f 3423/309/2776 3424/311/2777 3425/310/2778 
f 3426/312/2779 3423/309/2776 3425/310/2778 
f 3427/313/2780 3426/312/2779 3425/310/2778 
f 3427/313/2780 3425/310/2778 3424/311/2777 
f 3428/403/2781 3429/404/2781 3430/405/2781 
f 3431/406/2781 3432/407/2781 3433/408/2781 
f 3432/407/2781 3429/404/2781 3428/403/2781 
f 3432/407/2781 3431/406/2781 3429/404/2781 
f 3434/314/2782 3435/315/2782 3436/316/2782 
f 3437/317/2782 3438/318/2782 3439/319/2782 
f 3439/319/2782 3434/314/2782 3436/316/2782 
f 3439/319/2782 3436/316/2782 3437/317/2782 
f 3440/304/2783 3441/306/2784 3442/305/2785 
f 3443/307/2786 3440/304/2783 3442/305/2785 
f 3444/308/2787 3443/307/2786 3442/305/2785 
f 3444/308/2787 3442/305/2785 3441/306/2784 
f 3445/314/2788 3446/316/2788 3447/315/2788 
f 3448/317/2788 3449/319/2788 3450/318/2788 
f 3449/319/2788 3446/316/2788 3445/314/2788 
f 3449/319/2788 3448/317/2788 3446/316/2788 
f 3451/304/2789 3452/306/2790 3453/305/2791 
f 3454/307/2792 3451/304/2789 3453/305/2791 
f 3455/308/2793 3454/307/2792 3453/305/2791 
f 3455/308/2793 3453/305/2791 3452/306/2790 
f 3456/309/2794 3457/310/2795 3458/311/2796 
f 3459/312/2797 3457/310/2795 3456/309/2794 
f 3460/313/2798 3457/310/2795 3459/312/2797 
f 3460/313/2798 3458/311/2796 3457/310/2795 
f 3461/314/2799 3462/315/2799 3463/316/2799 
f 3464/317/2799 3465/318/2799 3466/319/2799 
f 3466/319/2799 3461/314/2799 3463/316/2799 
f 3466/319/2799 3463/316/2799 3464/317/2799 
f 3467/309/2800 3468/310/2801 3469/311/2802 
f 3470/312/2803 3468/310/2801 3467/309/2800 
f 3471/313/2804 3468/310/2801 3470/312/2803 
f 3471/313/2804 3469/311/2802 3468/310/2801 
f 3472/403/2805 3473/405/2805 3474/404/2805 
f 3475/406/2805 3476/408/2805 3477/407/2805 
f 3477/407/2805 3472/403/2805 3474/404/2805 
f 3477/407/2805 3474/404/2805 3475/406/2805 
f 3478/309/2806 3479/310/2807 3480/311/2808 
f 3481/312/2809 3479/310/2807 3478/309/2806 
f 3482/313/2810 3479/310/2807 3481/312/2809 
f 3482/313/2810 3480/311/2808 3479/310/2807 
f 3483/304/2811 3484/306/2812 3485/305/2813 
f 3486/307/2814 3483/304/2811 3485/305/2813 
f 3487/308/2815 3486/307/2814 3485/305/2813 
f 3487/308/2815 3485/305/2813 3484/306/2812 
f 3488/309/2816 3489/311/2817 3490/310/2818 
f 3491/312/2819 3488/309/2816 3490/310/2818 
f 3492/313/2820 3491/312/2819 3490/310/2818 
f 3492/313/2820 3490/310/2818 3489/311/2817 
f 3493/309/2821 3494/310/2822 3495/311/2823 
f 3496/312/2824 3494/310/2822 3493/309/2821 
f 3497/313/2825 3494/310/2822 3496/312/2824 
f 3497/313/2825 3495/311/2823 3494/310/2822 
f 3498/403/2826 3499/405/2826 3500/404/2826 
f 3501/406/2826 3502/408/2826 3503/407/2826 
f 3503/407/2826 3498/403/2826 3500/404/2826 
f 3503/407/2826 3500/404/2826 3501/406/2826 
f 3504/314/2827 3505/316/2827 3506/315/2827 
f 3507/317/2827 3508/319/2827 3509/318/2827 
f 3508/319/2827 3505/316/2827 3504/314/2827 
f 3508/319/2827 3507/317/2827 3505/316/2827 
f 3510/403/2828 3511/405/2828 3512/404/2828 
f 3513/406/2828 3514/408/2828 3515/407/2828 
f 3515/407/2828 3510/403/2828 3512/404/2828 
f 3515/407/2828 3512/404/2828 3513/406/2828 
f 3516/309/2829 3517/311/2830 3518/310/2831 
f 3519/312/2832 3516/309/2829 3518/310/2831 
f 3520/313/2833 3519/312/2832 3518/310/2831 
f 3520/313/2833 3518/310/2831 3517/311/2830 
f 3521/304/2834 3522/305/2835 3523/306/2836 
f 3524/307/2837 3522/305/2835 3521/304/2834 
f 3525/308/2838 3522/305/2835 3524/307/2837 
f 3525/308/2838 3523/306/2836 3522/305/2835 
f 3526/304/2839 3527/306/2840 3528/305/2841 
f 3529/307/2842 3526/304/2839 3528/305/2841 
f 3530/308/2843 3529/307/2842 3528/305/2841 
f 3530/308/2843 3528/305/2841 3527/306/2840 
f 3531/304/2844 3532/305/2845 3533/306/2846 
f 3534/307/2847 3532/305/2845 3531/304/2844 
f 3535/308/2848 3532/305/2845 3534/307/2847 
f 3535/308/2848 3533/306/2846 3532/305/2845 
f 3536/314/2849 3537/315/2849 3538/316/2849 
f 3539/317/2849 3540/318/2849 3541/319/2849 
f 3541/319/2849 3536/314/2849 3538/316/2849 
f 3541/319/2849 3538/316/2849 3539/317/2849 
f 3542/309/2850 3543/311/2851 3544/310/2852 
f 3545/312/2853 3542/309/2850 3544/310/2852 
f 3546/313/2854 3545/312/2853 3544/310/2852 
f 3546/313/2854 3544/310/2852 3543/311/2851 
f 3547/309/2855 3548/310/2856 3549/311/2857 
f 3550/312/2858 3548/310/2856 3547/309/2855 
f 3551/313/2859 3548/310/2856 3550/312/2858 
f 3551/313/2859 3549/311/2857 3548/310/2856 
f 3552/309/2860 3553/311/2861 3554/310/2862 
f 3555/312/2863 3552/309/2860 3554/310/2862 
f 3556/313/2864 3555/312/2863 3554/310/2862 
f 3556/313/2864 3554/310/2862 3553/311/2861 
f 3557/309/2865 3558/310/2866 3559/311/2867 
f 3560/312/2868 3558/310/2866 3557/309/2865 
f 3561/313/2869 3558/310/2866 3560/312/2868 
f 3561/313/2869 3559/311/2867 3558/310/2866 
f 3562/403/2870 3563/405/2870 3564/404/2870 
f 3565/406/2870 3566/408/2870 3567/407/2870 
f 3567/407/2870 3562/403/2870 3564/404/2870 
f 3567/407/2870 3564/404/2870 3565/406/2870 
f 3568/314/2871 3569/316/2871 3570/315/2871 
f 3571/317/2871 3572/319/2871 3573/318/2871 
f 3572/319/2871 3569/316/2871 3568/314/2871 
f 3572/319/2871 3571/317/2871 3569/316/2871 
f 3574/304/2872 3575/306/2873 3576/305/2874 
f 3577/307/2875 3574/304/2872 3576/305/2874 
f 3578/308/2876 3577/307/2875 3576/305/2874 
f 3578/308/2876 3576/305/2874 3575/306/2873 
f 3579/304/2877 3580/305/2878 3581/306/2879 
f 3582/307/2880 3580/305/2878 3579/304/2877 
f 3583/308/2881 3580/305/2878 3582/307/2880 
f 3583/308/2881 3581/306/2879 3580/305/2878 
f 3584/403/2882 3585/405/2882 3586/404/2882 
f 3587/406/2882 3588/408/2882 3589/407/2882 
f 3589/407/2882 3584/403/2882 3586/404/2882 
f 3589/407/2882 3586/404/2882 3587/406/2882 
f 3590/304/2883 3591/305/2884 3592/306/2885 
f 3593/307/2886 3591/305/2884 3590/304/2883 
f 3594/308/2887 3591/305/2884 3593/307/2886 
f 3594/308/2887 3592/306/2885 3591/305/2884 
f 3595/314/2888 3596/315/2888 3597/316/2888 
f 3598/317/2888 3599/318/2888 3600/319/2888 
f 3600/319/2888 3595/314/2888 3597/316/2888 
f 3600/319/2888 3597/316/2888 3598/317/2888 
f 3601/304/2889 3602/306/2890 3603/305/2891 
f 3604/307/2892 3601/304/2889 3603/305/2891 
f 3605/308/2893 3604/307/2892 3603/305/2891 
f 3605/308/2893 3603/305/2891 3602/306/2890 
f 3606/304/2894 3607/305/2895 3608/306/2896 
f 3609/307/2897 3607/305/2895 3606/304/2894 
f 3610/308/2898 3607/305/2895 3609/307/2897 
f 3610/308/2898 3608/306/2896 3607/305/2895 
f 3611/403/2899 3612/405/2899 3613/404/2899 
f 3614/406/2899 3615/408/2899 3616/407/2899 
f 3616/407/2899 3611/403/2899 3613/404/2899 
f 3616/407/2899 3613/404/2899 3614/406/2899 
f 3617/314/2900 3618/316/2900 3619/315/2900 
f 3620/317/2900 3621/319/2900 3622/318/2900 
f 3621/319/2900 3618/316/2900 3617/314/2900 
f 3621/319/2900 3620/317/2900 3618/316/2900 
f 3623/309/2901 3624/311/2902 3625/310/2903 
f 3626/312/2904 3623/309/2901 3625/310/2903 
f 3627/313/2905 3626/312/2904 3625/310/2903 
f 3627/313/2905 3625/310/2903 3624/311/2902 
f 3628/403/2906 3629/404/2906 3630/405/2906 
f 3631/406/2906 3632/407/2906 3633/408/2906 
f 3632/407/2906 3629/404/2906 3628/403/2906 
f 3632/407/2906 3631/406/2906 3629/404/2906 
f 3634/309/2907 3635/311/2908 3636/310/2909 
f 3637/312/2910 3634/309/2907 3636/310/2909 
f 3638/313/2911 3637/312/2910 3636/310/2909 
f 3638/313/2911 3636/310/2909 3635/311/2908 
f 3639/403/2912 3640/405/2912 3641/404/2912 
f 3642/406/2912 3643/408/2912 3644/407/2912 
f 3644/407/2912 3639/403/2912 3641/404/2912 
f 3644/407/2912 3641/404/2912 3642/406/2912 
f 3645/403/2913 3646/404/2913 3647/405/2913 
f 3648/406/2913 3649/407/2913 3650/408/2913 
f 3649/407/2913 3646/404/2913 3645/403/2913 
f 3649/407/2913 3648/406/2913 3646/404/2913 
f 3651/304/2914 3652/306/2915 3653/305/2916 
f 3654/307/2917 3651/304/2914 3653/305/2916 
f 3655/308/2918 3654/307/2917 3653/305/2916 
f 3655/308/2918 3653/305/2916 3652/306/2915 
f 3656/304/2919 3657/305/2920 3658/306/2921 
f 3659/307/2922 3657/305/2920 3656/304/2919 
f 3660/308/2923 3657/305/2920 3659/307/2922 
f 3660/308/2923 3658/306/2921 3657/305/2920 
f 3661/403/2924 3662/405/2924 3663/404/2924 
f 3664/406/2924 3665/408/2924 3666/407/2924 
f 3666/407/2924 3661/403/2924 3663/404/2924 
f 3666/407/2924 3663/404/2924 3664/406/2924 
f 3667/304/2925 3668/305/2926 3669/306/2927 
f 3670/307/2928 3668/305/2926 3667/304/2925 
f 3671/308/2929 3668/305/2926 3670/307/2928 
f 3671/308/2929 3669/306/2927 3668/305/2926 
f 3672/314/2930 3673/315/2930 3674/316/2930 
f 3675/317/2930 3676/318/2930 3677/319/2930 
f 3677/319/2930 3672/314/2930 3674/316/2930 
f 3677/319/2930 3674/316/2930 3675/317/2930 
f 3678/304/2931 3679/305/2932 3680/306/2933 
f 3681/307/2934 3679/305/2932 3678/304/2931 
f 3682/308/2935 3679/305/2932 3681/307/2934 
f 3682/308/2935 3680/306/2933 3679/305/2932 
f 3683/314/2936 3684/315/2936 3685/316/2936 
f 3686/317/2936 3687/318/2936 3688/319/2936 
f 3688/319/2936 3683/314/2936 3685/316/2936 
f 3688/319/2936 3685/316/2936 3686/317/2936 
f 3689/309/2937 3690/310/2938 3691/311/2939 
f 3692/312/2940 3690/310/2938 3689/309/2937 
f 3693/313/2941 3690/310/2938 3692/312/2940 
f 3693/313/2941 3691/311/2939 3690/310/2938 
f 3694/403/2942 3695/405/2942 3696/404/2942 
f 3697/406/2942 3698/408/2942 3699/407/2942 
f 3699/407/2942 3694/403/2942 3696/404/2942 
f 3699/407/2942 3696/404/2942 3697/406/2942 
f 3700/309/2943 3701/310/2944 3702/311/2945 
f 3703/312/2946 3701/310/2944 3700/309/2943 
f 3704/313/2947 3701/310/2944 3703/312/2946 
f 3704/313/2947 3702/311/2945 3701/310/2944 
f 3705/403/2948 3706/404/2948 3707/405/2948 
f 3708/406/2948 3709/407/2948 3710/408/2948 
f 3709/407/2948 3706/404/2948 3705/403/2948 
f 3709/407/2948 3708/406/2948 3706/404/2948 
f 3711/314/2949 3712/315/2949 3713/316/2949 
f 3714/317/2949 3715/318/2949 3716/319/2949 
f 3716/319/2949 3711/314/2949 3713/316/2949 
f 3716/319/2949 3713/316/2949 3714/317/2949 
f 3717/304/2950 3718/305/2951 3719/306/2952 
f 3720/307/2953 3718/305/2951 3717/304/2950 
f 3721/308/2954 3718/305/2951 3720/307/2953 
f 3721/308/2954 3719/306/2952 3718/305/2951 
f 3722/304/2955 3723/306/2956 3724/305/2957 
f 3725/307/2958 3722/304/2955 3724/305/2957 
f 3726/308/2959 3725/307/2958 3724/305/2957 
f 3726/308/2959 3724/305/2957 3723/306/2956 
f 3727/314/2960 3728/316/2960 3729/315/2960 
f 3730/317/2960 3731/319/2960 3732/318/2960 
f 3731/319/2960 3728/316/2960 3727/314/2960 
f 3731/319/2960 3730/317/2960 3728/316/2960 
f 3733/304/2961 3734/306/2962 3735/305/2963 
f 3736/307/2964 3733/304/2961 3735/305/2963 
f 3737/308/2965 3736/307/2964 3735/305/2963 
f 3737/308/2965 3735/305/2963 3734/306/2962 
f 3738/403/2966 3739/404/2966 3740/405/2966 
f 3741/406/2966 3742/407/2966 3743/408/2966 
f 3742/407/2966 3739/404/2966 3738/403/2966 
f 3742/407/2966 3741/406/2966 3739/404/2966 
f 3744/309/2967 3745/310/2968 3746/311/2969 
f 3747/312/2970 3745/310/2968 3744/309/2967 
f 3748/313/2971 3745/310/2968 3747/312/2970 
f 3748/313/2971 3746/311/2969 3745/310/2968 
f 3749/314/2972 3750/315/2972 3751/316/2972 
f 3752/317/2972 3753/318/2972 3754/319/2972 
f 3754/319/2972 3749/314/2972 3751/316/2972 
f 3754/319/2972 3751/316/2972 3752/317/2972 
f 3755/309/2973 3756/310/2974 3757/311/2975 
f 3758/312/2976 3756/310/2974 3755/309/2973 
f 3759/313/2977 3756/310/2974 3758/312/2976 
f 3759/313/2977 3757/311/2975 3756/310/2974 
f 3760/403/2978 3761/405/2978 3762/404/2978 
f 3763/406/2978 3764/408/2978 3765/407/2978 
f 3765/407/2978 3760/403/2978 3762/404/2978 
f 3765/407/2978 3762/404/2978 3763/406/2978 
f 3766/309/2979 3767/310/2980 3768/311/2981 
f 3769/312/2982 3767/310/2980 3766/309/2979 
f 3770/313/2983 3767/310/2980 3769/312/2982 
f 3770/313/2983 3768/311/2981 3767/310/2980 
f 3771/304/2984 3772/306/2985 3773/305/2986 
f 3774/307/2987 3771/304/2984 3773/305/2986 
f 3775/308/2988 3774/307/2987 3773/305/2986 
f 3775/308/2988 3773/305/2986 3772/306/2985 
f 3776/304/2989 3777/305/2990 3778/306/2991 
f 3779/307/2992 3777/305/2990 3776/304/2989 
f 3780/308/2993 3777/305/2990 3779/307/2992 
f 3780/308/2993 3778/306/2991 3777/305/2990 
f 3781/309/2994 3782/311/2995 3783/310/2996 
f 3784/312/2997 3781/309/2994 3783/310/2996 
f 3785/313/2998 3784/312/2997 3783/310/2996 
f 3785/313/2998 3783/310/2996 3782/311/2995 
f 3786/314/2999 3787/316/2999 3788/315/2999 
f 3789/317/2999 3790/319/2999 3791/318/2999 
f 3790/319/2999 3787/316/2999 3786/314/2999 
f 3790/319/2999 3789/317/2999 3787/316/2999 
f 3792/309/3000 3793/311/3001 3794/310/3002 
f 3795/312/3003 3792/309/3000 3794/310/3002 
f 3796/313/3004 3795/312/3003 3794/310/3002 
f 3796/313/3004 3794/310/3002 3793/311/3001 
f 3797/314/3005 3798/316/3005 3799/315/3005 
f 3800/317/3005 3801/319/3005 3802/318/3005 
f 3801/319/3005 3798/316/3005 3797/314/3005 
f 3801/319/3005 3800/317/3005 3798/316/3005 
f 3803/309/3006 3804/311/3007 3805/310/3008 
f 3806/312/3009 3803/309/3006 3805/310/3008 
f 3807/313/3010 3806/312/3009 3805/310/3008 
f 3807/313/3010 3805/310/3008 3804/311/3007 
f 3808/304/3011 3809/305/3012 3810/306/3013 
f 3811/307/3014 3809/305/3012 3808/304/3011 
f 3812/308/3015 3809/305/3012 3811/307/3014 
f 3812/308/3015 3810/306/3013 3809/305/3012 
f 3813/304/3016 3814/306/3017 3815/305/3018 
f 3816/307/3019 3813/304/3016 3815/305/3018 
f 3817/308/3020 3816/307/3019 3815/305/3018 
f 3817/308/3020 3815/305/3018 3814/306/3017 
f 3818/403/3021 3819/404/3021 3820/405/3021 
f 3821/406/3021 3822/407/3021 3823/408/3021 
f 3822/407/3021 3819/404/3021 3818/403/3021 
f 3822/407/3021 3821/406/3021 3819/404/3021 
f 3824/309/3022 3825/311/3023 3826/310/3024 
f 3827/312/3025 3824/309/3022 3826/310/3024 
f 3828/313/3026 3827/312/3025 3826/310/3024 
f 3828/313/3026 3826/310/3024 3825/311/3023 
f 3829/309/3027 3830/310/3028 3831/311/3029 
f 3832/312/3030 3830/310/3028 3829/309/3027 
f 3833/313/3031 3830/310/3028 3832/312/3030 
f 3833/313/3031 3831/311/3029 3830/310/3028 
f 3834/309/3032 3835/311/3033 3836/310/3034 
f 3837/312/3035 3834/309/3032 3836/310/3034 
f 3838/313/3036 3837/312/3035 3836/310/3034 
f 3838/313/3036 3836/310/3034 3835/311/3033 
f 3839/403/3037 3840/404/3037 3841/405/3037 
f 3842/406/3037 3843/407/3037 3844/408/3037 
f 3843/407/3037 3840/404/3037 3839/403/3037 
f 3843/407/3037 3842/406/3037 3840/404/3037 
f 3845/314/3038 3846/315/3038 3847/316/3038 
f 3848/317/3038 3849/318/3038 3850/319/3038 
f 3850/319/3038 3845/314/3038 3847/316/3038 
f 3850/319/3038 3847/316/3038 3848/317/3038 
f 3851/314/3039 3852/316/3039 3853/315/3039 
f 3854/317/3039 3855/319/3039 3856/318/3039 
f 3855/319/3039 3852/316/3039 3851/314/3039 
f 3855/319/3039 3854/317/3039 3852/316/3039 
f 3857/403/3040 3858/405/3040 3859/404/3040 
f 3860/406/3040 3861/408/3040 3862/407/3040 
f 3862/407/3040 3857/403/3040 3859/404/3040 
f 3862/407/3040 3859/404/3040 3860/406/3040 
f 3863/314/3041 3864/316/3041 3865/315/3041 
f 3866/317/3041 3867/319/3041 3868/318/3041 
f 3867/319/3041 3864/316/3041 3863/314/3041 
f 3867/319/3041 3866/317/3041 3864/316/3041 
f 3869/304/3042 3870/306/3043 3871/305/3044 
f 3872/307/3045 3869/304/3042 3871/305/3044 
f 3873/308/3046 3872/307/3045 3871/305/3044 
f 3873/308/3046 3871/305/3044 3870/306/3043 
f 3874/304/3047 3875/305/3048 3876/306/3049 
f 3877/307/3050 3875/305/3048 3874/304/3047 
f 3878/308/3051 3875/305/3048 3877/307/3050 
f 3878/308/3051 3876/306/3049 3875/305/3048 
f 3879/403/3052 3880/405/3052 3881/404/3052 
f 3882/406/3052 3883/408/3052 3884/407/3052 
f 3884/407/3052 3879/403/3052 3881/404/3052 
f 3884/407/3052 3881/404/3052 3882/406/3052 
f 3885/304/3053 3886/305/3054 3887/306/3055 
f 3888/307/3056 3886/305/3054 3885/304/3053 
f 3889/308/3057 3886/305/3054 3888/307/3056 
f 3889/308/3057 3887/306/3055 3886/305/3054 
f 3890/314/3058 3891/315/3058 3892/316/3058 
f 3893/317/3058 3894/318/3058 3895/319/3058 
f 3895/319/3058 3890/314/3058 3892/316/3058 
f 3895/319/3058 3892/316/3058 3893/317/3058 
f 3896/304/3059 3897/305/3060 3898/306/3061 
f 3899/307/3062 3897/305/3060 3896/304/3059 
f 3900/308/3063 3897/305/3060 3899/307/3062 
f 3900/308/3063 3898/306/3061 3897/305/3060 
f 3901/403/3064 3902/405/3064 3903/404/3064 
f 3904/406/3064 3905/408/3064 3906/407/3064 
f 3906/407/3064 3901/403/3064 3903/404/3064 
f 3906/407/3064 3903/404/3064 3904/406/3064 
f 3907/304/3065 3908/306/3066 3909/305/3067 
f 3910/307/3068 3907/304/3065 3909/305/3067 
f 3911/308/3069 3910/307/3068 3909/305/3067 
f 3911/308/3069 3909/305/3067 3908/306/3066 
f 3912/309/3070 3913/310/3071 3914/311/3072 
f 3915/312/3073 3913/310/3071 3912/309/3070 
f 3916/313/3074 3913/310/3071 3915/312/3073 
f 3916/313/3074 3914/311/3072 3913/310/3071 
f 3917/314/3075 3918/315/3075 3919/316/3075 
f 3920/317/3075 3921/318/3075 3922/319/3075 
f 3922/319/3075 3917/314/3075 3919/316/3075 
f 3922/319/3075 3919/316/3075 3920/317/3075 
f 3923/403/3076 3924/405/3076 3925/404/3076 
f 3926/406/3076 3927/408/3076 3928/407/3076 
f 3928/407/3076 3923/403/3076 3925/404/3076 
f 3928/407/3076 3925/404/3076 3926/406/3076 
f 3929/304/3077 3930/305/3078 3931/306/3079 
f 3932/307/3080 3930/305/3078 3929/304/3077 
f 3933/308/3081 3930/305/3078 3932/307/3080 
f 3933/308/3081 3931/306/3079 3930/305/3078 
f 3934/314/3082 3935/315/3082 3936/316/3082 
f 3937/317/3082 3938/318/3082 3939/319/3082 
f 3939/319/3082 3934/314/3082 3936/316/3082 
f 3939/319/3082 3936/316/3082 3937/317/3082 
f 3940/314/3083 3941/316/3083 3942/315/3083 
f 3943/317/3083 3944/319/3083 3945/318/3083 
f 3944/319/3083 3941/316/3083 3940/314/3083 
f 3944/319/3083 3943/317/3083 3941/316/3083 
f 3946/314/3084 3947/315/3084 3948/316/3084 
f 3949/317/3084 3950/318/3084 3951/319/3084 
f 3951/319/3084 3946/314/3084 3948/316/3084 
f 3951/319/3084 3948/316/3084 3949/317/3084 
f 3952/403/3085 3953/404/3085 3954/405/3085 
f 3955/406/3085 3956/407/3085 3957/408/3085 
f 3956/407/3085 3953/404/3085 3952/403/3085 
f 3956/407/3085 3955/406/3085 3953/404/3085 
f 3958/304/3086 3959/305/3087 3960/306/3088 
f 3961/307/3089 3959/305/3087 3958/304/3086 
f 3962/308/3090 3959/305/3087 3961/307/3089 
f 3962/308/3090 3960/306/3088 3959/305/3087 
f 3963/403/3091 3964/405/3091 3965/404/3091 
f 3966/406/3091 3967/408/3091 3968/407/3091 
f 3968/407/3091 3963/403/3091 3965/404/3091 
f 3968/407/3091 3965/404/3091 3966/406/3091 
f 3969/314/3092 3970/316/3092 3971/315/3092 
f 3972/317/3092 3973/319/3092 3974/318/3092 
f 3973/319/3092 3970/316/3092 3969/314/3092 
f 3973/319/3092 3972/317/3092 3970/316/3092 
f 3975/403/3093 3976/405/3093 3977/404/3093 
f 3978/406/3093 3979/408/3093 3980/407/3093 
f 3980/407/3093 3975/403/3093 3977/404/3093 
f 3980/407/3093 3977/404/3093 3978/406/3093 
f 3981/309/3094 3982/311/3095 3983/310/3096 
f 3984/312/3097 3981/309/3094 3983/310/3096 
f 3985/313/3098 3984/312/3097 3983/310/3096 
f 3985/313/3098 3983/310/3096 3982/311/3095 
f 3986/403/3099 3987/404/3099 3988/405/3099 
f 3989/406/3099 3990/407/3099 3991/408/3099 
f 3990/407/3099 3987/404/3099 3986/403/3099 
f 3990/407/3099 3989/406/3099 3987/404/3099 
f 3992/309/3100 3993/311/3101 3994/310/3102 
f 3995/312/3103 3992/309/3100 3994/310/3102 
f 3996/313/3104 3995/312/3103 3994/310/3102 
f 3996/313/3104 3994/310/3102 3993/311/3101 
f 3997/314/3105 3998/316/3105 3999/315/3105 
f 4000/317/3105 4001/319/3105 4002/318/3105 
f 4001/319/3105 3998/316/3105 3997/314/3105 
f 4001/319/3105 4000/317/3105 3998/316/3105 
f 4003/309/3106 4004/311/3107 4005/310/3108 
f 4006/312/3109 4003/309/3106 4005/310/3108 
f 4007/313/3110 4006/312/3109 4005/310/3108 
f 4007/313/3110 4005/310/3108 4004/311/3107 
f 4008/309/3111 4009/310/3112 4010/311/3113 
f 4011/312/3114 4009/310/3112 4008/309/3111 
f 4012/313/3115 4009/310/3112 4011/312/3114 
f 4012/313/3115 4010/311/3113 4009/310/3112 
f 4013/309/3116 4014/311/3117 4015/310/3118 
f 4016/312/3119 4013/309/3116 4015/310/3118 
f 4017/313/3120 4016/312/3119 4015/310/3118 
f 4017/313/3120 4015/310/3118 4014/311/3117 
f 4018/403/3121 4019/404/3121 4020/405/3121 
f 4021/406/3121 4022/407/3121 4023/408/3121 
f 4022/407/3121 4019/404/3121 4018/403/3121 
f 4022/407/3121 4021/406/3121 4019/404/3121 
f 4024/314/3122 4025/315/3122 4026/316/3122 
f 4027/317/3122 4028/318/3122 4029/319/3122 
f 4029/319/3122 4024/314/3122 4026/316/3122 
f 4029/319/3122 4026/316/3122 4027/317/3122 
f 4030/304/3123 4031/306/3124 4032/305/3125 
f 4033/307/3126 4030/304/3123 4032/305/3125 
f 4034/308/3127 4033/307/3126 4032/305/3125 
f 4034/308/3127 4032/305/3125 4031/306/3124 
f 4035/314/3128 4036/316/3128 4037/315/3128 
f 4038/317/3128 4039/319/3128 4040/318/3128 
f 4039/319/3128 4036/316/3128 4035/314/3128 
f 4039/319/3128 4038/317/3128 4036/316/3128 
f 4041/304/3129 4042/306/3130 4043/305/3131 
f 4044/307/3132 4041/304/3129 4043/305/3131 
f 4045/308/3133 4044/307/3132 4043/305/3131 
f 4045/308/3133 4043/305/3131 4042/306/3130 
f 4046/403/3134 4047/405/3134 4048/404/3134 
f 4049/406/3134 4050/408/3134 4051/407/3134 
f 4051/407/3134 4046/403/3134 4048/404/3134 
f 4051/407/3134 4048/404/3134 4049/406/3134 
f 4052/309/3135 4053/310/3136 4054/311/3137 
f 4055/312/3138 4053/310/3136 4052/309/3135 
f 4056/313/3139 4053/310/3136 4055/312/3138 
f 4056/313/3139 4054/311/3137 4053/310/3136 
f 4057/314/3140 4058/315/3140 4059/316/3140 
f 4060/317/3140 4061/318/3140 4062/319/3140 
f 4062/319/3140 4057/314/3140 4059/316/3140 
f 4062/319/3140 4059/316/3140 4060/317/3140 
f 4063/403/3141 4064/405/3141 4065/404/3141 
f 4066/406/3141 4067/408/3141 4068/407/3141 
f 4068/407/3141 4063/403/3141 4065/404/3141 
f 4068/407/3141 4065/404/3141 4066/406/3141 
f 4069/309/3142 4070/310/3143 4071/311/3144 
f 4072/312/3145 4070/310/3143 4069/309/3142 
f 4073/313/3146 4070/310/3143 4072/312/3145 
f 4073/313/3146 4071/311/3144 4070/310/3143 
f 4074/304/3147 4075/306/3148 4076/305/3149 
f 4077/307/3150 4074/304/3147 4076/305/3149 
f 4078/308/3151 4077/307/3150 4076/305/3149 
f 4078/308/3151 4076/305/3149 4075/306/3148 
f 4079/304/3152 4080/305/3153 4081/306/3154 
f 4082/307/3155 4080/305/3153 4079/304/3152 
f 4083/308/3156 4080/305/3153 4082/307/3155 
f 4083/308/3156 4081/306/3154 4080/305/3153 
f 4084/309/3157 4085/311/3158 4086/310/3159 
f 4087/312/3160 4084/309/3157 4086/310/3159 
f 4088/313/3161 4087/312/3160 4086/310/3159 
f 4088/313/3161 4086/310/3159 4085/311/3158 
f 4089/314/3162 4090/316/3162 4091/315/3162 
f 4092/317/3162 4093/319/3162 4094/318/3162 
f 4093/319/3162 4090/316/3162 4089/314/3162 
f 4093/319/3162 4092/317/3162 4090/316/3162 
f 4095/309/3163 4096/311/3164 4097/310/3165 
f 4098/312/3166 4095/309/3163 4097/310/3165 
f 4099/313/3167 4098/312/3166 4097/310/3165 
f 4099/313/3167 4097/310/3165 4096/311/3164 
f 4100/403/3168 4101/404/3168 4102/405/3168 
f 4103/406/3168 4104/407/3168 4105/408/3168 
f 4104/407/3168 4101/404/3168 4100/403/3168 
f 4104/407/3168 4103/406/3168 4101/404/3168 
f 4106/309/3169 4107/311/3170 4108/310/3171 
f 4109/312/3172 4106/309/3169 4108/310/3171 
f 4110/313/3173 4109/312/3172 4108/310/3171 
f 4110/313/3173 4108/310/3171 4107/311/3170 
f 4111/403/3174 4112/404/3174 4113/405/3174 
f 4114/406/3174 4115/407/3174 4116/408/3174 
f 4115/407/3174 4112/404/3174 4111/403/3174 
f 4115/407/3174 4114/406/3174 4112/404/3174 
f 4117/403/3175 4118/405/3175 4119/404/3175 
f 4120/406/3175 4121/408/3175 4122/407/3175 
f 4122/407/3175 4117/403/3175 4119/404/3175 
f 4122/407/3175 4119/404/3175 4120/406/3175 
f 4123/403/3176 4124/404/3176 4125/405/3176 
f 4126/406/3176 4127/407/3176 4128/408/3176 
f 4127/407/3176 4124/404/3176 4123/403/3176 
f 4127/407/3176 4126/406/3176 4124/404/3176 
f 4129/309/3177 4130/311/3178 4131/310/3179 
f 4132/312/3180 4129/309/3177 4131/310/3179 
f 4133/313/3181 4132/312/3180 4131/310/3179 
f 4133/313/3181 4131/310/3179 4130/311/3178 
f 4134/309/3182 4135/310/3183 4136/311/3184 
f 4137/312/3185 4135/310/3183 4134/309/3182 
f 4138/313/3186 4135/310/3183 4137/312/3185 
f 4138/313/3186 4136/311/3184 4135/310/3183 
f 4139/309/3187 4140/311/3188 4141/310/3189 
f 4142/312/3190 4139/309/3187 4141/310/3189 
f 4143/313/3191 4142/312/3190 4141/310/3189 
f 4143/313/3191 4141/310/3189 4140/311/3188 
f 4144/403/3192 4145/404/3192 4146/405/3192 
f 4147/406/3192 4148/407/3192 4149/408/3192 
f 4148/407/3192 4145/404/3192 4144/403/3192 
f 4148/407/3192 4147/406/3192 4145/404/3192 
f 4150/314/3193 4151/315/3193 4152/316/3193 
f 4153/317/3193 4154/318/3193 4155/319/3193 
f 4155/319/3193 4150/314/3193 4152/316/3193 
f 4155/319/3193 4152/316/3193 4153/317/3193 
f 4156/314/3194 4157/316/3194 4158/315/3194 
f 4159/317/3194 4160/319/3194 4161/318/3194 
f 4160/319/3194 4157/316/3194 4156/314/3194 
f 4160/319/3194 4159/317/3194 4157/316/3194 
f 4162/403/3195 4163/405/3195 4164/404/3195 
f 4165/406/3195 4166/408/3195 4167/407/3195 
f 4167/407/3195 4162/403/3195 4164/404/3195 
f 4167/407/3195 4164/404/3195 4165/406/3195 
f 4168/314/3196 4169/316/3196 4170/315/3196 
f 4171/317/3196 4172/319/3196 4173/318/3196 
f 4172/319/3196 4169/316/3196 4168/314/3196 
f 4172/319/3196 4171/317/3196 4169/316/3196 
f 4174/304/3197 4175/306/3198 4176/305/3199 
f 4177/307/3200 4174/304/3197 4176/305/3199 
f 4178/308/3201 4177/307/3200 4176/305/3199 
f 4178/308/3201 4176/305/3199 4175/306/3198 
f 4179/304/3202 4180/305/3203 4181/306/3204 
f 4182/307/3205 4180/305/3203 4179/304/3202 
f 4183/308/3206 4180/305/3203 4182/307/3205 
f 4183/308/3206 4181/306/3204 4180/305/3203 
f 4184/403/3207 4185/405/3207 4186/404/3207 
f 4187/406/3207 4188/408/3207 4189/407/3207 
f 4189/407/3207 4184/403/3207 4186/404/3207 
f 4189/407/3207 4186/404/3207 4187/406/3207 
f 4190/304/3208 4191/305/3209 4192/306/3210 
f 4193/307/3211 4191/305/3209 4190/304/3208 
f 4194/308/3212 4191/305/3209 4193/307/3211 
f 4194/308/3212 4192/306/3210 4191/305/3209 
f 4195/314/3213 4196/315/3213 4197/316/3213 
f 4198/317/3213 4199/318/3213 4200/319/3213 
f 4200/319/3213 4195/314/3213 4197/316/3213 
f 4200/319/3213 4197/316/3213 4198/317/3213 
f 4201/304/3214 4202/305/3215 4203/306/3216 
f 4204/307/3217 4202/305/3215 4201/304/3214 
f 4205/308/3218 4202/305/3215 4204/307/3217 
f 4205/308/3218 4203/306/3216 4202/305/3215 
f 4206/403/3219 4207/405/3219 4208/404/3219 
f 4209/406/3219 4210/408/3219 4211/407/3219 
f 4211/407/3219 4206/403/3219 4208/404/3219 
f 4211/407/3219 4208/404/3219 4209/406/3219 
f 324/321/333 4212/1536/3220 326/323/335 
f 4213/1537/3221 326/323/335 4212/1536/3220 
f 326/323/335 4213/1537/3221 328/325/337 
f 4214/1538/3222 328/325/337 4213/1537/3221 
f 328/325/337 4214/1538/3222 330/327/339 
f 4215/1539/3223 330/327/339 4214/1538/3222 
f 330/327/339 4215/1539/3223 332/329/341 
f 4216/1540/3224 332/329/341 4215/1539/3223 
f 332/329/341 4216/1540/3224 334/331/343 
f 4217/1541/3225 334/331/343 4216/1540/3224 
f 334/331/343 4217/1541/3225 336/333/345 
f 4218/1542/3226 336/333/345 4217/1541/3225 
f 336/333/345 4218/1542/3226 338/335/347 
f 4219/1543/3227 338/335/347 4218/1542/3226 
f 338/335/347 4219/1543/3227 324/337/333 
f 4212/1544/3220 324/337/333 4219/1543/3227 
f 405/410/418 4220/1545/3228 407/412/420 
f 4221/1546/3229 407/412/420 4220/1545/3228 
f 407/412/420 4221/1546/3229 409/414/422 
f 4222/1547/3230 409/414/422 4221/1546/3229 
f 409/414/422 4222/1547/3230 411/416/424 
f 4223/1548/3231 411/416/424 4222/1547/3230 
f 411/416/424 4223/1548/3231 413/418/426 
f 4224/1549/3232 413/418/426 4223/1548/3231 
f 413/418/426 4224/1549/3232 415/420/428 
f 4225/1550/3233 415/420/428 4224/1549/3232 
f 415/420/428 4225/1550/3233 417/422/430 
f 4226/1551/3234 417/422/430 4225/1550/3233 
f 417/422/430 4226/1551/3234 419/424/432 
f 4227/1552/3235 419/424/432 4226/1551/3234 
f 419/424/432 4227/1552/3235 405/426/418 
f 4220/1553/3228 405/426/418 4227/1552/3235 
f 497/505/506 4228/1554/3236 499/507/508 
f 4229/1555/3237 499/507/508 4228/1554/3236 
f 499/507/508 4229/1555/3237 501/509/510 
f 4230/1556/3238 501/509/510 4229/1555/3237 
f 501/509/510 4230/1556/3238 503/511/512 
f 4231/1557/3239 503/511/512 4230/1556/3238 
f 503/511/512 4231/1557/3239 505/513/514 
f 4232/1558/3240 505/513/514 4231/1557/3239 
f 505/513/514 4232/1558/3240 507/515/516 
f 4233/1559/3241 507/515/516 4232/1558/3240 
f 507/515/516 4233/1559/3241 509/517/518 
f 4234/1560/3242 509/517/518 4233/1559/3241 
f 509/517/518 4234/1560/3242 511/519/520 
f 4235/1561/3243 511/519/520 4234/1560/3242 
f 511/519/520 4235/1561/3243 497/521/506 
f 4228/1562/3236 497/521/506 4235/1561/3243 
f 583/591/588 4236/1563/3244 585/593/590 
f 4237/1564/3245 585/593/590 4236/1563/3244 
f 585/593/590 4237/1564/3245 587/595/592 
f 4238/1565/3246 587/595/592 4237/1564/3245 
f 587/595/592 4238/1565/3246 589/597/594 
f 4239/1566/3247 589/597/594 4238/1565/3246 
f 589/597/594 4239/1566/3247 591/599/596 
f 4240/1567/3248 591/599/596 4239/1566/3247 
f 591/599/596 4240/1567/3248 593/601/598 
f 4241/1568/3249 593/601/598 4240/1567/3248 
f 593/601/598 4241/1568/3249 595/603/600 
f 4242/1569/3250 595/603/600 4241/1568/3249 
f 595/603/600 4242/1569/3250 597/605/602 
f 4243/1570/3251 597/605/602 4242/1569/3250 
f 597/605/602 4243/1570/3251 583/607/588 
f 4236/1571/3244 583/607/588 4243/1570/3251 
f 665/674/666 4244/1572/3252 667/676/668 
f 4245/1573/3253 667/676/668 4244/1572/3252 
f 667/676/668 4245/1573/3253 669/678/670 
f 4246/1574/3254 669/678/670 4245/1573/3253 
f 669/678/670 4246/1574/3254 671/680/672 
f 4247/1575/3255 671/680/672 4246/1574/3254 
f 671/680/672 4247/1575/3255 673/682/674 
f 4248/1576/3256 673/682/674 4247/1575/3255 
f 673/682/674 4248/1576/3256 675/684/676 
f 4249/1577/3257 675/684/676 4248/1576/3256 
f 675/684/676 4249/1577/3257 677/686/678 
f 4250/1578/3258 677/686/678 4249/1577/3257 
f 677/686/678 4250/1578/3258 665/688/666 
f 4244/1579/3252 665/688/666 4250/1578/3258 
f 718/708/707 4251/1580/3259 720/710/709 
f 4252/1581/3260 720/710/709 4251/1580/3259 
f 720/710/709 4252/1581/3260 722/712/711 
f 4253/1582/3261 722/712/711 4252/1581/3260 
f 722/712/711 4253/1582/3261 724/714/713 
f 4254/1583/3262 724/714/713 4253/1582/3261 
f 724/714/713 4254/1583/3262 726/716/715 
f 4255/1584/3263 726/716/715 4254/1583/3262 
f 726/716/715 4255/1584/3263 728/718/717 
f 4256/1585/3264 728/718/717 4255/1584/3263 
f 728/718/717 4256/1585/3264 730/720/719 
f 4257/1586/3265 730/720/719 4256/1585/3264 
f 730/720/719 4257/1586/3265 732/722/721 
f 4258/1587/3266 732/722/721 4257/1586/3265 
f 732/722/721 4258/1587/3266 718/724/707 
f 4251/1588/3259 718/724/707 4258/1587/3266 
f 801/790/789 4259/1589/3267 803/792/791 
f 4260/1590/3268 803/792/791 4259/1589/3267 
f 803/792/791 4260/1590/3268 805/794/793 
f 4261/1591/3269 805/794/793 4260/1590/3268 
f 805/794/793 4261/1591/3269 807/796/795 
f 4262/1592/3270 807/796/795 4261/1591/3269 
f 807/796/795 4262/1592/3270 809/798/797 
f 4263/1593/3271 809/798/797 4262/1592/3270 
f 809/798/797 4263/1593/3271 811/800/799 
f 4264/1594/3272 811/800/799 4263/1593/3271 
f 811/800/799 4264/1594/3272 813/802/801 
f 4265/1595/3273 813/802/801 4264/1594/3272 
f 813/802/801 4265/1595/3273 815/804/803 
f 4266/1596/3274 815/804/803 4265/1595/3273 
f 815/804/803 4266/1596/3274 801/806/789 
f 4259/1597/3267 801/806/789 4266/1596/3274 
f 948/965/948 4267/1598/3275 950/967/950 
f 4268/1599/3276 950/967/950 4267/1598/3275 
f 950/967/950 4268/1599/3276 952/969/952 
f 4269/1600/3277 952/969/952 4268/1599/3276 
f 952/969/952 4269/1600/3277 954/971/954 
f 4270/1601/3278 954/971/954 4269/1600/3277 
f 954/971/954 4270/1601/3278 956/973/956 
f 4271/1602/3279 956/973/956 4270/1601/3278 
f 956/973/956 4271/1602/3279 958/975/958 
f 4272/1603/3280 958/975/958 4271/1602/3279 
f 958/975/958 4272/1603/3280 960/977/960 
f 4273/1604/3281 960/977/960 4272/1603/3280 
f 960/977/960 4273/1604/3281 948/979/948 
f 4267/1605/3275 948/979/948 4273/1604/3281 
f 987/989/984 4274/1606/3282 989/991/986 
f 4275/1607/3283 989/991/986 4274/1606/3282 
f 989/991/986 4275/1607/3283 991/993/988 
f 4276/1608/3284 991/993/988 4275/1607/3283 
f 991/993/988 4276/1608/3284 993/995/990 
f 4277/1609/3285 993/995/990 4276/1608/3284 
f 993/995/990 4277/1609/3285 995/997/992 
f 4278/1610/3286 995/997/992 4277/1609/3285 
f 995/997/992 4278/1610/3286 997/999/994 
f 4279/1611/3287 997/999/994 4278/1610/3286 
f 997/999/994 4279/1611/3287 987/1001/984 
f 4274/1612/3282 987/1001/984 4279/1611/3287 
f 1049/1052/1042 4280/1613/3288 1051/1054/1044 
f 4281/1614/3289 1051/1054/1044 4280/1613/3288 
f 1051/1054/1044 4281/1614/3289 1053/1056/1046 
f 4282/1615/3290 1053/1056/1046 4281/1614/3289 
f 1053/1056/1046 4282/1615/3290 1055/1058/1048 
f 4283/1616/3291 1055/1058/1048 4282/1615/3290 
f 1055/1058/1048 4283/1616/3291 1057/1060/1050 
f 4284/1617/3292 1057/1060/1050 4283/1616/3291 
f 1057/1060/1050 4284/1617/3292 1059/1062/1052 
f 4285/1618/3293 1059/1062/1052 4284/1617/3292 
f 1059/1062/1052 4285/1618/3293 1049/1064/1042 
f 4280/1619/3288 1049/1064/1042 4285/1618/3293 
f 1090/1083/1078 4286/1620/3294 1092/1085/1080 
f 4287/1621/3295 1092/1085/1080 4286/1620/3294 
f 1092/1085/1080 4287/1621/3295 1094/1087/1082 
f 4288/1622/3296 1094/1087/1082 4287/1621/3295 
f 1094/1087/1082 4288/1622/3296 1096/1089/1084 
f 4289/1623/3297 1096/1089/1084 4288/1622/3296 
f 1096/1089/1084 4289/1623/3297 1098/1091/1086 
f 4290/1624/3298 1098/1091/1086 4289/1623/3297 
f 1098/1091/1086 4290/1624/3298 1100/1093/1088 
f 4291/1625/3299 1100/1093/1088 4290/1624/3298 
f 1100/1093/1088 4291/1625/3299 1090/1095/1078 
f 4286/1626/3294 1090/1095/1078 4291/1625/3299 
f 1146/1140/1135 4292/1627/3300 1148/1142/1137 
f 4293/1628/3301 1148/1142/1137 4292/1627/3300 
f 1148/1142/1137 4293/1628/3301 1150/1144/1139 
f 4294/1629/3302 1150/1144/1139 4293/1628/3301 
f 1150/1144/1139 4294/1629/3302 1152/1146/1141 
f 4295/1630/3303 1152/1146/1141 4294/1629/3302 
f 1152/1146/1141 4295/1630/3303 1154/1148/1143 
f 4296/1631/3304 1154/1148/1143 4295/1630/3303 
f 1154/1148/1143 4296/1631/3304 1156/1150/1145 
f 4297/1632/3305 1156/1150/1145 4296/1631/3304 
f 1156/1150/1145 4297/1632/3305 1146/1152/1135 
f 4292/1633/3300 1146/1152/1135 4297/1632/3305 
f 1202/1197/1192 4298/1634/3306 1204/1199/1194 
f 4299/1635/3307 1204/1199/1194 4298/1634/3306 
f 1204/1199/1194 4299/1635/3307 1206/1201/1196 
f 4300/1636/3308 1206/1201/1196 4299/1635/3307 
f 1206/1201/1196 4300/1636/3308 1208/1203/1198 
f 4301/1637/3309 1208/1203/1198 4300/1636/3308 
f 1208/1203/1198 4301/1637/3309 1210/1205/1200 
f 4302/1638/3310 1210/1205/1200 4301/1637/3309 
f 1210/1205/1200 4302/1638/3310 1212/1207/1202 
f 4303/1639/3311 1212/1207/1202 4302/1638/3310 
f 1212/1207/1202 4303/1639/3311 1202/1209/1192 
f 4298/1640/3306 1202/1209/1192 4303/1639/3311 
f 1262/1259/1253 4304/1641/3312 1264/1261/1255 
f 4305/1642/3313 1264/1261/1255 4304/1641/3312 
f 1264/1261/1255 4305/1642/3313 1266/1263/1257 
f 4306/1643/3314 1266/1263/1257 4305/1642/3313 
f 1266/1263/1257 4306/1643/3314 1268/1265/1259 
f 4307/1644/3315 1268/1265/1259 4306/1643/3314 
f 1268/1265/1259 4307/1644/3315 1270/1267/1261 
f 4308/1645/3316 1270/1267/1261 4307/1644/3315 
f 1270/1267/1261 4308/1645/3316 1272/1269/1263 
f 4309/1646/3317 1272/1269/1263 4308/1645/3316 
f 1272/1269/1263 4309/1646/3317 1262/1271/1253 
f 4304/1647/3312 1262/1271/1253 4309/1646/3317 
f 1333/1334/1329 4310/1648/3318 1335/1336/1331 
f 4311/1649/3319 1335/1336/1331 4310/1648/3318 
f 1335/1336/1331 4311/1649/3319 1337/1338/1333 
f 4312/1650/3320 1337/1338/1333 4311/1649/3319 
f 1337/1338/1333 4312/1650/3320 1339/1340/1335 
f 4313/1651/3321 1339/1340/1335 4312/1650/3320 
f 1339/1340/1335 4313/1651/3321 1341/1342/1337 
f 4314/1652/3322 1341/1342/1337 4313/1651/3321 
f 1341/1342/1337 4314/1652/3322 1343/1344/1339 
f 4315/1653/3323 1343/1344/1339 4314/1652/3322 
f 1343/1344/1339 4315/1653/3323 1333/1346/1329 
f 4310/1654/3318 1333/1346/1329 4315/1653/3323 
f 1385/1383/1371 4316/1655/3324 1387/1385/1373 
f 4317/1656/3325 1387/1385/1373 4316/1655/3324 
f 1387/1385/1373 4317/1656/3325 1388/1386/1374 
f 4318/1657/3326 1388/1386/1374 4317/1656/3325 
f 1388/1386/1374 4318/1657/3326 1390/1388/1376 
f 4319/1658/3327 1390/1388/1376 4318/1657/3326 
f 1390/1388/1376 4319/1658/3327 1392/1390/1378 
f 4320/1659/3328 1392/1390/1378 4319/1658/3327 
f 1392/1390/1378 4320/1659/3328 1393/1391/1379 
f 4321/1660/3329 1393/1391/1379 4320/1659/3328 
f 1393/1391/1379 4321/1660/3329 1385/1393/1371 
f 4316/1661/3324 1385/1393/1371 4321/1660/3329 
f 1421/1427/1407 1420/1426/1406 4322/1662/3330 
f 1459/1482/1445 4323/1663/3331 1461/1484/1447 
f 4324/1664/3332 1461/1484/1447 4323/1663/3331 
f 1461/1484/1447 4324/1664/3332 1463/1486/1449 
f 4325/1665/3333 1463/1486/1449 4324/1664/3332 
f 1463/1486/1449 4325/1665/3333 1465/1488/1451 
f 4326/1666/3334 1465/1488/1451 4325/1665/3333 
f 1465/1488/1451 4326/1666/3334 1467/1490/1453 
f 4327/1667/3335 1467/1490/1453 4326/1666/3334 
f 1467/1490/1453 4327/1667/3335 1459/1492/1445 
f 4323/1668/3331 1459/1492/1445 4327/1667/3335 
f 1419/1425/1405 4328/1669/3336 4322/1662/3330 
f 4329/1670/3337 4322/1662/3330 4328/1669/3336 
f 4322/1662/3330 4329/1670/3337 1421/1427/1407 
f 4330/1671/3338 1421/1427/1407 4329/1670/3337 
f 1438/1456/1424 4331/1672/3339 1440/1458/1426 
f 4332/1673/3340 1440/1458/1426 4331/1672/3339 
f 1440/1458/1426 4332/1673/3340 1442/1460/1428 
f 4333/1674/3341 1442/1460/1428 4332/1673/3340 
f 1442/1460/1428 4333/1674/3341 1444/1462/1430 
f 4334/1675/3342 1444/1462/1430 4333/1674/3341 
f 1444/1462/1430 4334/1675/3342 1446/1464/1432 
f 4335/1676/3343 1446/1464/1432 4334/1675/3342 
f 1446/1464/1432 4335/1676/3343 1438/1466/1424 
f 4331/1677/3339 1438/1466/1424 4335/1676/3343 
f 1421/1427/1407 4330/1671/3338 1414/1429/1400 
f 4336/1678/3344 1414/1429/1400 4330/1671/3338 
f 1414/1420/1400 4336/1679/3344 1416/1422/1402 
f 4337/1680/3345 1416/1422/1402 4336/1679/3344 
f 1416/1422/1402 4337/1680/3345 1417/1423/1403 
f 1473/1499/1459 4338/1681/3346 1475/1501/1461 
f 4339/1682/3347 1475/1501/1461 4338/1681/3346 
f 1475/1501/1461 4339/1682/3347 1477/1503/1463 
f 4340/1683/3348 1477/1503/1463 4339/1682/3347 
f 1477/1503/1463 4340/1683/3348 1479/1505/1465 
f 4341/1684/3349 1479/1505/1465 4340/1683/3348 
f 1479/1505/1465 4341/1684/3349 1481/1507/1467 
f 4342/1685/3350 1481/1507/1467 4341/1684/3349 
f 1481/1507/1467 4342/1685/3350 1473/1509/1459 
f 4338/1686/3346 1473/1509/1459 4342/1685/3350 
f 4343/1687/3351 1417/1423/1403 4337/1680/3345 
f 1417/1423/1403 4343/1687/3351 1419/1425/1405 
f 4328/1669/3336 1419/1425/1405 4343/1687/3351 
f 4322/1662/3330 1420/1426/1406 1419/1425/1405 
# 0 polygons - 4475 triangles

