# Blender 5.1.0
# www.blender.org
mtllib butacas.mtl
o herreria
v -7.503269 -0.557087 -10.864794
v -7.503269 4.107850 -10.864794
v -7.503269 -0.557087 -10.724520
v -7.503269 3.962258 -10.724520
v -7.590907 -0.557087 -10.864794
v -7.590907 4.107850 -10.864794
v -7.590907 -0.557087 -10.724520
v -7.590907 3.962258 -10.724520
v -7.503271 -0.557087 -12.200021
v -7.503269 5.493691 -12.200020
v -7.503271 -0.557087 -12.059747
v -7.503269 5.348100 -12.059746
v -7.590909 -0.557087 -12.200021
v -7.590909 5.493691 -12.200020
v -7.590909 -0.557087 -12.059747
v -7.590909 5.348100 -12.059746
v -7.503269 -0.557087 -13.535247
v -7.503269 6.879533 -13.535247
v -7.503269 -0.557087 -13.394973
v -7.503269 6.733942 -13.394973
v -7.590907 -0.557087 -13.535247
v -7.590909 6.879533 -13.535247
v -7.590907 -0.557087 -13.394973
v -7.590909 6.733942 -13.394973
v -7.503271 -0.557087 -14.870474
v -7.503269 8.119782 -14.870473
v -7.503271 -0.557087 -14.730200
v -7.503269 8.119783 -14.730199
v -7.590909 -0.557087 -14.870474
v -7.590909 8.119782 -14.870473
v -7.590909 -0.557087 -14.730200
v -7.590909 8.119783 -14.730199
v -7.503269 4.102532 -10.724520
v -7.503269 3.962258 -10.724520
v -7.590907 4.102532 -10.724520
v -7.590907 3.962258 -10.724520
v -7.503269 8.260056 -14.730199
v -7.503269 8.119782 -14.730199
v -7.590907 8.260056 -14.730199
v -7.590907 8.119782 -14.730199
v -7.503269 8.260056 -15.731443
v -7.503269 8.119782 -15.731443
v -7.590907 8.260056 -15.731443
v -7.590907 8.119782 -15.731443
v -7.503269 8.260056 -15.819050
v -7.503269 8.119782 -15.819050
v -7.590907 8.260056 -15.819050
v -7.590907 8.119782 -15.819050
v 6.916005 -0.557087 -10.864794
v 6.916005 4.107850 -10.864794
v 6.916005 -0.557087 -10.724520
v 6.916005 3.962258 -10.724520
v 7.003643 -0.557087 -10.864794
v 7.003643 4.107850 -10.864794
v 7.003643 -0.557087 -10.724520
v 7.003643 3.962258 -10.724520
v 6.916008 -0.557087 -12.200021
v 6.916005 5.493691 -12.200020
v 6.916008 -0.557087 -12.059747
v 6.916005 5.348100 -12.059746
v 7.003646 -0.557087 -12.200021
v 7.003646 5.493691 -12.200020
v 7.003646 -0.557087 -12.059747
v 7.003646 5.348100 -12.059746
v 6.916005 -0.557087 -13.535247
v 6.916005 6.879533 -13.535247
v 6.916005 -0.557087 -13.394973
v 6.916005 6.733942 -13.394973
v 7.003643 -0.557087 -13.535247
v 7.003646 6.879533 -13.535247
v 7.003643 -0.557087 -13.394973
v 7.003646 6.733942 -13.394973
v 6.916008 -0.557087 -14.870474
v 6.916005 8.119782 -14.870473
v 6.916008 -0.557087 -14.730200
v 6.916005 8.119783 -14.730199
v 7.003646 -0.557087 -14.870474
v 7.003646 8.119782 -14.870473
v 7.003646 -0.557087 -14.730200
v 7.003646 8.119783 -14.730199
v 6.916005 4.102532 -10.724520
v 6.916005 3.962258 -10.724520
v 7.003643 4.102532 -10.724520
v 7.003643 3.962258 -10.724520
v 6.916005 8.260056 -14.730199
v 6.916005 8.119782 -14.730199
v 7.003643 8.260056 -14.730199
v 7.003643 8.119782 -14.730199
v 6.916005 8.260056 -15.731443
v 6.916005 8.119782 -15.731443
v 7.003643 8.260056 -15.731443
v 7.003643 8.119782 -15.731443
v 6.916005 8.260056 -15.819050
v 6.916005 8.119782 -15.819050
v 7.003643 8.260056 -15.819050
v 7.003643 8.119782 -15.819050
v -2.743299 -0.694372 -11.225661
v -2.743299 4.079703 -14.868164
v -2.743299 -0.609284 -11.114141
v -2.743299 4.164791 -14.756643
v -2.830936 -0.694372 -11.225661
v -2.830937 4.079703 -14.868164
v -2.830936 -0.609284 -11.114141
v -2.830937 4.164791 -14.756642
v 2.156036 -0.694372 -11.225661
v 2.156036 4.079703 -14.868164
v 2.156036 -0.609284 -11.114141
v 2.156036 4.164791 -14.756643
v 2.243674 -0.694372 -11.225661
v 2.243675 4.079703 -14.868164
v 2.243674 -0.609284 -11.114141
v 2.243675 4.164791 -14.756642
v 2.156491 3.911756 -12.726945
v 2.156491 3.911756 -14.203275
v 2.016216 3.911756 -12.726945
v 2.016216 3.911756 -14.203275
v 2.156491 3.824117 -12.726945
v 2.156491 3.824117 -14.203275
v 2.016216 3.824117 -12.726945
v 2.016216 3.824117 -14.203275
v -2.603024 3.911756 -12.726945
v -2.603024 3.911756 -14.203275
v -2.743299 3.911756 -12.726945
v -2.743299 3.911756 -14.203275
v -2.603024 3.824117 -12.726945
v -2.603024 3.824117 -14.203275
v -2.743299 3.824117 -12.726945
v -2.743299 3.824117 -14.203275
v 2.016215 -0.557088 -13.535248
v 2.016216 3.824117 -13.535247
v 2.016215 -0.557088 -13.394974
v 2.016216 3.824117 -13.394973
v 2.103853 -0.557088 -13.535248
v 2.103854 3.824117 -13.535247
v 2.103853 -0.557088 -13.394974
v 2.103854 3.824117 -13.394973
v -2.743299 -0.557088 -13.535248
v -2.743299 3.824117 -13.535247
v -2.743299 -0.557088 -13.394974
v -2.743299 3.824117 -13.394973
v -2.655662 -0.557088 -13.535248
v -2.655661 3.824117 -13.535247
v -2.655662 -0.557088 -13.394974
v -2.655661 3.824117 -13.394973
v 2.156491 2.525915 -11.391719
v 2.156491 2.525915 -12.868049
v 2.016216 2.525915 -11.391719
v 2.016216 2.525915 -12.868049
v 2.156491 2.438276 -11.391719
v 2.156491 2.438276 -12.868049
v 2.016216 2.438276 -11.391719
v 2.016216 2.438276 -12.868049
v -2.603024 2.525915 -11.391719
v -2.603024 2.525915 -12.868049
v -2.743299 2.525915 -11.391719
v -2.743299 2.525915 -12.868049
v -2.603024 2.438276 -11.391719
v -2.603024 2.438276 -12.868049
v -2.743299 2.438276 -11.391719
v -2.743299 2.438276 -12.868049
v 2.016215 -0.557089 -12.200021
v 2.016216 2.438276 -12.200021
v 2.016215 -0.557088 -12.059747
v 2.016216 2.438276 -12.059747
v 2.103853 -0.557089 -12.200021
v 2.103854 2.438276 -12.200021
v 2.103853 -0.557088 -12.059747
v 2.103854 2.438276 -12.059747
v -2.743299 -0.557089 -12.200021
v -2.743299 2.438276 -12.200021
v -2.743299 -0.557088 -12.059747
v -2.743299 2.438276 -12.059747
v -2.655662 -0.557089 -12.200021
v -2.655661 2.438276 -12.200021
v -2.655662 -0.557088 -12.059747
v -2.655661 2.438276 -12.059747
v 2.156491 1.140073 -10.056492
v 2.156491 1.140073 -11.532822
v 2.016216 1.140073 -10.056492
v 2.016216 1.140073 -11.532822
v 2.156491 1.052434 -10.056492
v 2.156491 1.052434 -11.532822
v 2.016216 1.052434 -10.056492
v 2.016216 1.052434 -11.532822
v -2.603024 1.140073 -10.056492
v -2.603024 1.140073 -11.532822
v -2.743299 1.140073 -10.056492
v -2.743299 1.140073 -11.532822
v -2.603024 1.052434 -10.056492
v -2.603024 1.052434 -11.532822
v -2.743299 1.052434 -10.056492
v -2.743299 1.052434 -11.532822
v 2.016215 -0.557089 -10.864794
v 2.016216 1.052434 -10.864794
v 2.016215 -0.557088 -10.724520
v 2.016216 1.052434 -10.724520
v 2.103853 -0.557089 -10.864794
v 2.103854 1.052434 -10.864794
v 2.103853 -0.557088 -10.724520
v 2.103854 1.052434 -10.724520
v -2.743299 -0.557089 -10.864794
v -2.743299 1.052434 -10.864794
v -2.743299 -0.557088 -10.724520
v -2.743299 1.052434 -10.724520
v -2.655662 -0.557089 -10.864794
v -2.655661 1.052434 -10.864794
v -2.655662 -0.557088 -10.724520
v -2.655661 1.052434 -10.724520
v -7.503269 1.140073 -9.916218
v 6.916005 1.140073 -9.916218
v -7.503269 1.140073 -10.056492
v 6.916005 1.140073 -10.056492
v -7.503269 1.052434 -9.916218
v 6.916005 1.052434 -9.916218
v -7.503269 1.052434 -10.056492
v 6.916005 1.052434 -10.056492
v -7.503267 1.140073 -11.673096
v 6.916005 1.140073 -11.673095
v -7.503267 1.140073 -11.532821
v 6.916005 1.140073 -11.532821
v -7.503267 1.052434 -11.673096
v 6.916005 1.052435 -11.673096
v -7.503267 1.052434 -11.532821
v 6.916005 1.052434 -11.532821
v -7.362994 1.140073 -10.056492
v -7.362994 1.140073 -11.532822
v -7.503269 1.140073 -10.056492
v -7.503269 1.140073 -11.532821
v -7.362994 1.052434 -10.056492
v -7.362994 1.052434 -11.532822
v -7.503269 1.052434 -10.056492
v -7.503269 1.052434 -11.532821
v 6.916005 1.140073 -10.056492
v 6.916005 1.140073 -11.532822
v 6.775731 1.140073 -10.056492
v 6.775731 1.140073 -11.532821
v 6.916005 1.052434 -10.056492
v 6.916005 1.052434 -11.532822
v 6.775731 1.052434 -10.056492
v 6.775731 1.052434 -11.532821
v -7.503269 2.525915 -11.251445
v 6.916005 2.525915 -11.251445
v -7.503269 2.525915 -11.391719
v 6.916005 2.525915 -11.391719
v -7.503269 2.438276 -11.251445
v 6.916005 2.438276 -11.251445
v -7.503269 2.438276 -11.391719
v 6.916005 2.438276 -11.391719
v -7.503269 2.525915 -13.008322
v 6.916005 2.525915 -13.008322
v -7.503269 2.525915 -12.868048
v 6.916005 2.525914 -12.868048
v -7.503269 2.438276 -13.008322
v 6.916005 2.438276 -13.008322
v -7.503269 2.438276 -12.868048
v 6.916005 2.438276 -12.868048
v -7.362996 2.525915 -11.391719
v -7.362996 2.525915 -12.868048
v -7.503269 2.525915 -11.391719
v -7.503271 2.525915 -12.868048
v -7.362996 2.438276 -11.391719
v -7.362996 2.438276 -12.868048
v -7.503269 2.438276 -11.391719
v -7.503271 2.438276 -12.868048
v 6.916005 2.525915 -11.391719
v 6.916005 2.525914 -12.868048
v 6.775731 2.525915 -11.391719
v 6.775731 2.525914 -12.868048
v 6.916005 2.438276 -11.391719
v 6.916005 2.438276 -12.868048
v 6.775731 2.438276 -11.391719
v 6.775731 2.438276 -12.868048
v -7.503267 3.911756 -12.586671
v 6.916005 3.911756 -12.586671
v -7.503267 3.911757 -12.726945
v 6.916005 3.911756 -12.726945
v -7.503267 3.824118 -12.586671
v 6.916005 3.824117 -12.586671
v -7.503267 3.824118 -12.726945
v 6.916005 3.824118 -12.726945
v -7.503267 3.911756 -14.343548
v 6.916005 3.911756 -14.343549
v -7.503267 3.911756 -14.203275
v 6.916005 3.911756 -14.203275
v -7.503267 3.824117 -14.343548
v 6.916005 3.824117 -14.343549
v -7.503267 3.824118 -14.203275
v 6.916005 3.824118 -14.203275
v -7.362994 3.911756 -12.726945
v -7.362996 3.911756 -14.203275
v -7.503269 3.911756 -12.726945
v -7.503269 3.911756 -14.203275
v -7.362994 3.824118 -12.726945
v -7.362996 3.824118 -14.203275
v -7.503269 3.824118 -12.726945
v -7.503269 3.824118 -14.203275
v 6.916005 3.911756 -12.726945
v 6.916005 3.911756 -14.203275
v 6.775731 3.911756 -12.726945
v 6.775731 3.911756 -14.203275
v 6.916005 3.824118 -12.726945
v 6.916005 3.824118 -14.203275
v 6.775731 3.824117 -12.726945
v 6.775731 3.824118 -14.203275
v -7.503269 5.297598 -13.921898
v 6.916005 5.297598 -13.921898
v -7.503269 5.297598 -14.062172
v 6.916005 5.297598 -14.062172
v -7.503269 5.209960 -13.921898
v 6.916005 5.209960 -13.921898
v -7.503269 5.209960 -14.062172
v 6.916005 5.209960 -14.062172
v -7.503267 5.297598 -15.678776
v 6.916005 5.297598 -15.678776
v -7.503267 5.297598 -15.538501
v 6.916005 5.297598 -15.538502
v -7.503269 5.209960 -15.678776
v 6.916005 5.209959 -15.678776
v -7.503267 5.209960 -15.538501
v 6.916005 5.209960 -15.538502
v -7.362996 5.297598 -14.062172
v -7.362996 5.297598 -15.538501
v -7.503269 5.297598 -14.062172
v -7.503269 5.297598 -15.538501
v -7.362994 5.209960 -14.062172
v -7.362996 5.209960 -15.538501
v -7.503269 5.209960 -14.062172
v -7.503269 5.209960 -15.538501
v 6.916005 5.297598 -14.062172
v 6.916005 5.297598 -15.538502
v 6.775731 5.297598 -14.062172
v 6.775731 5.297598 -15.538502
v 6.916005 5.209960 -14.062172
v 6.916005 5.209960 -15.538502
v 6.775731 5.209960 -14.062172
v 6.775731 5.209960 -15.538502
v -7.476952 1.272384 -14.958112
v 6.889685 1.272383 -14.958113
v -7.476952 1.132110 -14.958112
v 6.889685 1.132110 -14.958113
v -7.476952 1.272384 -14.870474
v 6.889685 1.272383 -14.870474
v -7.476952 1.132110 -14.870474
v 6.889685 1.132110 -14.870474
v 6.840225 -0.558143 -14.730201
v 2.054549 3.654521 -14.730200
v 6.939145 -0.458683 -14.730200
v 2.153466 3.753980 -14.730200
v 6.840225 -0.558143 -14.642563
v 2.054549 3.654521 -14.642562
v 6.939145 -0.458683 -14.642563
v 2.153466 3.753980 -14.642562
v -7.427491 -0.558144 -14.730200
v -2.641813 3.654521 -14.730200
v -7.526409 -0.458684 -14.730201
v -2.740730 3.753979 -14.730200
v -7.427491 -0.558144 -14.642563
v -2.641813 3.654521 -14.642562
v -7.526409 -0.458684 -14.642563
v -2.740730 3.753979 -14.642562
v 2.150901 -0.558143 -14.730200
v -2.740730 3.747788 -14.730200
v 2.249818 -0.458683 -14.730200
v -2.641813 3.847246 -14.730200
v 2.150901 -0.558143 -14.642562
v -2.740730 3.747788 -14.642561
v 2.249818 -0.458684 -14.642562
v -2.641813 3.847246 -14.642561
v -2.738165 -0.558143 -14.730199
v 2.153466 3.747788 -14.730200
v -2.837082 -0.458683 -14.730200
v 2.054549 3.847246 -14.730200
v -2.738165 -0.558143 -14.642562
v 2.153466 3.747788 -14.642561
v -2.837082 -0.458684 -14.642562
v 2.054549 3.847246 -14.642561
v -7.600002 -0.557088 -10.724520
v 7.012739 -0.557088 -10.724520
v -7.600002 -0.557088 -10.935208
v 7.012739 -0.557088 -10.935208
v -7.600002 -0.697641 -10.724520
v 7.012739 -0.697641 -10.724520
v -7.600002 -0.697641 -10.935208
v 7.012739 -0.697641 -10.935207
v -7.600002 -0.557088 -15.608361
v 7.012739 -0.557088 -15.608361
v -7.600002 -0.557087 -15.819050
v 7.012739 -0.557088 -15.819050
v -7.600002 -0.697642 -15.608360
v 7.012739 -0.697641 -15.608360
v -7.600002 -0.697642 -15.819050
v 7.012739 -0.697641 -15.819050
v -2.785105 -0.697641 -15.608361
v -2.785105 -0.697642 -10.935207
v -2.574417 -0.697641 -15.608361
v -2.574417 -0.697642 -10.935207
v -2.785105 -0.557087 -15.608360
v -2.785105 -0.557087 -10.935207
v -2.574417 -0.557087 -15.608360
v -2.574417 -0.557087 -10.935207
v 2.197842 -0.697642 -15.608362
v 2.197840 -0.697642 -10.935208
v 1.987153 -0.697641 -15.608362
v 1.987152 -0.697641 -10.935208
v 2.197842 -0.557087 -15.608362
v 2.197842 -0.557087 -10.935207
v 1.987153 -0.557087 -15.608362
v 1.987152 -0.557089 -10.935208
v 2.260283 -0.464116 -14.642562
v 6.939145 3.654522 -14.642562
v 2.161366 -0.364656 -14.642562
v 6.840229 3.753979 -14.642562
v 2.260283 -0.464117 -14.730199
v 6.939145 3.654522 -14.730201
v 2.161366 -0.364657 -14.730199
v 6.840229 3.753979 -14.730201
v -2.847548 -0.464115 -14.642562
v -7.526409 3.654522 -14.642562
v -2.748631 -0.364656 -14.642562
v -7.427492 3.753980 -14.642562
v -2.847548 -0.464116 -14.730199
v -7.526409 3.654522 -14.730200
v -2.748631 -0.364657 -14.730199
v -7.427492 3.753980 -14.730200
v -7.600002 -0.697641 -15.608361
v -7.600002 -0.697642 -10.935207
v -7.389315 -0.697641 -15.608361
v -7.389315 -0.697642 -10.935207
v -7.600002 -0.557087 -15.608360
v -7.600002 -0.557087 -10.935207
v -7.389315 -0.557087 -15.608360
v -7.389315 -0.557087 -10.935207
v 7.012739 -0.697641 -15.608361
v 7.012739 -0.697642 -10.935207
v 6.802051 -0.697642 -15.608362
v 6.802051 -0.697642 -10.935207
v 7.012739 -0.557087 -15.608360
v 7.012739 -0.557087 -10.935207
v 6.802051 -0.557087 -15.608362
v 6.802051 -0.557087 -10.935207
v -7.301675 -0.694372 -11.225661
v -7.301675 4.079703 -14.868164
v -7.301675 -0.609284 -11.114141
v -7.301675 4.164791 -14.756643
v -7.389313 -0.694372 -11.225661
v -7.389315 4.079703 -14.868163
v -7.389313 -0.609284 -11.114141
v -7.389315 4.164791 -14.756642
v 6.714409 -0.694372 -11.225661
v 6.714409 4.079703 -14.868164
v 6.714409 -0.609284 -11.114141
v 6.714409 4.164791 -14.756643
v 6.802051 -0.694372 -11.225661
v 6.802047 4.079703 -14.868164
v 6.802051 -0.609284 -11.114141
v 6.802047 4.164791 -14.756643
v 2.156491 5.297598 -14.062172
v 2.156491 5.297598 -15.538502
v 2.016216 5.297598 -14.062172
v 2.016216 5.297598 -15.538502
v 2.156491 5.209960 -14.062172
v 2.156491 5.209960 -15.538502
v 2.016216 5.209960 -14.062172
v 2.016216 5.209960 -15.538502
v -2.603024 5.297598 -14.062172
v -2.603024 5.297598 -15.538502
v -2.743299 5.297598 -14.062172
v -2.743299 5.297598 -15.538502
v -2.603024 5.209960 -14.062172
v -2.603024 5.209960 -15.538502
v -2.743299 5.209960 -14.062172
v -2.743299 5.209960 -15.538502
v 2.016215 -0.557087 -14.870474
v 2.016216 5.209960 -14.870474
v 2.016215 -0.557087 -14.730200
v 2.016216 5.209960 -14.730200
v 2.103853 -0.557087 -14.870474
v 2.103854 5.209960 -14.870474
v 2.103853 -0.557087 -14.730200
v 2.103854 5.209960 -14.730200
v -2.743299 -0.557087 -14.870474
v -2.743299 5.209960 -14.870474
v -2.743299 -0.557087 -14.730200
v -2.743299 5.209960 -14.730200
v -2.655662 -0.557087 -14.870474
v -2.655661 5.209960 -14.870474
v -2.655662 -0.557087 -14.730200
v -2.655661 5.209960 -14.730200
v -7.476951 4.175084 -14.958112
v 6.889685 4.175083 -14.958113
v -7.476951 4.034810 -14.958112
v 6.889685 4.034810 -14.958113
v -7.476951 4.175084 -14.870474
v 6.889688 4.175083 -14.870474
v -7.476951 4.034810 -14.870474
v 6.889688 4.034810 -14.870474
v 2.016215 -0.557087 -15.819050
v 2.016216 8.119782 -15.819050
v 2.016215 -0.557087 -15.678776
v 2.016216 8.119782 -15.678776
v 2.103853 -0.557087 -15.819050
v 2.103854 8.119782 -15.819050
v 2.103853 -0.557087 -15.678776
v 2.103854 8.119782 -15.678776
v -2.743299 -0.557087 -15.819050
v -2.743299 8.119782 -15.819050
v -2.743299 -0.557087 -15.678776
v -2.743299 8.119782 -15.678776
v -2.655662 -0.557087 -15.819050
v -2.655661 8.119782 -15.819050
v -2.655662 -0.557087 -15.678776
v -2.655661 8.119782 -15.678776
v -7.590909 2.723933 -10.724520
v -7.590909 2.583659 -10.724520
v -7.678546 2.723933 -10.724520
v -7.678546 2.583659 -10.724520
v -7.590909 6.881458 -14.730199
v -7.590909 6.741184 -14.730199
v -7.678546 6.881458 -14.730199
v -7.678546 6.741184 -14.730199
v -7.590909 6.881458 -15.731443
v -7.590909 6.741184 -15.731443
v -7.678546 6.881458 -15.731443
v -7.678546 6.741184 -15.731443
v -7.590909 6.881458 -15.819050
v -7.590909 6.741184 -15.819050
v -7.678546 6.881458 -15.819050
v -7.678546 6.741184 -15.819050
v 7.003646 2.723933 -10.724520
v 7.003646 2.583659 -10.724520
v 7.091284 2.723933 -10.724520
v 7.091284 2.583659 -10.724520
v 7.003646 6.881458 -14.730199
v 7.003646 6.741184 -14.730199
v 7.091284 6.881458 -14.730199
v 7.091284 6.741184 -14.730199
v 7.003646 6.881458 -15.731443
v 7.003646 6.741184 -15.731443
v 7.091284 6.881458 -15.731443
v 7.091284 6.741184 -15.731443
v 7.003646 6.881458 -15.819050
v 7.003646 6.741184 -15.819050
v 7.091284 6.881458 -15.819050
v 7.091284 6.741184 -15.819050
vn 1.0000 -0.0000 -0.0000
vn -1.0000 -0.0000 -0.0000
vn -0.0000 0.6938 0.7201
vn -0.0000 -1.0000 -0.0000
vn -0.0000 -0.0000 1.0000
vn -0.0000 -0.0000 -1.0000
vn -0.0000 1.0000 -0.0000
vn -0.0000 -0.6938 -0.7201
vn -0.0000 0.7950 -0.6066
vn -0.0000 -0.7950 0.6066
vn -0.0000 0.6066 0.7950
vn -0.0000 -0.6066 -0.7950
vn -0.7090 0.7052 -0.0000
vn 0.7090 -0.7052 -0.0000
vn 0.6607 0.7506 -0.0000
vn -0.6607 -0.7506 -0.0000
vn 0.7090 0.7052 -0.0000
vn -0.7090 -0.7052 -0.0000
vn -0.6607 0.7506 -0.0000
vn 0.6607 -0.7506 -0.0000
vt 0.083468 0.660723
vt 0.083468 0.868995
vt 0.077205 0.862495
vt 0.077205 0.660722
vt 0.314384 0.869807
vt 0.308121 0.869807
vt 0.308121 0.668035
vt 0.314384 0.661535
vt 0.971105 0.300462
vt 0.975017 0.300462
vt 0.975017 0.306962
vt 0.971105 0.306962
vt 0.029301 0.966056
vt 0.025389 0.966056
vt 0.025389 0.959793
vt 0.029301 0.959793
vt 0.975017 0.508735
vt 0.971105 0.508735
vt 0.971105 0.003043
vt 0.975017 0.003043
vt 0.975017 0.211315
vt 0.971104 0.211315
vt 0.648055 0.650547
vt 0.648055 0.920693
vt 0.641793 0.914193
vt 0.641793 0.650547
vt 0.842717 0.920693
vt 0.836454 0.920693
vt 0.836454 0.657047
vt 0.842717 0.650547
vt 0.720391 0.923043
vt 0.716478 0.923043
vt 0.716478 0.916543
vt 0.720391 0.916543
vt 0.621009 0.966269
vt 0.617097 0.966269
vt 0.617097 0.960007
vt 0.621009 0.960007
vt 0.716478 0.652897
vt 0.720391 0.652897
vt 0.826456 0.650547
vt 0.830369 0.650547
vt 0.830369 0.920693
vt 0.826456 0.920693
vt 0.143398 0.306544
vt 0.143398 0.638563
vt 0.137136 0.632063
vt 0.137136 0.306544
vt 0.220902 0.638686
vt 0.214639 0.638686
vt 0.214639 0.313167
vt 0.220902 0.306667
vt 0.955022 0.632481
vt 0.951109 0.632481
vt 0.951109 0.625981
vt 0.955022 0.625981
vt 0.307333 0.966501
vt 0.303421 0.966501
vt 0.303421 0.960239
vt 0.307333 0.960239
vt 0.951109 0.300462
vt 0.955022 0.300462
vt 0.961107 0.300462
vt 0.965020 0.300462
vt 0.965020 0.632481
vt 0.961107 0.632481
vt 0.164724 0.303566
vt 0.164724 0.690957
vt 0.158461 0.690957
vt 0.158461 0.303566
vt 0.131050 0.693935
vt 0.124788 0.693935
vt 0.124788 0.306544
vt 0.131050 0.306544
vt 0.214627 0.945027
vt 0.218540 0.945027
vt 0.218540 0.951289
vt 0.214627 0.951289
vt 0.063995 0.966056
vt 0.060082 0.966056
vt 0.060082 0.959793
vt 0.063995 0.959793
vt 0.880359 0.783911
vt 0.876446 0.783911
vt 0.876446 0.396519
vt 0.880359 0.396519
vt 0.876446 0.003043
vt 0.880359 0.003043
vt 0.880359 0.390434
vt 0.876446 0.390434
vt 0.870361 0.975614
vt 0.866448 0.975614
vt 0.866448 0.981877
vt 0.870361 0.981877
vt 0.057741 0.006955
vt 0.102443 0.006955
vt 0.102443 0.003043
vt 0.057741 0.003043
vt 0.900355 0.975614
vt 0.900355 0.789996
vt 0.896442 0.789996
vt 0.896442 0.975614
vt 0.196206 0.297481
vt 0.163346 0.041828
vt 0.158461 0.037909
vt 0.191321 0.293561
vt 0.870361 0.789996
vt 0.866448 0.789996
vt 0.233027 0.007002
vt 0.202291 0.262918
vt 0.207143 0.258959
vt 0.237879 0.003043
vt 0.106354 0.006955
vt 0.106354 0.003043
vt 0.230554 0.297552
vt 0.235406 0.293592
vt 0.003043 0.654637
vt 0.047745 0.654637
vt 0.047745 0.650725
vt 0.003043 0.650725
vt 0.191321 0.006962
vt 0.186436 0.003043
vt 0.394834 0.006955
vt 0.401096 0.006955
vt 0.401096 0.003043
vt 0.394834 0.003043
vt 0.233027 0.300582
vt 0.237879 0.296622
vt 0.051656 0.654637
vt 0.051656 0.650725
vt 0.102443 0.650725
vt 0.106354 0.650725
vt 0.611011 0.003043
vt 0.604749 0.003043
vt 0.604749 0.646812
vt 0.611011 0.646812
vt 0.051656 0.006955
vt 0.047745 0.006955
vt 0.394834 0.650725
vt 0.401096 0.650725
vt 0.302036 0.869807
vt 0.295773 0.869807
vt 0.295773 0.668035
vt 0.302036 0.661535
vt 0.289688 0.661535
vt 0.289688 0.869807
vt 0.283425 0.863307
vt 0.283425 0.661535
vt 0.971105 0.723093
vt 0.971105 0.716593
vt 0.975017 0.716593
vt 0.975017 0.723093
vt 0.040086 0.966056
vt 0.040086 0.959793
vt 0.043999 0.959793
vt 0.043999 0.966056
vt 0.971105 0.514820
vt 0.975017 0.514820
vt 0.975017 0.729178
vt 0.975017 0.937451
vt 0.971105 0.937451
vt 0.971105 0.729178
vt 0.855065 0.920693
vt 0.848802 0.920693
vt 0.848802 0.657047
vt 0.855065 0.650547
vt 0.660403 0.650547
vt 0.660403 0.920693
vt 0.654141 0.914193
vt 0.654140 0.650547
vt 0.756470 0.923043
vt 0.756470 0.916543
vt 0.760383 0.916543
vt 0.760383 0.923043
vt 0.283425 0.966501
vt 0.283425 0.960239
vt 0.287338 0.960239
vt 0.287338 0.966501
vt 0.756470 0.652897
vt 0.760383 0.652897
vt 0.611012 0.652897
vt 0.611011 0.923043
vt 0.607099 0.923043
vt 0.607099 0.652897
vt 0.233250 0.638686
vt 0.226987 0.638686
vt 0.226987 0.313167
vt 0.233250 0.306667
vt 0.208554 0.306667
vt 0.208554 0.638686
vt 0.202291 0.632186
vt 0.202291 0.306667
vt 0.931113 0.632481
vt 0.931113 0.625981
vt 0.935026 0.625981
vt 0.935026 0.632481
vt 0.202267 0.969991
vt 0.202267 0.963728
vt 0.206179 0.963728
vt 0.206179 0.969991
vt 0.931113 0.300462
vt 0.935025 0.300462
vt 0.945024 0.300462
vt 0.945024 0.632481
vt 0.941111 0.632481
vt 0.941111 0.300462
vt 0.118702 0.693935
vt 0.112440 0.693935
vt 0.112440 0.306544
vt 0.118702 0.306544
vt 0.196206 0.303566
vt 0.196206 0.690957
vt 0.189943 0.690957
vt 0.189943 0.303566
vt 0.760383 0.929128
vt 0.760383 0.935391
vt 0.756470 0.935391
vt 0.756470 0.929128
vt 0.100079 0.966056
vt 0.100079 0.959793
vt 0.103992 0.959793
vt 0.103992 0.966056
vt 0.866448 0.390434
vt 0.866448 0.003043
vt 0.870361 0.003043
vt 0.870361 0.390434
vt 0.870361 0.396519
vt 0.870361 0.783911
vt 0.866448 0.783911
vt 0.866448 0.396519
vt 0.880359 0.796258
vt 0.880359 0.789996
vt 0.876446 0.789996
vt 0.876446 0.796258
vt 0.057741 0.650725
vt 0.057741 0.654637
vt 0.102443 0.654637
vt 0.890357 0.789996
vt 0.886444 0.789996
vt 0.886444 0.975614
vt 0.890357 0.975614
vt 0.277340 0.003043
vt 0.272521 0.007043
vt 0.243964 0.263212
vt 0.248783 0.259211
vt 0.876446 0.981877
vt 0.880359 0.981877
vt 0.147458 0.296581
vt 0.152376 0.300459
vt 0.117357 0.045093
vt 0.112440 0.041216
vt 0.106354 0.654637
vt 0.145037 0.009992
vt 0.140119 0.006114
vt 0.003043 0.003043
vt 0.003043 0.006955
vt 0.047745 0.003043
vt 0.272521 0.297603
vt 0.277340 0.293602
vt 0.394834 0.654637
vt 0.401096 0.654637
vt 0.147458 0.006920
vt 0.142541 0.003043
vt 0.051656 0.003043
vt 0.505965 0.920997
vt 0.505965 0.652897
vt 0.512228 0.652897
vt 0.512228 0.920997
vt 0.450488 0.920997
vt 0.444225 0.920997
vt 0.444225 0.652897
vt 0.450488 0.652897
vt 0.077205 0.971774
vt 0.081118 0.971774
vt 0.081118 0.976753
vt 0.077205 0.976753
vt 0.016953 0.977120
vt 0.013041 0.977120
vt 0.013041 0.972141
vt 0.016953 0.972141
vt 0.126350 0.913166
vt 0.122438 0.913166
vt 0.122438 0.700021
vt 0.126350 0.700021
vt 0.941111 0.638566
vt 0.945023 0.638566
vt 0.945023 0.851711
vt 0.941111 0.851711
vt 0.419529 0.652897
vt 0.425792 0.652897
vt 0.425792 0.920997
vt 0.419529 0.920997
vt 0.431877 0.920997
vt 0.431877 0.652897
vt 0.438140 0.652897
vt 0.438140 0.920997
vt 0.370125 0.975339
vt 0.370125 0.970360
vt 0.374038 0.970360
vt 0.374038 0.975339
vt 0.025388 0.977120
vt 0.025388 0.972141
vt 0.029301 0.972141
vt 0.029301 0.977120
vt 0.931113 0.851711
vt 0.931113 0.638566
vt 0.935025 0.638566
vt 0.935025 0.851711
vt 0.945023 0.003043
vt 0.945023 0.216188
vt 0.941111 0.216188
vt 0.941111 0.003043
vt 0.256312 0.982309
vt 0.256312 0.916396
vt 0.262575 0.916396
vt 0.262575 0.982309
vt 0.009305 0.941360
vt 0.003043 0.941360
vt 0.003043 0.875447
vt 0.009305 0.875447
vt 0.555357 0.957915
vt 0.559270 0.957915
vt 0.559270 0.964177
vt 0.555357 0.964177
vt 0.629432 0.950803
vt 0.633345 0.950803
vt 0.633345 0.957065
vt 0.629432 0.957065
vt 0.243964 0.916914
vt 0.247877 0.916914
vt 0.247877 0.982827
vt 0.243964 0.982827
vt 0.122438 0.919251
vt 0.126350 0.919251
vt 0.126350 0.985164
vt 0.122438 0.985164
vt 0.955809 0.288186
vt 0.955809 0.222273
vt 0.962071 0.222273
vt 0.962071 0.288186
vt 0.021653 0.941360
vt 0.015391 0.941360
vt 0.015391 0.875447
vt 0.021653 0.875447
vt 0.776466 0.955112
vt 0.780379 0.955112
vt 0.780379 0.961374
vt 0.776466 0.961374
vt 0.027739 0.947445
vt 0.031651 0.947445
vt 0.031651 0.953708
vt 0.027739 0.953708
vt 0.654140 0.926778
vt 0.658053 0.926778
vt 0.658053 0.992691
vt 0.654140 0.992691
vt 0.826456 0.926778
vt 0.830369 0.926778
vt 0.830369 0.992691
vt 0.826456 0.992691
vt 0.326959 0.857140
vt 0.320696 0.857140
vt 0.320696 0.661535
vt 0.326959 0.661535
vt 0.339306 0.661535
vt 0.339306 0.857140
vt 0.333044 0.857140
vt 0.333044 0.661535
vt 0.574761 0.967460
vt 0.574761 0.973722
vt 0.570849 0.973722
vt 0.570849 0.967460
vt 0.357752 0.972128
vt 0.357752 0.965866
vt 0.361665 0.965866
vt 0.361665 0.972128
vt 0.981103 0.496067
vt 0.981103 0.300462
vt 0.985015 0.300462
vt 0.985015 0.496067
vt 0.985015 0.003043
vt 0.985015 0.198648
vt 0.981102 0.198648
vt 0.981102 0.003043
vt 0.364015 0.857140
vt 0.357752 0.857140
vt 0.357752 0.661535
vt 0.364015 0.661535
vt 0.351667 0.661535
vt 0.351667 0.857140
vt 0.345404 0.857140
vt 0.345404 0.661535
vt 0.534574 0.967460
vt 0.534574 0.973722
vt 0.530661 0.973722
vt 0.530661 0.967460
vt 0.756470 0.972435
vt 0.756470 0.966172
vt 0.760383 0.966172
vt 0.760383 0.972435
vt 0.981103 0.899448
vt 0.981103 0.703843
vt 0.985015 0.703843
vt 0.985015 0.899448
vt 0.985015 0.502152
vt 0.985015 0.697758
vt 0.981103 0.697758
vt 0.981103 0.502152
vt 0.052434 0.941360
vt 0.052434 0.875447
vt 0.058697 0.875447
vt 0.058697 0.941360
vt 0.034001 0.941360
vt 0.027739 0.941360
vt 0.027739 0.875447
vt 0.034001 0.875447
vt 0.100079 0.947445
vt 0.103992 0.947445
vt 0.103992 0.953708
vt 0.100079 0.953708
vt 0.060082 0.947445
vt 0.063995 0.947445
vt 0.063995 0.953708
vt 0.060082 0.953708
vt 0.856450 0.926778
vt 0.860363 0.926778
vt 0.860363 0.992691
vt 0.856450 0.992691
vt 0.846452 0.926778
vt 0.850365 0.926778
vt 0.850365 0.992691
vt 0.846452 0.992691
vt 0.100079 0.941360
vt 0.100079 0.875447
vt 0.106342 0.875447
vt 0.106342 0.941360
vt 0.949723 0.288186
vt 0.943461 0.288186
vt 0.943461 0.222273
vt 0.949723 0.222273
vt 0.015391 0.947445
vt 0.019303 0.947445
vt 0.019303 0.953708
vt 0.015391 0.953708
vt 0.003043 0.947445
vt 0.006955 0.947445
vt 0.006955 0.953708
vt 0.003043 0.953708
vt 0.407181 0.927083
vt 0.411094 0.927083
vt 0.411094 0.992995
vt 0.407181 0.992995
vt 0.770381 0.982373
vt 0.766468 0.982373
vt 0.766468 0.916460
vt 0.770381 0.916460
vt 0.351667 0.996957
vt 0.345404 0.996957
vt 0.345404 0.863225
vt 0.351667 0.863225
vt 0.957371 0.853546
vt 0.957371 0.987278
vt 0.951109 0.987278
vt 0.951109 0.853546
vt 0.808010 0.964316
vt 0.808010 0.970579
vt 0.804097 0.970579
vt 0.804097 0.964316
vt 0.543022 0.970579
vt 0.543022 0.964316
vt 0.546934 0.964316
vt 0.546934 0.970579
vt 0.991100 0.276592
vt 0.991100 0.142860
vt 0.995013 0.142860
vt 0.995013 0.276592
vt 0.995013 0.003043
vt 0.995013 0.136775
vt 0.991100 0.136775
vt 0.991100 0.003043
vt 0.326959 0.996957
vt 0.320696 0.996957
vt 0.320696 0.863225
vt 0.326959 0.863225
vt 0.937375 0.857797
vt 0.937375 0.991529
vt 0.931113 0.991529
vt 0.931113 0.857797
vt 0.336956 0.965866
vt 0.336956 0.972128
vt 0.333044 0.972128
vt 0.333044 0.965866
vt 0.382473 0.970221
vt 0.382473 0.963958
vt 0.386386 0.963958
vt 0.386386 0.970221
vt 0.991101 0.574012
vt 0.991101 0.440280
vt 0.995013 0.440280
vt 0.995013 0.574012
vt 0.995013 0.300462
vt 0.995013 0.434194
vt 0.991101 0.434194
vt 0.991101 0.300462
vt 0.370125 0.951927
vt 0.370125 0.886014
vt 0.376388 0.886014
vt 0.376388 0.951927
vt 0.912703 0.961214
vt 0.906440 0.961214
vt 0.906440 0.895301
vt 0.912703 0.895301
vt 0.137136 0.951257
vt 0.141048 0.951257
vt 0.141048 0.957520
vt 0.137136 0.957520
vt 0.756470 0.941476
vt 0.760383 0.941476
vt 0.760383 0.947739
vt 0.756470 0.947739
vt 0.991101 0.580097
vt 0.995013 0.580097
vt 0.995013 0.646010
vt 0.991101 0.646010
vt 0.448138 0.992995
vt 0.444225 0.992995
vt 0.444225 0.927083
vt 0.448138 0.927083
vt 0.680991 0.933535
vt 0.680991 0.867622
vt 0.687253 0.867622
vt 0.687253 0.933535
vt 0.595520 0.933535
vt 0.589257 0.933535
vt 0.589257 0.867622
vt 0.595520 0.867622
vt 0.147133 0.951257
vt 0.151046 0.951257
vt 0.151046 0.957520
vt 0.147133 0.957520
vt 0.333044 0.941170
vt 0.336957 0.941170
vt 0.336957 0.947433
vt 0.333044 0.947433
vt 0.431877 0.927082
vt 0.435790 0.927082
vt 0.435790 0.992995
vt 0.431877 0.992995
vt 0.423442 0.992995
vt 0.419529 0.992995
vt 0.419529 0.927083
vt 0.423442 0.927083
vt 0.561620 0.939481
vt 0.555357 0.939481
vt 0.555357 0.867622
vt 0.561620 0.867622
vt 0.339307 0.863225
vt 0.339307 0.935085
vt 0.333044 0.935085
vt 0.333044 0.863225
vt 0.684903 0.967460
vt 0.684903 0.973722
vt 0.680991 0.973722
vt 0.680991 0.967460
vt 0.147133 0.969868
vt 0.147133 0.963605
vt 0.151046 0.963605
vt 0.151046 0.969868
vt 0.980504 0.294133
vt 0.980504 0.222273
vt 0.984417 0.222273
vt 0.984417 0.294133
vt 0.386386 0.886014
vt 0.386386 0.957873
vt 0.382473 0.957873
vt 0.382473 0.886014
vt 0.937375 0.294133
vt 0.931113 0.294133
vt 0.931113 0.222273
vt 0.937375 0.222273
vt 0.364015 0.863225
vt 0.364015 0.935085
vt 0.357752 0.935085
vt 0.357752 0.863225
vt 0.704899 0.967460
vt 0.704899 0.973723
vt 0.700987 0.973723
vt 0.700987 0.967460
vt 0.629432 0.969413
vt 0.629432 0.963151
vt 0.633345 0.963151
vt 0.633345 0.969413
vt 0.981103 0.977393
vt 0.981103 0.905533
vt 0.985015 0.905533
vt 0.985015 0.977393
vt 0.925027 0.882697
vt 0.925027 0.954556
vt 0.921115 0.954556
vt 0.921115 0.882697
vt 0.543009 0.646812
vt 0.543009 0.003043
vt 0.549272 0.003043
vt 0.549272 0.646812
vt 0.518313 0.003043
vt 0.524576 0.003043
vt 0.524576 0.646812
vt 0.518313 0.646812
vt 0.546934 0.958231
vt 0.543022 0.958231
vt 0.543022 0.951968
vt 0.546934 0.951968
vt 0.206180 0.957643
vt 0.202267 0.957643
vt 0.202267 0.951380
vt 0.206180 0.951380
vt 0.736474 0.003043
vt 0.740387 0.003043
vt 0.740387 0.646812
vt 0.736474 0.646812
vt 0.706480 0.003043
vt 0.710393 0.003043
vt 0.710393 0.646812
vt 0.706480 0.646812
vt 0.413444 0.646812
vt 0.407181 0.646812
vt 0.407181 0.003043
vt 0.413444 0.003043
vt 0.438140 0.003043
vt 0.438140 0.646812
vt 0.431877 0.646812
vt 0.431877 0.003043
vt 0.336957 0.953518
vt 0.336957 0.959780
vt 0.333044 0.959780
vt 0.333044 0.953518
vt 0.621009 0.947659
vt 0.621009 0.953922
vt 0.617097 0.953922
vt 0.617097 0.947659
vt 0.696482 0.646812
vt 0.696482 0.003043
vt 0.700395 0.003043
vt 0.700395 0.646812
vt 0.690397 0.003043
vt 0.690397 0.646812
vt 0.686484 0.646812
vt 0.686484 0.003043
vt 0.726476 0.933535
vt 0.726476 0.867622
vt 0.732739 0.867622
vt 0.732739 0.933535
vt 0.064845 0.875447
vt 0.071108 0.875447
vt 0.071108 0.941360
vt 0.064845 0.941360
vt 0.621009 0.941574
vt 0.617097 0.941574
vt 0.617097 0.935311
vt 0.621009 0.935311
vt 0.543022 0.939620
vt 0.546934 0.939620
vt 0.546934 0.945883
vt 0.543022 0.945883
vt 0.645705 0.992691
vt 0.641793 0.992691
vt 0.641793 0.926778
vt 0.645705 0.926778
vt 0.182370 0.982704
vt 0.178457 0.982704
vt 0.178457 0.916791
vt 0.182370 0.916791
vt 0.392484 0.951114
vt 0.392484 0.885202
vt 0.398746 0.885202
vt 0.398746 0.951114
vt 0.040086 0.875447
vt 0.046349 0.875447
vt 0.046349 0.941360
vt 0.040086 0.941360
vt 0.361665 0.947432
vt 0.357752 0.947432
vt 0.357752 0.941170
vt 0.361665 0.941170
vt 0.804098 0.939620
vt 0.808010 0.939620
vt 0.808010 0.945883
vt 0.804098 0.945883
vt 0.093994 0.990198
vt 0.090081 0.990198
vt 0.090081 0.924286
vt 0.093994 0.924286
vt 0.820371 0.982373
vt 0.816458 0.982373
vt 0.816458 0.916460
vt 0.820371 0.916460
vt 0.580053 0.646812
vt 0.580053 0.003043
vt 0.586316 0.003043
vt 0.586316 0.646812
vt 0.592401 0.003043
vt 0.598664 0.003043
vt 0.598664 0.646812
vt 0.592401 0.646812
vt 0.370125 0.958012
vt 0.374038 0.958012
vt 0.374038 0.964274
vt 0.370125 0.964274
vt 0.077205 0.959427
vt 0.081118 0.959427
vt 0.081118 0.965689
vt 0.077205 0.965689
vt 0.716478 0.003043
vt 0.720391 0.003043
vt 0.720391 0.646812
vt 0.716478 0.646812
vt 0.756470 0.003043
vt 0.760383 0.003043
vt 0.760383 0.646812
vt 0.756470 0.646812
vt 0.481269 0.003043
vt 0.487532 0.003043
vt 0.487532 0.646812
vt 0.481269 0.646812
vt 0.419529 0.646812
vt 0.419529 0.003043
vt 0.425792 0.003043
vt 0.425792 0.646812
vt 0.808010 0.951968
vt 0.808010 0.958231
vt 0.804098 0.958231
vt 0.804098 0.951968
vt 0.580847 0.961374
vt 0.580847 0.955112
vt 0.584759 0.955112
vt 0.584759 0.961374
vt 0.670401 0.003043
vt 0.670401 0.646812
vt 0.666488 0.646812
vt 0.666488 0.003043
vt 0.766468 0.646812
vt 0.766468 0.003043
vt 0.770381 0.003043
vt 0.770381 0.646812
vt 0.776466 0.933535
vt 0.776466 0.867622
vt 0.782729 0.867622
vt 0.782729 0.933535
vt 0.487532 0.982373
vt 0.481269 0.982373
vt 0.481269 0.916460
vt 0.487532 0.916460
vt 0.226988 0.945027
vt 0.230900 0.945027
vt 0.230900 0.951289
vt 0.226988 0.951289
vt 0.906440 0.967299
vt 0.910353 0.967299
vt 0.910353 0.973562
vt 0.906440 0.973562
vt 0.493617 0.927083
vt 0.497530 0.927083
vt 0.497530 0.992995
vt 0.493617 0.992995
vt 0.503615 0.927083
vt 0.507528 0.927083
vt 0.507528 0.992995
vt 0.503615 0.992995
vt 0.666488 0.982373
vt 0.666488 0.916460
vt 0.672751 0.916460
vt 0.672751 0.982373
vt 0.974419 0.288186
vt 0.968156 0.288186
vt 0.968156 0.222273
vt 0.974419 0.222273
vt 0.283425 0.947891
vt 0.287338 0.947891
vt 0.287338 0.954153
vt 0.283425 0.954153
vt 0.555357 0.945567
vt 0.559270 0.945567
vt 0.559270 0.951829
vt 0.555357 0.951829
vt 0.193856 0.982704
vt 0.189943 0.982704
vt 0.189943 0.916791
vt 0.193856 0.916791
vt 0.995013 0.718008
vt 0.991101 0.718008
vt 0.991101 0.652095
vt 0.995013 0.652095
vt 0.505965 0.646812
vt 0.505965 0.003043
vt 0.512228 0.003043
vt 0.512228 0.646812
vt 0.450488 0.646812
vt 0.444225 0.646812
vt 0.444225 0.003043
vt 0.450488 0.003043
vt 0.684903 0.961374
vt 0.680991 0.961374
vt 0.680991 0.955112
vt 0.684903 0.955112
vt 0.534574 0.961374
vt 0.530661 0.961374
vt 0.530661 0.955112
vt 0.534574 0.955112
vt 0.746472 0.003043
vt 0.750385 0.003043
vt 0.750385 0.646812
vt 0.746472 0.646812
vt 0.776466 0.003043
vt 0.780379 0.003043
vt 0.780379 0.646812
vt 0.776466 0.646812
vt 0.561620 0.646812
vt 0.555357 0.646812
vt 0.555357 0.003043
vt 0.561620 0.003043
vt 0.475184 0.003043
vt 0.475184 0.646812
vt 0.468921 0.646812
vt 0.468921 0.003043
vt 0.361665 0.953518
vt 0.361665 0.959780
vt 0.357752 0.959780
vt 0.357752 0.953518
vt 0.013041 0.966056
vt 0.013041 0.959793
vt 0.016953 0.959793
vt 0.016953 0.966056
vt 0.806460 0.646812
vt 0.806460 0.003043
vt 0.810373 0.003043
vt 0.810373 0.646812
vt 0.726476 0.646812
vt 0.726476 0.003043
vt 0.730389 0.003043
vt 0.730389 0.646812
vt 0.804098 0.933535
vt 0.804098 0.867622
vt 0.810360 0.867622
vt 0.810360 0.933535
vt 0.518313 0.916460
vt 0.524576 0.916460
vt 0.524576 0.982373
vt 0.518313 0.982373
vt 0.971105 0.968232
vt 0.975017 0.968232
vt 0.975017 0.974495
vt 0.971105 0.974495
vt 0.690989 0.955112
vt 0.694901 0.955112
vt 0.694901 0.961374
vt 0.690989 0.961374
vt 0.995013 0.934002
vt 0.991101 0.934002
vt 0.991101 0.868089
vt 0.995013 0.868089
vt 0.995013 0.862004
vt 0.991101 0.862004
vt 0.991101 0.796091
vt 0.995013 0.796091
vt 0.268660 0.982309
vt 0.268660 0.916396
vt 0.274923 0.916396
vt 0.274923 0.982309
vt 0.289688 0.941805
vt 0.283425 0.941805
vt 0.283425 0.875893
vt 0.289688 0.875893
vt 0.726476 0.955112
vt 0.730389 0.955112
vt 0.730389 0.961374
vt 0.726476 0.961374
vt 0.303421 0.947891
vt 0.307333 0.947891
vt 0.307333 0.954153
vt 0.303421 0.954153
vt 0.460486 0.992995
vt 0.456573 0.992995
vt 0.456573 0.927083
vt 0.460486 0.927083
vt 0.991101 0.724093
vt 0.995013 0.724093
vt 0.995013 0.790006
vt 0.991101 0.790006
vt 0.536924 0.003043
vt 0.536924 0.646812
vt 0.530661 0.646812
vt 0.530661 0.003043
vt 0.567705 0.003043
vt 0.573968 0.003043
vt 0.573968 0.646812
vt 0.567705 0.646812
vt 0.590845 0.955112
vt 0.594757 0.955112
vt 0.594757 0.961374
vt 0.590845 0.961374
vt 0.053997 0.966056
vt 0.050084 0.966056
vt 0.050084 0.959793
vt 0.053997 0.959793
vt 0.790377 0.646812
vt 0.786464 0.646812
vt 0.786464 0.003043
vt 0.790377 0.003043
vt 0.816458 0.003043
vt 0.820371 0.003043
vt 0.820371 0.646812
vt 0.816458 0.646812
vt 0.456573 0.003043
vt 0.462836 0.003043
vt 0.462836 0.646812
vt 0.456573 0.646812
vt 0.493617 0.646812
vt 0.493617 0.003043
vt 0.499880 0.003043
vt 0.499880 0.646812
vt 0.570849 0.961374
vt 0.570849 0.955112
vt 0.574761 0.955112
vt 0.574761 0.961374
vt 0.214627 0.963637
vt 0.214627 0.957374
vt 0.218540 0.957374
vt 0.218540 0.963637
vt 0.796462 0.646812
vt 0.796462 0.003043
vt 0.800375 0.003043
vt 0.800375 0.646812
vt 0.680399 0.003043
vt 0.680399 0.646812
vt 0.676486 0.646812
vt 0.676486 0.003043
vt 0.543009 0.933535
vt 0.543009 0.867622
vt 0.549272 0.867622
vt 0.549272 0.933535
vt 0.748231 0.982373
vt 0.741968 0.982373
vt 0.741968 0.916460
vt 0.748231 0.916460
vt 0.392484 0.969548
vt 0.396396 0.969548
vt 0.396396 0.975810
vt 0.392484 0.975810
vt 0.230900 0.963637
vt 0.226988 0.963637
vt 0.226988 0.957375
vt 0.230900 0.957375
vt 0.716478 0.929128
vt 0.720391 0.929128
vt 0.720391 0.995041
vt 0.716478 0.995041
vt 0.607098 0.929128
vt 0.611011 0.929128
vt 0.611011 0.995041
vt 0.607098 0.995041
vt 0.077205 0.940993
vt 0.077205 0.875080
vt 0.083468 0.875080
vt 0.083468 0.940993
vt 0.707249 0.933535
vt 0.700987 0.933535
vt 0.700987 0.867622
vt 0.707249 0.867622
vt 0.040086 0.947445
vt 0.043999 0.947445
vt 0.043999 0.953708
vt 0.040086 0.953708
vt 0.050084 0.947445
vt 0.053997 0.947445
vt 0.053997 0.953708
vt 0.050084 0.953708
vt 0.168459 0.916791
vt 0.172372 0.916791
vt 0.172372 0.982704
vt 0.168459 0.982704
vt 0.791958 0.916460
vt 0.795871 0.916460
vt 0.795871 0.982373
vt 0.791958 0.982373
vt 0.635707 0.003043
vt 0.635707 0.644462
vt 0.629445 0.644462
vt 0.629445 0.003043
vt 0.660403 0.644462
vt 0.654140 0.644462
vt 0.654140 0.003043
vt 0.660403 0.003043
vt 0.760383 0.960087
vt 0.756470 0.960087
vt 0.756470 0.953824
vt 0.760383 0.953824
vt 0.297335 0.966501
vt 0.293423 0.966501
vt 0.293423 0.960239
vt 0.297335 0.960239
vt 0.860363 0.644462
vt 0.856450 0.644462
vt 0.856450 0.003043
vt 0.860363 0.003043
vt 0.830369 0.644462
vt 0.826456 0.644462
vt 0.826456 0.003043
vt 0.830369 0.003043
vt 0.918776 0.876231
vt 0.918776 0.591579
vt 0.925027 0.591960
vt 0.925027 0.876612
vt 0.918776 0.300843
vt 0.925027 0.300462
vt 0.925027 0.585113
vt 0.918776 0.585494
vt 0.921115 0.972989
vt 0.925027 0.972989
vt 0.925027 0.977430
vt 0.921115 0.977430
vt 0.103992 0.976582
vt 0.100079 0.976582
vt 0.100079 0.972141
vt 0.103992 0.972141
vt 0.172372 0.910706
vt 0.168459 0.910706
vt 0.168459 0.697042
vt 0.172372 0.697042
vt 0.178457 0.697042
vt 0.182370 0.697042
vt 0.182370 0.910706
vt 0.178457 0.910706
vt 0.202291 0.645152
vt 0.208542 0.644771
vt 0.208542 0.929422
vt 0.202291 0.929803
vt 0.143387 0.645029
vt 0.143387 0.929680
vt 0.137136 0.929299
vt 0.137136 0.644648
vt 0.141048 0.975953
vt 0.141048 0.980393
vt 0.137136 0.980393
vt 0.137136 0.975953
vt 0.297335 0.972587
vt 0.297335 0.977027
vt 0.293423 0.977027
vt 0.293423 0.972587
vt 0.189943 0.910706
vt 0.189943 0.697042
vt 0.193856 0.697042
vt 0.193856 0.910706
vt 0.243964 0.910829
vt 0.243964 0.697165
vt 0.247877 0.697165
vt 0.247877 0.910829
vt 0.906440 0.293996
vt 0.906440 0.003043
vt 0.912691 0.003424
vt 0.912691 0.294377
vt 0.906440 0.300843
vt 0.912691 0.300462
vt 0.912691 0.591415
vt 0.906440 0.591796
vt 0.303421 0.972587
vt 0.307333 0.972587
vt 0.307333 0.977027
vt 0.303421 0.977027
vt 0.050084 0.972141
vt 0.053997 0.972141
vt 0.053997 0.976582
vt 0.050084 0.976582
vt 0.382473 0.661535
vt 0.386386 0.661535
vt 0.386386 0.879929
vt 0.382473 0.879929
vt 0.158461 0.697042
vt 0.162374 0.697042
vt 0.162374 0.915436
vt 0.158461 0.915436
vt 0.918776 0.003423
vt 0.925027 0.003043
vt 0.925027 0.293996
vt 0.918776 0.294377
vt 0.906440 0.888835
vt 0.906440 0.597882
vt 0.912691 0.598262
vt 0.912691 0.889216
vt 0.633345 0.975499
vt 0.633345 0.979939
vt 0.629432 0.979939
vt 0.629432 0.975499
vt 0.060082 0.976582
vt 0.060082 0.972141
vt 0.063995 0.972141
vt 0.063995 0.976582
vt 0.398746 0.660722
vt 0.398746 0.879116
vt 0.394834 0.879116
vt 0.394834 0.660722
vt 0.376388 0.661535
vt 0.376388 0.879929
vt 0.372475 0.879929
vt 0.372475 0.661535
vt 0.314408 0.655449
vt 0.314408 0.003043
vt 0.323815 0.003043
vt 0.323815 0.655449
vt 0.292831 0.655449
vt 0.283425 0.655449
vt 0.283425 0.003043
vt 0.292831 0.003043
vt 0.687266 0.949026
vt 0.680991 0.949026
vt 0.680991 0.939620
vt 0.687266 0.939620
vt 0.726476 0.939620
vt 0.732752 0.939620
vt 0.732752 0.949026
vt 0.726476 0.949026
vt 0.382473 0.003043
vt 0.388748 0.003043
vt 0.388748 0.655449
vt 0.382473 0.655449
vt 0.370113 0.003043
vt 0.376388 0.003043
vt 0.376388 0.655449
vt 0.370113 0.655449
vt 0.329900 0.655449
vt 0.329900 0.003043
vt 0.339307 0.003043
vt 0.339306 0.655449
vt 0.298917 0.003043
vt 0.308323 0.003043
vt 0.308323 0.655449
vt 0.298917 0.655449
vt 0.700987 0.939620
vt 0.707262 0.939620
vt 0.707262 0.949027
vt 0.700987 0.949027
vt 0.143411 0.945172
vt 0.137135 0.945172
vt 0.137135 0.935765
vt 0.143411 0.935765
vt 0.351667 0.655449
vt 0.345392 0.655449
vt 0.345392 0.003043
vt 0.351667 0.003043
vt 0.357752 0.003043
vt 0.364027 0.003043
vt 0.364027 0.655449
vt 0.357752 0.655449
vt 0.058760 0.869362
vt 0.052485 0.869362
vt 0.052485 0.660722
vt 0.058760 0.660722
vt 0.598664 0.652897
vt 0.598664 0.861537
vt 0.589257 0.861537
vt 0.589257 0.652897
vt 0.570849 0.939620
vt 0.577124 0.939620
vt 0.577124 0.949026
vt 0.570849 0.949026
vt 0.021678 0.869362
vt 0.015403 0.869362
vt 0.015403 0.660722
vt 0.021678 0.660722
vt 0.580255 0.861537
vt 0.570849 0.861537
vt 0.570849 0.652897
vt 0.580255 0.652897
vt 0.233263 0.938941
vt 0.226988 0.938941
vt 0.226988 0.929535
vt 0.233263 0.929535
vt 0.810373 0.652897
vt 0.810373 0.861537
vt 0.804098 0.861537
vt 0.804098 0.652897
vt 0.530661 0.652897
vt 0.540068 0.652897
vt 0.540068 0.861537
vt 0.530661 0.861537
vt 0.629432 0.944717
vt 0.629432 0.935311
vt 0.635707 0.935311
vt 0.635707 0.944717
vt 0.106354 0.660722
vt 0.106354 0.869362
vt 0.100079 0.869362
vt 0.100079 0.660722
vt 0.555357 0.861537
vt 0.555357 0.652897
vt 0.564763 0.652897
vt 0.564763 0.861537
vt 0.220903 0.929535
vt 0.220902 0.938941
vt 0.214627 0.938941
vt 0.214627 0.929535
vt 0.233215 0.645152
vt 0.233215 0.923450
vt 0.226964 0.923069
vt 0.226964 0.644771
vt 0.214627 0.645152
vt 0.220878 0.644771
vt 0.220878 0.923069
vt 0.214627 0.923450
vt 0.147133 0.975953
vt 0.151046 0.975953
vt 0.151046 0.980393
vt 0.147133 0.980393
vt 0.621009 0.976795
vt 0.617097 0.976795
vt 0.617097 0.972355
vt 0.621009 0.972355
vt 0.951109 0.003043
vt 0.955021 0.003043
vt 0.955021 0.211937
vt 0.951109 0.211937
vt 0.955021 0.847460
vt 0.951109 0.847460
vt 0.951109 0.638566
vt 0.955021 0.638566
vt 0.617097 0.650928
vt 0.623348 0.650547
vt 0.623348 0.928845
vt 0.617097 0.929226
vt 0.629456 0.928845
vt 0.629456 0.650547
vt 0.635707 0.650928
vt 0.635707 0.929226
vt 0.206179 0.976076
vt 0.206179 0.980516
vt 0.202267 0.980516
vt 0.202267 0.976076
vt 0.283425 0.977027
vt 0.283425 0.972587
vt 0.287338 0.972587
vt 0.287338 0.977027
vt 0.961107 0.211937
vt 0.961107 0.003043
vt 0.965019 0.003043
vt 0.965019 0.211937
vt 0.965019 0.638566
vt 0.965019 0.847460
vt 0.961107 0.847460
vt 0.961107 0.638566
vt 0.046399 0.869362
vt 0.040124 0.869362
vt 0.040124 0.660722
vt 0.046399 0.660722
vt 0.726476 0.861537
vt 0.726476 0.652897
vt 0.735883 0.652897
vt 0.735883 0.861537
vt 0.776466 0.939620
vt 0.782741 0.939620
vt 0.782741 0.949026
vt 0.776466 0.949026
vt 0.034039 0.869362
vt 0.027764 0.869362
vt 0.027764 0.660722
vt 0.034039 0.660722
vt 0.690397 0.861537
vt 0.680991 0.861537
vt 0.680991 0.652897
vt 0.690397 0.652897
vt 0.202267 0.935888
vt 0.208542 0.935888
vt 0.208542 0.945295
vt 0.202267 0.945295
vt 0.071120 0.660722
vt 0.071120 0.869362
vt 0.064845 0.869362
vt 0.064845 0.660722
vt 0.785873 0.861537
vt 0.776466 0.861537
vt 0.776466 0.652897
vt 0.785873 0.652897
vt 0.589257 0.949026
vt 0.589257 0.939620
vt 0.595532 0.939620
vt 0.595532 0.949026
vt 0.009318 0.660722
vt 0.009318 0.869362
vt 0.003043 0.869362
vt 0.003043 0.660722
vt 0.700987 0.861537
vt 0.700987 0.652897
vt 0.710393 0.652897
vt 0.710393 0.861537
vt 0.530661 0.949027
vt 0.530661 0.939620
vt 0.536936 0.939620
vt 0.536936 0.949027
vt 0.493617 0.920997
vt 0.493617 0.652897
vt 0.499880 0.652897
vt 0.499880 0.920997
vt 0.456573 0.652897
vt 0.462836 0.652897
vt 0.462836 0.920997
vt 0.456573 0.920997
vt 0.555357 0.970262
vt 0.559270 0.970262
vt 0.559270 0.975241
vt 0.555357 0.975241
vt 0.040086 0.972141
vt 0.043999 0.972141
vt 0.043999 0.977120
vt 0.040086 0.977120
vt 0.112440 0.700021
vt 0.116352 0.700021
vt 0.116352 0.913166
vt 0.112440 0.913166
vt 0.935025 0.216188
vt 0.931113 0.216188
vt 0.931113 0.003043
vt 0.935025 0.003043
vt 0.475184 0.920997
vt 0.468921 0.920997
vt 0.468921 0.652897
vt 0.475184 0.652897
vt 0.407181 0.920997
vt 0.407181 0.652897
vt 0.413444 0.652897
vt 0.413444 0.920997
vt 0.006955 0.972141
vt 0.006955 0.977120
vt 0.003043 0.977120
vt 0.003043 0.972141
vt 0.226988 0.974701
vt 0.226988 0.969722
vt 0.230901 0.969722
vt 0.230901 0.974701
vt 0.256312 0.910311
vt 0.256312 0.697165
vt 0.260225 0.697165
vt 0.260225 0.910311
vt 0.270223 0.697165
vt 0.270223 0.910310
vt 0.266311 0.910310
vt 0.266310 0.697165
vt 0.308121 0.941805
vt 0.308121 0.875893
vt 0.314384 0.875893
vt 0.314384 0.941805
vt 0.302036 0.941805
vt 0.295773 0.941805
vt 0.295773 0.875893
vt 0.302036 0.875893
vt 0.700987 0.955112
vt 0.704899 0.955112
vt 0.704899 0.961375
vt 0.700987 0.961375
vt 0.077205 0.947079
vt 0.081118 0.947079
vt 0.081118 0.953341
vt 0.077205 0.953341
vt 0.836454 0.926778
vt 0.840367 0.926778
vt 0.840367 0.992691
vt 0.836454 0.992691
vt 0.158461 0.921522
vt 0.162374 0.921522
vt 0.162374 0.987434
vt 0.158461 0.987434
vt 0.570849 0.933535
vt 0.570849 0.867622
vt 0.577111 0.867622
vt 0.577111 0.933535
vt 0.536924 0.933535
vt 0.530661 0.933535
vt 0.530661 0.867622
vt 0.536924 0.867622
vt 0.392484 0.957200
vt 0.396396 0.957200
vt 0.396396 0.963462
vt 0.392484 0.963462
vt 0.293423 0.947891
vt 0.297336 0.947891
vt 0.297336 0.954153
vt 0.293423 0.954153
vt 0.468921 0.927082
vt 0.472834 0.927082
vt 0.472834 0.992995
vt 0.468921 0.992995
vt 0.112440 0.919251
vt 0.116352 0.919251
vt 0.116352 0.985164
vt 0.112440 0.985164
vt 0.666488 0.652897
vt 0.672751 0.652897
vt 0.672751 0.910375
vt 0.666488 0.910375
vt 0.487532 0.652897
vt 0.487532 0.910375
vt 0.481269 0.910375
vt 0.481269 0.652897
vt 0.694901 0.967460
vt 0.694901 0.973722
vt 0.690989 0.973722
vt 0.690989 0.967460
vt 0.137135 0.969868
vt 0.137135 0.963605
vt 0.141048 0.963605
vt 0.141048 0.969868
vt 0.816458 0.910375
vt 0.816458 0.652897
vt 0.820371 0.652897
vt 0.820371 0.910375
vt 0.093994 0.660722
vt 0.093994 0.918200
vt 0.090081 0.918200
vt 0.090081 0.660722
vt 0.741968 0.652897
vt 0.748231 0.652897
vt 0.748231 0.910375
vt 0.741968 0.910375
vt 0.524576 0.652897
vt 0.524576 0.910375
vt 0.518313 0.910375
vt 0.518313 0.652897
vt 0.975017 0.955884
vt 0.975017 0.962147
vt 0.971105 0.962147
vt 0.971105 0.955884
vt 0.921115 0.966904
vt 0.921115 0.960642
vt 0.925027 0.960642
vt 0.925027 0.966904
vt 0.766468 0.910375
vt 0.766468 0.652897
vt 0.770381 0.652897
vt 0.770381 0.910375
vt 0.795871 0.652897
vt 0.795871 0.910375
vt 0.791958 0.910375
vt 0.791958 0.652897
vt 0.623359 0.003043
vt 0.623359 0.644462
vt 0.617097 0.644462
vt 0.617097 0.003043
vt 0.648055 0.644462
vt 0.641793 0.644462
vt 0.641793 0.003043
vt 0.648055 0.003043
vt 0.006955 0.966056
vt 0.003043 0.966056
vt 0.003043 0.959793
vt 0.006955 0.959793
vt 0.590845 0.967460
vt 0.594757 0.967460
vt 0.594757 0.973722
vt 0.590845 0.973722
vt 0.840367 0.644462
vt 0.836454 0.644462
vt 0.836454 0.003043
vt 0.840367 0.003043
vt 0.850365 0.644462
vt 0.846452 0.644462
vt 0.846452 0.003043
vt 0.850365 0.003043
vt 0.268660 0.303688
vt 0.274923 0.303688
vt 0.274923 0.691080
vt 0.268660 0.691080
vt 0.177072 0.303566
vt 0.177072 0.690957
vt 0.170809 0.690957
vt 0.170809 0.303566
vt 0.975017 0.943536
vt 0.975017 0.949799
vt 0.971105 0.949799
vt 0.971105 0.943536
vt 0.776466 0.973722
vt 0.776466 0.967459
vt 0.780379 0.967459
vt 0.780379 0.973722
vt 0.896442 0.783911
vt 0.896442 0.396519
vt 0.900355 0.396519
vt 0.900355 0.783911
vt 0.900355 0.003043
vt 0.900355 0.390434
vt 0.896442 0.390434
vt 0.896442 0.003043
vt 0.256312 0.303688
vt 0.262575 0.303688
vt 0.262575 0.691080
vt 0.256312 0.691080
vt 0.250227 0.303688
vt 0.250227 0.691080
vt 0.243964 0.691080
vt 0.243964 0.303688
vt 0.584759 0.967460
vt 0.584759 0.973722
vt 0.580847 0.973722
vt 0.580847 0.967460
vt 0.726476 0.973722
vt 0.726476 0.967460
vt 0.730389 0.967460
vt 0.730389 0.973722
vt 0.886444 0.390434
vt 0.886444 0.003043
vt 0.890357 0.003043
vt 0.890357 0.390434
vt 0.890357 0.396519
vt 0.890357 0.783911
vt 0.886444 0.783911
vt 0.886444 0.396519
s 0
usemtl Metal
f 1/1/1 2/2/1 4/3/1 3/4/1
f 5/5/2 7/6/2 8/7/2 6/8/2
f 2/9/3 6/10/3 8/11/3 4/12/3
f 3/13/4 7/14/4 5/15/4 1/16/4
f 4/12/5 8/11/5 7/17/5 3/18/5
f 1/19/6 5/20/6 6/21/6 2/22/6
f 9/23/1 10/24/1 12/25/1 11/26/1
f 13/27/2 15/28/2 16/29/2 14/30/2
f 10/31/3 14/32/3 16/33/3 12/34/3
f 11/35/4 15/36/4 13/37/4 9/38/4
f 12/34/5 16/33/5 15/39/5 11/40/5
f 9/41/6 13/42/6 14/43/6 10/44/6
f 17/45/1 18/46/1 20/47/1 19/48/1
f 21/49/2 23/50/2 24/51/2 22/52/2
f 18/53/3 22/54/3 24/55/3 20/56/3
f 19/57/4 23/58/4 21/59/4 17/60/4
f 20/56/5 24/55/5 23/61/5 19/62/5
f 17/63/6 21/64/6 22/65/6 18/66/6
f 25/67/1 26/68/1 28/69/1 27/70/1
f 29/71/2 31/72/2 32/73/2 30/74/2
f 26/75/7 30/76/7 32/77/7 28/78/7
f 27/79/4 31/80/4 29/81/4 25/82/4
f 28/83/5 32/84/5 31/85/5 27/86/5
f 25/87/6 29/88/6 30/89/6 26/90/6
f 33/91/5 35/92/5 36/93/5 34/94/5
f 37/95/7 41/96/7 43/97/7 39/98/7
f 36/99/8 40/100/8 38/101/8 34/102/8
f 34/103/1 38/104/1 37/105/1 33/106/1
f 33/91/3 37/107/3 39/108/3 35/92/3
f 35/109/2 39/110/2 40/111/2 36/112/2
f 41/96/7 45/113/7 47/114/7 43/97/7
f 39/110/2 43/115/2 44/116/2 40/111/2
f 40/117/4 44/118/4 42/119/4 38/120/4
f 38/104/1 42/121/1 41/122/1 37/105/1
f 45/123/6 46/124/6 48/125/6 47/126/6
f 43/115/2 47/127/2 48/128/2 44/116/2
f 44/118/4 48/129/4 46/130/4 42/119/4
f 89/131/7 93/132/7 45/113/7 41/96/7
f 538/133/5 537/134/5 521/135/5 522/136/5
f 94/137/4 90/138/4 42/119/4 46/130/4
f 93/139/6 94/140/6 46/124/6 45/123/6
f 49/141/2 51/142/2 52/143/2 50/144/2
f 53/145/1 54/146/1 56/147/1 55/148/1
f 50/149/3 52/150/3 56/151/3 54/152/3
f 51/153/4 49/154/4 53/155/4 55/156/4
f 52/150/5 51/157/5 55/158/5 56/151/5
f 49/159/6 50/160/6 54/161/6 53/162/6
f 57/163/2 59/164/2 60/165/2 58/166/2
f 61/167/1 62/168/1 64/169/1 63/170/1
f 58/171/3 60/172/3 64/173/3 62/174/3
f 59/175/4 57/176/4 61/177/4 63/178/4
f 60/172/5 59/179/5 63/180/5 64/173/5
f 57/181/6 58/182/6 62/183/6 61/184/6
f 65/185/2 67/186/2 68/187/2 66/188/2
f 69/189/1 70/190/1 72/191/1 71/192/1
f 66/193/3 68/194/3 72/195/3 70/196/3
f 67/197/4 65/198/4 69/199/4 71/200/4
f 68/194/5 67/201/5 71/202/5 72/195/5
f 65/203/6 66/204/6 70/205/6 69/206/6
f 73/207/2 75/208/2 76/209/2 74/210/2
f 77/211/1 78/212/1 80/213/1 79/214/1
f 74/215/7 76/216/7 80/217/7 78/218/7
f 75/219/4 73/220/4 77/221/4 79/222/4
f 76/223/5 75/224/5 79/225/5 80/226/5
f 73/227/6 74/228/6 78/229/6 77/230/6
f 81/231/5 82/232/5 84/233/5 83/234/5
f 85/235/7 87/236/7 91/237/7 89/131/7
f 84/238/8 82/239/8 86/240/8 88/241/8
f 82/242/2 81/243/2 85/244/2 86/245/2
f 81/231/3 83/234/3 87/246/3 85/247/3
f 83/248/1 84/249/1 88/250/1 87/251/1
f 89/131/7 91/237/7 95/252/7 93/132/7
f 87/251/1 88/250/1 92/253/1 91/254/1
f 88/255/4 86/256/4 90/138/4 92/257/4
f 86/245/2 85/244/2 89/258/2 90/259/2
f 93/139/6 95/260/6 96/261/6 94/140/6
f 91/254/1 92/253/1 96/262/1 95/263/1
f 92/257/4 90/138/4 94/137/4 96/264/4
f 97/265/1 98/266/1 100/267/1 99/268/1
f 101/269/2 103/270/2 104/271/2 102/272/2
f 98/273/9 102/274/9 104/275/9 100/276/9
f 99/277/10 103/278/10 101/279/10 97/280/10
f 100/281/11 104/282/11 103/283/11 99/284/11
f 97/285/12 101/286/12 102/287/12 98/288/12
f 105/289/2 107/290/2 108/291/2 106/292/2
f 109/293/1 110/294/1 112/295/1 111/296/1
f 106/297/9 108/298/9 112/299/9 110/300/9
f 107/301/10 105/302/10 109/303/10 111/304/10
f 108/305/11 107/306/11 111/307/11 112/308/11
f 105/309/12 106/310/12 110/311/12 109/312/12
f 113/313/7 114/314/7 116/315/7 115/316/7
f 117/317/4 119/318/4 120/319/4 118/320/4
f 114/321/6 118/322/6 120/323/6 116/324/6
f 115/325/5 119/326/5 117/327/5 113/328/5
f 116/329/2 120/330/2 119/331/2 115/332/2
f 113/333/1 117/334/1 118/335/1 114/336/1
f 121/337/7 122/338/7 124/339/7 123/340/7
f 125/341/4 127/342/4 128/343/4 126/344/4
f 122/345/6 126/346/6 128/347/6 124/348/6
f 123/349/5 127/350/5 125/351/5 121/352/5
f 124/353/2 128/354/2 127/355/2 123/356/2
f 121/357/1 125/358/1 126/359/1 122/360/1
f 129/361/2 131/362/2 132/363/2 130/364/2
f 133/365/1 134/366/1 136/367/1 135/368/1
f 130/369/7 132/370/7 136/371/7 134/372/7
f 131/373/4 129/374/4 133/375/4 135/376/4
f 132/377/5 131/378/5 135/379/5 136/380/5
f 129/381/6 130/382/6 134/383/6 133/384/6
f 137/385/2 139/386/2 140/387/2 138/388/2
f 141/389/1 142/390/1 144/391/1 143/392/1
f 138/393/7 140/394/7 144/395/7 142/396/7
f 139/397/4 137/398/4 141/399/4 143/400/4
f 140/401/5 139/402/5 143/403/5 144/404/5
f 137/405/6 138/406/6 142/407/6 141/408/6
f 145/409/7 146/410/7 148/411/7 147/412/7
f 149/413/4 151/414/4 152/415/4 150/416/4
f 146/417/6 150/418/6 152/419/6 148/420/6
f 147/421/5 151/422/5 149/423/5 145/424/5
f 148/425/2 152/426/2 151/427/2 147/428/2
f 145/429/1 149/430/1 150/431/1 146/432/1
f 153/433/7 154/434/7 156/435/7 155/436/7
f 157/437/4 159/438/4 160/439/4 158/440/4
f 154/441/6 158/442/6 160/443/6 156/444/6
f 155/445/5 159/446/5 157/447/5 153/448/5
f 156/449/2 160/450/2 159/451/2 155/452/2
f 153/453/1 157/454/1 158/455/1 154/456/1
f 161/457/2 163/458/2 164/459/2 162/460/2
f 165/461/1 166/462/1 168/463/1 167/464/1
f 162/465/7 164/466/7 168/467/7 166/468/7
f 163/469/4 161/470/4 165/471/4 167/472/4
f 164/473/5 163/474/5 167/475/5 168/476/5
f 161/477/6 162/478/6 166/479/6 165/480/6
f 169/481/2 171/482/2 172/483/2 170/484/2
f 173/485/1 174/486/1 176/487/1 175/488/1
f 170/489/7 172/490/7 176/491/7 174/492/7
f 171/493/4 169/494/4 173/495/4 175/496/4
f 172/497/5 171/498/5 175/499/5 176/500/5
f 169/501/6 170/502/6 174/503/6 173/504/6
f 177/505/7 178/506/7 180/507/7 179/508/7
f 181/509/4 183/510/4 184/511/4 182/512/4
f 178/513/6 182/514/6 184/515/6 180/516/6
f 179/517/5 183/518/5 181/519/5 177/520/5
f 180/521/2 184/522/2 183/523/2 179/524/2
f 177/525/1 181/526/1 182/527/1 178/528/1
f 185/529/7 186/530/7 188/531/7 187/532/7
f 189/533/4 191/534/4 192/535/4 190/536/4
f 186/537/6 190/538/6 192/539/6 188/540/6
f 187/541/5 191/542/5 189/543/5 185/544/5
f 188/545/2 192/546/2 191/547/2 187/548/2
f 185/549/1 189/550/1 190/551/1 186/552/1
f 193/553/2 195/554/2 196/555/2 194/556/2
f 197/557/1 198/558/1 200/559/1 199/560/1
f 194/561/7 196/562/7 200/563/7 198/564/7
f 195/565/4 193/566/4 197/567/4 199/568/4
f 196/569/5 195/570/5 199/571/5 200/572/5
f 193/573/6 194/574/6 198/575/6 197/576/6
f 201/577/2 203/578/2 204/579/2 202/580/2
f 205/581/1 206/582/1 208/583/1 207/584/1
f 202/585/7 204/586/7 208/587/7 206/588/7
f 203/589/4 201/590/4 205/591/4 207/592/4
f 204/593/5 203/594/5 207/595/5 208/596/5
f 201/597/6 202/598/6 206/599/6 205/600/6
f 209/601/7 210/602/7 212/603/7 211/604/7
f 213/605/4 215/606/4 216/607/4 214/608/4
f 210/609/1 214/610/1 216/611/1 212/612/1
f 211/613/2 215/614/2 213/615/2 209/616/2
f 212/617/6 216/618/6 215/619/6 211/620/6
f 209/621/5 213/622/5 214/623/5 210/624/5
f 217/625/7 219/626/7 220/627/7 218/628/7
f 221/629/4 222/630/4 224/631/4 223/632/4
f 218/633/1 220/634/1 224/635/1 222/636/1
f 219/637/2 217/638/2 221/639/2 223/640/2
f 220/641/5 219/642/5 223/643/5 224/644/5
f 217/645/6 218/646/6 222/647/6 221/648/6
f 225/649/7 226/650/7 228/651/7 227/652/7
f 229/653/4 231/654/4 232/655/4 230/656/4
f 226/657/6 230/658/6 232/659/6 228/660/6
f 227/661/5 231/662/5 229/663/5 225/664/5
f 228/665/2 232/666/2 231/667/2 227/668/2
f 225/669/1 229/670/1 230/671/1 226/672/1
f 233/673/7 234/674/7 236/675/7 235/676/7
f 237/677/4 239/678/4 240/679/4 238/680/4
f 234/681/6 238/682/6 240/683/6 236/684/6
f 235/685/5 239/686/5 237/687/5 233/688/5
f 236/689/2 240/690/2 239/691/2 235/692/2
f 233/693/1 237/694/1 238/695/1 234/696/1
f 241/697/7 242/698/7 244/699/7 243/700/7
f 245/701/4 247/702/4 248/703/4 246/704/4
f 242/705/1 246/706/1 248/707/1 244/708/1
f 243/709/2 247/710/2 245/711/2 241/712/2
f 244/713/6 248/714/6 247/715/6 243/716/6
f 241/717/5 245/718/5 246/719/5 242/720/5
f 249/721/7 251/722/7 252/723/7 250/724/7
f 253/725/4 254/726/4 256/727/4 255/728/4
f 250/729/1 252/730/1 256/731/1 254/732/1
f 251/733/2 249/734/2 253/735/2 255/736/2
f 252/737/5 251/738/5 255/739/5 256/740/5
f 249/741/6 250/742/6 254/743/6 253/744/6
f 257/745/7 258/746/7 260/747/7 259/748/7
f 261/749/4 263/750/4 264/751/4 262/752/4
f 258/753/6 262/754/6 264/755/6 260/756/6
f 259/757/5 263/758/5 261/759/5 257/760/5
f 260/761/2 264/762/2 263/763/2 259/764/2
f 257/765/1 261/766/1 262/767/1 258/768/1
f 265/769/7 266/770/7 268/771/7 267/772/7
f 269/773/4 271/774/4 272/775/4 270/776/4
f 266/777/6 270/778/6 272/779/6 268/780/6
f 267/781/5 271/782/5 269/783/5 265/784/5
f 268/785/2 272/786/2 271/787/2 267/788/2
f 265/789/1 269/790/1 270/791/1 266/792/1
f 273/793/7 274/794/7 276/795/7 275/796/7
f 277/797/4 279/798/4 280/799/4 278/800/4
f 274/801/1 278/802/1 280/803/1 276/804/1
f 275/805/2 279/806/2 277/807/2 273/808/2
f 276/809/6 280/810/6 279/811/6 275/812/6
f 273/813/5 277/814/5 278/815/5 274/816/5
f 281/817/7 283/818/7 284/819/7 282/820/7
f 285/821/4 286/822/4 288/823/4 287/824/4
f 282/825/1 284/826/1 288/827/1 286/828/1
f 283/829/2 281/830/2 285/831/2 287/832/2
f 284/833/5 283/834/5 287/835/5 288/836/5
f 281/837/6 282/838/6 286/839/6 285/840/6
f 289/841/7 290/842/7 292/843/7 291/844/7
f 293/845/4 295/846/4 296/847/4 294/848/4
f 290/849/6 294/850/6 296/851/6 292/852/6
f 291/853/5 295/854/5 293/855/5 289/856/5
f 292/857/2 296/858/2 295/859/2 291/860/2
f 289/861/1 293/862/1 294/863/1 290/864/1
f 297/865/7 298/866/7 300/867/7 299/868/7
f 301/869/4 303/870/4 304/871/4 302/872/4
f 298/873/6 302/874/6 304/875/6 300/876/6
f 299/877/5 303/878/5 301/879/5 297/880/5
f 300/881/2 304/882/2 303/883/2 299/884/2
f 297/885/1 301/886/1 302/887/1 298/888/1
f 305/889/7 306/890/7 308/891/7 307/892/7
f 309/893/4 311/894/4 312/895/4 310/896/4
f 306/897/1 310/898/1 312/899/1 308/900/1
f 307/901/2 311/902/2 309/903/2 305/904/2
f 308/905/6 312/906/6 311/907/6 307/908/6
f 305/909/5 309/910/5 310/911/5 306/912/5
f 313/913/7 315/914/7 316/915/7 314/916/7
f 317/917/4 318/918/4 320/919/4 319/920/4
f 314/921/1 316/922/1 320/923/1 318/924/1
f 315/925/2 313/926/2 317/927/2 319/928/2
f 316/929/5 315/930/5 319/931/5 320/932/5
f 313/933/6 314/934/6 318/935/6 317/936/6
f 321/937/7 322/938/7 324/939/7 323/940/7
f 325/941/4 327/942/4 328/943/4 326/944/4
f 322/945/6 326/946/6 328/947/6 324/948/6
f 323/949/5 327/950/5 325/951/5 321/952/5
f 324/953/2 328/954/2 327/955/2 323/956/2
f 321/957/1 325/958/1 326/959/1 322/960/1
f 329/961/7 330/962/7 332/963/7 331/964/7
f 333/965/4 335/966/4 336/967/4 334/968/4
f 330/969/6 334/970/6 336/971/6 332/972/6
f 331/973/5 335/974/5 333/975/5 329/976/5
f 332/977/2 336/978/2 335/979/2 331/980/2
f 329/981/1 333/982/1 334/983/1 330/984/1
f 337/985/6 338/986/6 340/987/6 339/988/6
f 341/989/5 343/990/5 344/991/5 342/992/5
f 338/993/1 342/994/1 344/995/1 340/996/1
f 339/997/2 343/998/2 341/999/2 337/1000/2
f 340/1001/4 344/1002/4 343/1003/4 339/1004/4
f 337/1005/7 341/1006/7 342/1007/7 338/1008/7
f 345/1009/6 346/1010/6 348/1011/6 347/1012/6
f 349/1013/5 351/1014/5 352/1015/5 350/1016/5
f 346/1017/13 350/1018/13 352/1019/13 348/1020/13
f 347/1021/14 351/1022/14 349/1023/14 345/1024/14
f 348/1025/15 352/1026/15 351/1027/15 347/1028/15
f 345/1029/16 349/1030/16 350/1031/16 346/1032/16
f 353/1033/6 355/1034/6 356/1035/6 354/1036/6
f 357/1037/5 358/1038/5 360/1039/5 359/1040/5
f 354/1041/17 356/1042/17 360/1043/17 358/1044/17
f 355/1045/18 353/1046/18 357/1047/18 359/1048/18
f 356/1049/19 355/1050/19 359/1051/19 360/1052/19
f 353/1053/20 354/1054/20 358/1055/20 357/1056/20
f 361/1057/6 362/1058/6 364/1059/6 363/1060/6
f 365/1061/5 367/1062/5 368/1063/5 366/1064/5
f 362/1065/13 366/1066/13 368/1067/13 364/1068/13
f 363/1069/14 367/1070/14 365/1071/14 361/1072/14
f 364/1073/15 368/1074/15 367/1075/15 363/1076/15
f 361/1077/16 365/1078/16 366/1079/16 362/1080/16
f 369/1081/6 371/1082/6 372/1083/6 370/1084/6
f 373/1085/5 374/1086/5 376/1087/5 375/1088/5
f 370/1089/17 372/1090/17 376/1091/17 374/1092/17
f 371/1093/18 369/1094/18 373/1095/18 375/1096/18
f 372/1097/19 371/1098/19 375/1099/19 376/1100/19
f 369/1101/20 370/1102/20 374/1103/20 373/1104/20
f 377/1105/7 378/1106/7 380/1107/7 379/1108/7
f 381/1109/4 383/1110/4 384/1111/4 382/1112/4
f 378/1113/1 382/1114/1 384/1115/1 380/1116/1
f 379/1117/2 383/1118/2 381/1119/2 377/1120/2
f 380/1121/6 384/1122/6 383/1123/6 379/1124/6
f 377/1125/5 381/1126/5 382/1127/5 378/1128/5
f 385/1129/7 386/1130/7 388/1131/7 387/1132/7
f 389/1133/4 391/1134/4 392/1135/4 390/1136/4
f 386/1137/1 390/1138/1 392/1139/1 388/1140/1
f 387/1141/2 391/1142/2 389/1143/2 385/1144/2
f 388/1145/6 392/1146/6 391/1147/6 387/1148/6
f 385/1149/5 389/1150/5 390/1151/5 386/1152/5
f 397/1153/2 393/1154/2 394/1155/2 398/1156/2
f 400/1157/7 399/1158/7 397/1159/7 398/1160/7
f 399/1161/6 395/1162/6 393/1163/6 397/1164/6
f 400/1165/1 396/1166/1 395/1167/1 399/1168/1
f 396/1169/4 394/1170/4 393/1171/4 395/1172/4
f 398/1173/5 394/1174/5 396/1175/5 400/1176/5
f 405/1177/1 406/1178/1 402/1179/1 401/1180/1
f 408/1181/7 406/1182/7 405/1183/7 407/1184/7
f 407/1185/6 405/1186/6 401/1187/6 403/1188/6
f 408/1189/2 407/1190/2 403/1191/2 404/1192/2
f 404/1193/4 403/1194/4 401/1195/4 402/1196/4
f 406/1197/5 408/1198/5 404/1199/5 402/1200/5
f 409/1201/5 410/1202/5 412/1203/5 411/1204/5
f 413/1205/6 415/1206/6 416/1207/6 414/1208/6
f 410/1209/17 414/1210/17 416/1211/17 412/1212/17
f 411/1213/18 415/1214/18 413/1215/18 409/1216/18
f 412/1217/19 416/1218/19 415/1219/19 411/1220/19
f 409/1221/20 413/1222/20 414/1223/20 410/1224/20
f 417/1225/5 419/1226/5 420/1227/5 418/1228/5
f 421/1229/6 422/1230/6 424/1231/6 423/1232/6
f 418/1233/13 420/1234/13 424/1235/13 422/1236/13
f 419/1237/14 417/1238/14 421/1239/14 423/1240/14
f 420/1241/15 419/1242/15 423/1243/15 424/1244/15
f 417/1245/16 418/1246/16 422/1247/16 421/1248/16
f 429/1249/2 425/1250/2 426/1251/2 430/1252/2
f 432/1253/7 431/1254/7 429/1255/7 430/1256/7
f 431/1257/6 427/1258/6 425/1259/6 429/1260/6
f 432/1261/1 428/1262/1 427/1263/1 431/1264/1
f 428/1265/4 426/1266/4 425/1267/4 427/1268/4
f 430/1269/5 426/1270/5 428/1271/5 432/1272/5
f 437/1273/1 438/1274/1 434/1275/1 433/1276/1
f 440/1277/7 438/1278/7 437/1279/7 439/1280/7
f 439/1281/6 437/1282/6 433/1283/6 435/1284/6
f 440/1285/2 439/1286/2 435/1287/2 436/1288/2
f 436/1289/4 435/1290/4 433/1291/4 434/1292/4
f 438/1293/5 440/1294/5 436/1295/5 434/1296/5
f 441/1297/1 442/1298/1 444/1299/1 443/1300/1
f 445/1301/2 447/1302/2 448/1303/2 446/1304/2
f 442/1305/9 446/1306/9 448/1307/9 444/1308/9
f 443/1309/10 447/1310/10 445/1311/10 441/1312/10
f 444/1313/11 448/1314/11 447/1315/11 443/1316/11
f 441/1317/12 445/1318/12 446/1319/12 442/1320/12
f 449/1321/2 451/1322/2 452/1323/2 450/1324/2
f 453/1325/1 454/1326/1 456/1327/1 455/1328/1
f 450/1329/9 452/1330/9 456/1331/9 454/1332/9
f 451/1333/10 449/1334/10 453/1335/10 455/1336/10
f 452/1337/11 451/1338/11 455/1339/11 456/1340/11
f 449/1341/12 450/1342/12 454/1343/12 453/1344/12
f 457/1345/7 458/1346/7 460/1347/7 459/1348/7
f 461/1349/4 463/1350/4 464/1351/4 462/1352/4
f 458/1353/6 462/1354/6 464/1355/6 460/1356/6
f 459/1357/5 463/1358/5 461/1359/5 457/1360/5
f 460/1361/2 464/1362/2 463/1363/2 459/1364/2
f 457/1365/1 461/1366/1 462/1367/1 458/1368/1
f 465/1369/7 466/1370/7 468/1371/7 467/1372/7
f 469/1373/4 471/1374/4 472/1375/4 470/1376/4
f 466/1377/6 470/1378/6 472/1379/6 468/1380/6
f 467/1381/5 471/1382/5 469/1383/5 465/1384/5
f 468/1385/2 472/1386/2 471/1387/2 467/1388/2
f 465/1389/1 469/1390/1 470/1391/1 466/1392/1
f 473/1393/2 475/1394/2 476/1395/2 474/1396/2
f 477/1397/1 478/1398/1 480/1399/1 479/1400/1
f 474/1401/7 476/1402/7 480/1403/7 478/1404/7
f 475/1405/4 473/1406/4 477/1407/4 479/1408/4
f 476/1409/5 475/1410/5 479/1411/5 480/1412/5
f 473/1413/6 474/1414/6 478/1415/6 477/1416/6
f 481/1417/2 483/1418/2 484/1419/2 482/1420/2
f 485/1421/1 486/1422/1 488/1423/1 487/1424/1
f 482/1425/7 484/1426/7 488/1427/7 486/1428/7
f 483/1429/4 481/1430/4 485/1431/4 487/1432/4
f 484/1433/5 483/1434/5 487/1435/5 488/1436/5
f 481/1437/6 482/1438/6 486/1439/6 485/1440/6
f 489/1441/6 490/1442/6 492/1443/6 491/1444/6
f 493/1445/5 495/1446/5 496/1447/5 494/1448/5
f 490/1449/1 494/1450/1 496/1451/1 492/1452/1
f 491/1453/2 495/1454/2 493/1455/2 489/1456/2
f 492/1457/4 496/1458/4 495/1459/4 491/1460/4
f 489/1461/7 493/1462/7 494/1463/7 490/1464/7
f 497/1465/2 499/1466/2 500/1467/2 498/1468/2
f 501/1469/1 502/1470/1 504/1471/1 503/1472/1
f 498/1473/7 500/1474/7 504/1475/7 502/1476/7
f 499/1477/4 497/1478/4 501/1479/4 503/1480/4
f 500/1481/5 499/1482/5 503/1483/5 504/1484/5
f 497/1485/6 498/1486/6 502/1487/6 501/1488/6
f 505/1489/2 507/1490/2 508/1491/2 506/1492/2
f 509/1493/1 510/1494/1 512/1495/1 511/1496/1
f 506/1497/7 508/1498/7 512/1499/7 510/1500/7
f 507/1501/4 505/1502/4 509/1503/4 511/1504/4
f 508/1505/5 507/1506/5 511/1507/5 512/1508/5
f 505/1509/6 506/1510/6 510/1511/6 509/1512/6
f 513/91/5 515/92/5 516/93/5 514/94/5
f 517/95/7 521/96/7 523/97/7 519/98/7
f 516/99/8 520/100/8 518/101/8 514/102/8
f 514/103/1 518/104/1 517/105/1 513/106/1
f 513/91/3 517/107/3 519/108/3 515/92/3
f 515/109/2 519/110/2 520/111/2 516/112/2
f 521/96/7 525/113/7 527/114/7 523/97/7
f 519/110/2 523/115/2 524/116/2 520/111/2
f 520/117/4 524/118/4 522/119/4 518/120/4
f 518/104/1 522/121/1 521/122/1 517/105/1
f 525/123/6 526/124/6 528/125/6 527/126/6
f 523/115/2 527/127/2 528/128/2 524/116/2
f 524/118/4 528/129/4 526/130/4 522/119/4
f 537/131/7 541/132/7 525/113/7 521/96/7
f 90/133/5 89/134/5 41/135/5 42/136/5
f 542/137/4 538/138/4 522/119/4 526/130/4
f 541/139/6 542/140/6 526/124/6 525/123/6
f 529/231/5 530/232/5 532/233/5 531/234/5
f 533/235/7 535/236/7 539/237/7 537/131/7
f 532/238/8 530/239/8 534/240/8 536/241/8
f 530/242/2 529/243/2 533/244/2 534/245/2
f 529/231/3 531/234/3 535/246/3 533/247/3
f 531/248/1 532/249/1 536/250/1 535/251/1
f 537/131/7 539/237/7 543/252/7 541/132/7
f 535/251/1 536/250/1 540/253/1 539/254/1
f 536/255/4 534/256/4 538/138/4 540/257/4
f 534/245/2 533/244/2 537/258/2 538/259/2
f 541/139/6 543/260/6 544/261/6 542/140/6
f 539/254/1 540/253/1 544/262/1 543/263/1
f 540/257/4 538/138/4 542/137/4 544/264/4
o asientos
v -7.503268 1.245359 -9.916220
v 6.916005 1.245359 -9.916220
v -7.503268 1.245359 -11.673098
v 6.916005 1.245359 -11.673098
v -7.503268 1.140073 -9.916220
v 6.916005 1.140073 -9.916220
v -7.503268 1.140073 -11.673098
v 6.916005 1.140073 -11.673098
v -7.503268 2.631201 -11.251447
v 6.916005 2.631201 -11.251447
v -7.503268 2.631201 -13.008325
v 6.916005 2.631201 -13.008325
v -7.503268 2.525914 -11.251447
v 6.916005 2.525914 -11.251447
v -7.503268 2.525914 -13.008325
v 6.916005 2.525914 -13.008325
v -7.503268 4.017042 -12.586674
v 6.916005 4.017042 -12.586674
v -7.503268 4.017042 -14.343551
v 6.916005 4.017042 -14.343551
v -7.503268 3.911756 -12.586674
v 6.916005 3.911756 -12.586674
v -7.503268 3.911756 -14.343551
v 6.916005 3.911756 -14.343551
v -7.503268 5.402884 -13.921900
v 6.916005 5.402884 -13.921900
v -7.503268 5.402884 -15.678778
v 6.916005 5.402884 -15.678778
v -7.503268 5.297598 -13.921900
v 6.916005 5.297598 -13.921900
v -7.503268 5.297598 -15.678778
v 6.916005 5.297598 -15.678778
vn -0.0000 1.0000 -0.0000
vn -0.0000 -1.0000 -0.0000
vn 1.0000 -0.0000 -0.0000
vn -1.0000 -0.0000 -0.0000
vn -0.0000 -0.0000 -1.0000
vn -0.0000 -0.0000 1.0000
vt 0.346205 0.928381
vt 0.346205 0.001033
vt 0.459195 0.001033
vt 0.459195 0.928381
vt 0.001033 0.001033
vt 0.114024 0.001033
vt 0.114024 0.928381
vt 0.001033 0.928381
vt 0.992195 0.231148
vt 0.998967 0.231148
vt 0.998967 0.344138
vt 0.992195 0.344138
vt 0.992195 0.346205
vt 0.998967 0.346205
vt 0.998967 0.459195
vt 0.992195 0.459195
vt 0.956843 0.001033
vt 0.963614 0.001033
vt 0.963614 0.928381
vt 0.956843 0.928381
vt 0.965681 0.001033
vt 0.972452 0.001033
vt 0.972452 0.928381
vt 0.965681 0.928381
vt 0.116091 0.928381
vt 0.116091 0.001033
vt 0.229081 0.001033
vt 0.229081 0.928381
vt 0.231148 0.001033
vt 0.344138 0.001033
vt 0.344138 0.928381
vt 0.231148 0.928381
vt 0.992195 0.576319
vt 0.998967 0.576319
vt 0.998967 0.689309
vt 0.992195 0.689309
vt 0.992195 0.461262
vt 0.998967 0.461262
vt 0.998967 0.574252
vt 0.992195 0.574252
vt 0.930328 0.001033
vt 0.937099 0.001033
vt 0.937099 0.928381
vt 0.930328 0.928381
vt 0.939166 0.001033
vt 0.945938 0.001033
vt 0.945938 0.928381
vt 0.939166 0.928381
vt 0.691376 0.928381
vt 0.691376 0.001033
vt 0.804366 0.001033
vt 0.804366 0.928381
vt 0.806433 0.001033
vt 0.919423 0.001033
vt 0.919423 0.928381
vt 0.806433 0.928381
vt 0.992195 0.001033
vt 0.998967 0.001033
vt 0.998967 0.114024
vt 0.992195 0.114024
vt 0.992195 0.116090
vt 0.998967 0.116090
vt 0.998967 0.229081
vt 0.992195 0.229081
vt 0.948004 0.001033
vt 0.954776 0.001033
vt 0.954776 0.928381
vt 0.948004 0.928381
vt 0.921490 0.001033
vt 0.928261 0.001033
vt 0.928261 0.928381
vt 0.921490 0.928381
vt 0.461262 0.928381
vt 0.461262 0.001033
vt 0.574252 0.001033
vt 0.574252 0.928381
vt 0.576319 0.001033
vt 0.689309 0.001033
vt 0.689309 0.928381
vt 0.576319 0.928381
vt 0.992195 0.806433
vt 0.998967 0.806433
vt 0.998967 0.919423
vt 0.992195 0.919423
vt 0.992195 0.691376
vt 0.998967 0.691376
vt 0.998967 0.804366
vt 0.992195 0.804366
vt 0.974519 0.001033
vt 0.981290 0.001033
vt 0.981290 0.928381
vt 0.974519 0.928381
vt 0.983357 0.001033
vt 0.990128 0.001033
vt 0.990128 0.928381
vt 0.983357 0.928381
s 0
usemtl Wood
f 545/1513/21 546/1514/21 548/1515/21 547/1516/21
f 549/1517/22 551/1518/22 552/1519/22 550/1520/22
f 546/1521/23 550/1522/23 552/1523/23 548/1524/23
f 547/1525/24 551/1526/24 549/1527/24 545/1528/24
f 548/1529/25 552/1530/25 551/1531/25 547/1532/25
f 545/1533/26 549/1534/26 550/1535/26 546/1536/26
f 553/1537/21 554/1538/21 556/1539/21 555/1540/21
f 557/1541/22 559/1542/22 560/1543/22 558/1544/22
f 554/1545/23 558/1546/23 560/1547/23 556/1548/23
f 555/1549/24 559/1550/24 557/1551/24 553/1552/24
f 556/1553/25 560/1554/25 559/1555/25 555/1556/25
f 553/1557/26 557/1558/26 558/1559/26 554/1560/26
f 561/1561/21 562/1562/21 564/1563/21 563/1564/21
f 565/1565/22 567/1566/22 568/1567/22 566/1568/22
f 562/1569/23 566/1570/23 568/1571/23 564/1572/23
f 563/1573/24 567/1574/24 565/1575/24 561/1576/24
f 564/1577/25 568/1578/25 567/1579/25 563/1580/25
f 561/1581/26 565/1582/26 566/1583/26 562/1584/26
f 569/1585/21 570/1586/21 572/1587/21 571/1588/21
f 573/1589/22 575/1590/22 576/1591/22 574/1592/22
f 570/1593/23 574/1594/23 576/1595/23 572/1596/23
f 571/1597/24 575/1598/24 573/1599/24 569/1600/24
f 572/1601/25 576/1602/25 575/1603/25 571/1604/25
f 569/1605/26 573/1606/26 574/1607/26 570/1608/26
o asientos2
v 13.803261 1.245359 -5.574976
v 13.945670 1.245359 8.843594
v 15.560053 1.245359 -5.592328
v 15.702461 1.245359 8.826242
v 13.803261 1.140073 -5.574976
v 13.945670 1.140073 8.843594
v 15.560053 1.140073 -5.592328
v 15.702461 1.140073 8.826242
v 15.138423 2.631201 -5.588163
v 15.280831 2.631201 8.830406
v 16.895214 2.631201 -5.605515
v 17.037624 2.631201 8.813055
v 15.138423 2.525914 -5.588163
v 15.280831 2.525914 8.830406
v 16.895214 2.525914 -5.605515
v 17.037624 2.525914 8.813055
v 16.473585 4.017042 -5.601350
v 16.615993 4.017042 8.817220
v 18.230375 4.017042 -5.618702
v 18.372786 4.017042 8.799868
v 16.473585 3.911756 -5.601350
v 16.615993 3.911756 8.817220
v 18.230375 3.911756 -5.618702
v 18.372786 3.911756 8.799868
v 17.808746 5.402884 -5.614538
v 17.951155 5.402884 8.804032
v 19.565538 5.402884 -5.631889
v 19.707947 5.402884 8.786681
v 17.808746 5.297598 -5.614538
v 17.951155 5.297598 8.804032
v 19.565538 5.297598 -5.631889
v 19.707947 5.297598 8.786681
vn -0.0000 1.0000 -0.0000
vn -0.0000 -1.0000 -0.0000
vn 0.0099 -0.0000 1.0000
vn -0.0099 -0.0000 -1.0000
vn 1.0000 -0.0000 -0.0099
vn -1.0000 -0.0000 0.0099
vt 0.346205 0.928381
vt 0.346205 0.001033
vt 0.459195 0.001033
vt 0.459195 0.928381
vt 0.001033 0.001033
vt 0.114024 0.001033
vt 0.114024 0.928381
vt 0.001033 0.928381
vt 0.992195 0.231148
vt 0.998967 0.231148
vt 0.998967 0.344138
vt 0.992195 0.344138
vt 0.992195 0.346205
vt 0.998967 0.346205
vt 0.998967 0.459195
vt 0.992195 0.459195
vt 0.956843 0.001033
vt 0.963614 0.001033
vt 0.963614 0.928381
vt 0.956843 0.928381
vt 0.965681 0.001033
vt 0.972452 0.001033
vt 0.972452 0.928381
vt 0.965681 0.928381
vt 0.116091 0.928381
vt 0.116091 0.001033
vt 0.229081 0.001033
vt 0.229081 0.928381
vt 0.231148 0.001033
vt 0.344138 0.001033
vt 0.344138 0.928381
vt 0.231148 0.928381
vt 0.992195 0.576319
vt 0.998967 0.576319
vt 0.998967 0.689309
vt 0.992195 0.689309
vt 0.992195 0.461262
vt 0.998967 0.461262
vt 0.998967 0.574252
vt 0.992195 0.574252
vt 0.930328 0.001033
vt 0.937099 0.001033
vt 0.937099 0.928381
vt 0.930328 0.928381
vt 0.939166 0.001033
vt 0.945938 0.001033
vt 0.945938 0.928381
vt 0.939166 0.928381
vt 0.691376 0.928381
vt 0.691376 0.001033
vt 0.804366 0.001033
vt 0.804366 0.928381
vt 0.806433 0.001033
vt 0.919423 0.001033
vt 0.919423 0.928381
vt 0.806433 0.928381
vt 0.992195 0.001033
vt 0.998967 0.001033
vt 0.998967 0.114024
vt 0.992195 0.114024
vt 0.992195 0.116090
vt 0.998967 0.116090
vt 0.998967 0.229081
vt 0.992195 0.229081
vt 0.948004 0.001033
vt 0.954776 0.001033
vt 0.954776 0.928381
vt 0.948004 0.928381
vt 0.921490 0.001033
vt 0.928261 0.001033
vt 0.928261 0.928381
vt 0.921490 0.928381
vt 0.461262 0.928381
vt 0.461262 0.001033
vt 0.574252 0.001033
vt 0.574252 0.928381
vt 0.576319 0.001033
vt 0.689309 0.001033
vt 0.689309 0.928381
vt 0.576319 0.928381
vt 0.992195 0.806433
vt 0.998967 0.806433
vt 0.998967 0.919423
vt 0.992195 0.919423
vt 0.992195 0.691376
vt 0.998967 0.691376
vt 0.998967 0.804366
vt 0.992195 0.804366
vt 0.974519 0.001033
vt 0.981290 0.001033
vt 0.981290 0.928381
vt 0.974519 0.928381
vt 0.983357 0.001033
vt 0.990128 0.001033
vt 0.990128 0.928381
vt 0.983357 0.928381
s 0
usemtl Wood.001
f 577/1609/27 578/1610/27 580/1611/27 579/1612/27
f 581/1613/28 583/1614/28 584/1615/28 582/1616/28
f 578/1617/29 582/1618/29 584/1619/29 580/1620/29
f 579/1621/30 583/1622/30 581/1623/30 577/1624/30
f 580/1625/31 584/1626/31 583/1627/31 579/1628/31
f 577/1629/32 581/1630/32 582/1631/32 578/1632/32
f 585/1633/27 586/1634/27 588/1635/27 587/1636/27
f 589/1637/28 591/1638/28 592/1639/28 590/1640/28
f 586/1641/29 590/1642/29 592/1643/29 588/1644/29
f 587/1645/30 591/1646/30 589/1647/30 585/1648/30
f 588/1649/31 592/1650/31 591/1651/31 587/1652/31
f 585/1653/32 589/1654/32 590/1655/32 586/1656/32
f 593/1657/27 594/1658/27 596/1659/27 595/1660/27
f 597/1661/28 599/1662/28 600/1663/28 598/1664/28
f 594/1665/29 598/1666/29 600/1667/29 596/1668/29
f 595/1669/30 599/1670/30 597/1671/30 593/1672/30
f 596/1673/31 600/1674/31 599/1675/31 595/1676/31
f 593/1677/32 597/1678/32 598/1679/32 594/1680/32
f 601/1681/27 602/1682/27 604/1683/27 603/1684/27
f 605/1685/28 607/1686/28 608/1687/28 606/1688/28
f 602/1689/29 606/1690/29 608/1691/29 604/1692/29
f 603/1693/30 607/1694/30 605/1695/30 601/1696/30
f 604/1697/31 608/1698/31 607/1699/31 603/1700/31
f 601/1701/32 605/1702/32 606/1703/32 602/1704/32
o herreria2
v 14.751790 -0.557087 -5.584346
v 14.751790 4.107850 -5.584346
v 14.611523 -0.557087 -5.582961
v 14.611523 3.962258 -5.582961
v 14.750925 -0.557087 -5.671979
v 14.750924 4.107850 -5.671979
v 14.610657 -0.557087 -5.670594
v 14.610657 3.962258 -5.670594
v 16.086952 -0.557087 -5.597535
v 16.086952 5.493691 -5.597533
v 15.946685 -0.557087 -5.596149
v 15.946684 5.348100 -5.596148
v 16.086086 -0.557087 -5.685168
v 16.086086 5.493691 -5.685168
v 15.945819 -0.557087 -5.683783
v 15.945819 5.348100 -5.683783
v 17.422113 -0.557087 -5.610720
v 17.422113 6.879533 -5.610720
v 17.281847 -0.557087 -5.609334
v 17.281845 6.733942 -5.609334
v 17.421247 -0.557087 -5.698354
v 17.421247 6.879533 -5.698355
v 17.280981 -0.557087 -5.696968
v 17.280979 6.733942 -5.696970
v 18.757275 -0.557087 -5.623909
v 18.757275 8.119782 -5.623907
v 18.617008 -0.557087 -5.622524
v 18.617006 8.119783 -5.622522
v 18.756409 -0.557087 -5.711542
v 18.756409 8.119782 -5.711542
v 18.616142 -0.557087 -5.710157
v 18.616142 8.119783 -5.710157
v 14.611523 4.102532 -5.582961
v 14.611523 3.962258 -5.582961
v 14.610657 4.102532 -5.670594
v 14.610657 3.962258 -5.670594
v 18.617006 8.260056 -5.622522
v 18.617006 8.119782 -5.622522
v 18.616142 8.260056 -5.710155
v 18.616142 8.119782 -5.710155
v 19.618202 8.260056 -5.632410
v 19.618202 8.119782 -5.632410
v 19.617338 8.260056 -5.720044
v 19.617338 8.119782 -5.720044
v 19.705805 8.260056 -5.633276
v 19.705805 8.119782 -5.633276
v 19.704939 8.260056 -5.720909
v 19.704939 8.119782 -5.720909
v 14.894199 -0.557087 8.834225
v 14.894198 4.107850 8.834225
v 14.753931 -0.557087 8.835610
v 14.753931 3.962258 8.835610
v 14.895064 -0.557087 8.921858
v 14.895064 4.107850 8.921858
v 14.754797 -0.557087 8.923244
v 14.754797 3.962258 8.923244
v 16.229361 -0.557087 8.821041
v 16.229361 5.493691 8.821038
v 16.089094 -0.557087 8.822427
v 16.089092 5.348100 8.822423
v 16.230227 -0.557087 8.908674
v 16.230227 5.493691 8.908674
v 16.089958 -0.557087 8.910060
v 16.089958 5.348100 8.910060
v 17.564522 -0.557087 8.807851
v 17.564522 6.879533 8.807851
v 17.424255 -0.557087 8.809237
v 17.424255 6.733942 8.809237
v 17.565388 -0.557087 8.895484
v 17.565388 6.879533 8.895487
v 17.425121 -0.557087 8.896870
v 17.425119 6.733942 8.896873
v 18.899683 -0.557087 8.794667
v 18.899683 8.119782 8.794663
v 18.759417 -0.557087 8.796052
v 18.759417 8.119783 8.796049
v 18.900549 -0.557087 8.882300
v 18.900549 8.119782 8.882300
v 18.760283 -0.557087 8.883685
v 18.760281 8.119783 8.883685
v 14.753931 4.102532 8.835610
v 14.753931 3.962258 8.835610
v 14.754797 4.102532 8.923244
v 14.754797 3.962258 8.923244
v 18.759417 8.260056 8.796049
v 18.759417 8.119782 8.796049
v 18.760281 8.260056 8.883682
v 18.760281 8.119782 8.883682
v 19.760612 8.260056 8.786160
v 19.760612 8.119782 8.786160
v 19.761477 8.260056 8.873794
v 19.761477 8.119782 8.873794
v 19.848213 8.260056 8.785295
v 19.848213 8.119782 8.785295
v 19.849079 8.260056 8.872929
v 19.849079 8.119782 8.872929
v 15.159651 -0.694372 -0.828172
v 18.801975 4.079703 -0.864146
v 15.048136 -0.609284 -0.827071
v 18.690460 4.164791 -0.863045
v 15.158785 -0.694372 -0.915805
v 18.801111 4.079703 -0.951781
v 15.047270 -0.609284 -0.914704
v 18.689594 4.164791 -0.950679
v 15.208038 -0.694372 4.070923
v 18.850363 4.079703 4.034949
v 15.096523 -0.609284 4.072025
v 18.738848 4.164791 4.036050
v 15.208903 -0.694372 4.158557
v 18.851229 4.079703 4.122583
v 15.097388 -0.609284 4.159658
v 18.739714 4.164791 4.123685
v 16.709253 3.911756 4.056551
v 18.185511 3.911756 4.041970
v 16.707869 3.911756 3.916283
v 18.184126 3.911756 3.901702
v 16.709253 3.824117 4.056551
v 18.185511 3.824117 4.041970
v 16.707869 3.824117 3.916283
v 18.184126 3.824117 3.901702
v 16.662247 3.911756 -0.702732
v 18.138504 3.911756 -0.717312
v 16.660862 3.911756 -0.843000
v 18.137119 3.911756 -0.857580
v 16.662247 3.824117 -0.702732
v 18.138504 3.824117 -0.717312
v 16.660862 3.824117 -0.843000
v 18.137119 3.824117 -0.857580
v 17.516130 -0.557088 3.908299
v 17.516130 3.824117 3.908300
v 17.375864 -0.557088 3.909685
v 17.375864 3.824117 3.909686
v 17.516996 -0.557088 3.995933
v 17.516996 3.824117 3.995934
v 17.376730 -0.557088 3.997318
v 17.376728 3.824117 3.997319
v 17.469124 -0.557088 -0.850983
v 17.469124 3.824117 -0.850983
v 17.328857 -0.557088 -0.849598
v 17.328857 3.824117 -0.849597
v 17.469990 -0.557088 -0.763349
v 17.469990 3.824117 -0.763349
v 17.329723 -0.557088 -0.761964
v 17.329721 3.824117 -0.761964
v 15.374092 2.525915 4.069738
v 16.850349 2.525915 4.055157
v 15.372706 2.525915 3.929471
v 16.848965 2.525915 3.914890
v 15.374092 2.438276 4.069738
v 16.850349 2.438276 4.055157
v 15.372706 2.438276 3.929471
v 16.848965 2.438276 3.914890
v 15.327085 2.525915 -0.689545
v 16.803343 2.525915 -0.704125
v 15.325700 2.525915 -0.829812
v 16.801958 2.525915 -0.844393
v 15.327085 2.438276 -0.689545
v 16.803343 2.438276 -0.704125
v 15.325700 2.438276 -0.829812
v 16.801958 2.438276 -0.844393
v 16.180969 -0.557089 3.921486
v 16.180969 2.438276 3.921487
v 16.040703 -0.557088 3.922872
v 16.040701 2.438276 3.922873
v 16.181835 -0.557089 4.009120
v 16.181835 2.438276 4.009120
v 16.041569 -0.557088 4.010505
v 16.041567 2.438276 4.010506
v 16.133963 -0.557089 -0.837796
v 16.133963 2.438276 -0.837796
v 15.993696 -0.557088 -0.836410
v 15.993695 2.438276 -0.836410
v 16.134829 -0.557089 -0.750162
v 16.134829 2.438276 -0.750162
v 15.994561 -0.557088 -0.748777
v 15.994561 2.438276 -0.748777
v 14.038931 1.140073 4.082925
v 15.515188 1.140073 4.068344
v 14.037545 1.140073 3.942657
v 15.513803 1.140073 3.928077
v 14.038931 1.052434 4.082925
v 15.515188 1.052434 4.068344
v 14.037545 1.052434 3.942657
v 15.513803 1.052434 3.928077
v 13.991924 1.140073 -0.676358
v 15.468182 1.140073 -0.690938
v 13.990539 1.140073 -0.816625
v 15.466796 1.140073 -0.831206
v 13.991924 1.052434 -0.676358
v 15.468182 1.052434 -0.690938
v 13.990539 1.052434 -0.816625
v 15.466796 1.052434 -0.831206
v 14.845808 -0.557089 3.934674
v 14.845807 1.052434 3.934674
v 14.705541 -0.557088 3.936059
v 14.705540 1.052434 3.936060
v 14.846673 -0.557089 4.022307
v 14.846672 1.052434 4.022308
v 14.706406 -0.557088 4.023693
v 14.706406 1.052434 4.023693
v 14.798801 -0.557089 -0.824609
v 14.798800 1.052434 -0.824608
v 14.658534 -0.557088 -0.823223
v 14.658534 1.052434 -0.823223
v 14.799667 -0.557089 -0.736975
v 14.799666 1.052434 -0.736975
v 14.659400 -0.557088 -0.735590
v 14.659399 1.052434 -0.735590
v 13.803261 1.140073 -5.574977
v 13.945669 1.140073 8.843594
v 13.943528 1.140073 -5.576363
v 14.085937 1.140073 8.842208
v 13.803261 1.052434 -5.574977
v 13.945669 1.052434 8.843594
v 13.943528 1.052434 -5.576363
v 14.085937 1.052434 8.842208
v 15.560053 1.140073 -5.592328
v 15.702461 1.140073 8.826241
v 15.419785 1.140073 -5.590942
v 15.562194 1.140073 8.827627
v 15.560053 1.052434 -5.592328
v 15.702461 1.052435 8.826241
v 15.419785 1.052434 -5.590942
v 15.562194 1.052434 8.827627
v 13.944914 1.140073 -5.436095
v 15.421170 1.140073 -5.450675
v 13.943527 1.140073 -5.576363
v 15.419785 1.140073 -5.590943
v 13.944914 1.052434 -5.436095
v 15.421170 1.052434 -5.450675
v 13.943527 1.052434 -5.576363
v 15.419785 1.052434 -5.590943
v 14.085937 1.140073 8.842208
v 15.562194 1.140073 8.827627
v 14.084551 1.140073 8.701941
v 15.560808 1.140073 8.687360
v 14.085937 1.052434 8.842208
v 15.562194 1.052434 8.827627
v 14.084551 1.052434 8.701941
v 15.560808 1.052434 8.687360
v 15.138422 2.525915 -5.588164
v 15.280831 2.525915 8.830406
v 15.278689 2.525915 -5.589550
v 15.421098 2.525915 8.829021
v 15.138422 2.438276 -5.588164
v 15.280831 2.438276 8.830406
v 15.278689 2.438276 -5.589550
v 15.421098 2.438276 8.829021
v 16.895214 2.525915 -5.605516
v 17.037622 2.525915 8.813055
v 16.754948 2.525915 -5.604131
v 16.897356 2.525914 8.814440
v 16.895214 2.438276 -5.605516
v 17.037622 2.438276 8.813055
v 16.754948 2.438276 -5.604131
v 16.897356 2.438276 8.814440
v 15.280075 2.525915 -5.449284
v 16.756332 2.525915 -5.463865
v 15.278689 2.525915 -5.589550
v 16.754948 2.525915 -5.604133
v 15.280075 2.438276 -5.449284
v 16.756332 2.438276 -5.463865
v 15.278689 2.438276 -5.589550
v 16.754948 2.438276 -5.604133
v 15.421098 2.525915 8.829021
v 16.897356 2.525914 8.814440
v 15.419713 2.525915 8.688753
v 16.895969 2.525914 8.674172
v 15.421098 2.438276 8.829021
v 16.897356 2.438276 8.814440
v 15.419713 2.438276 8.688753
v 16.895969 2.438276 8.674172
v 16.473583 3.911756 -5.601350
v 16.615992 3.911756 8.817219
v 16.613852 3.911757 -5.602736
v 16.756260 3.911756 8.815834
v 16.473583 3.824118 -5.601350
v 16.615992 3.824117 8.817219
v 16.613852 3.824118 -5.602736
v 16.756260 3.824118 8.815834
v 18.230375 3.911756 -5.618701
v 18.372784 3.911756 8.799868
v 18.090109 3.911756 -5.617316
v 18.232517 3.911756 8.801253
v 18.230375 3.824117 -5.618701
v 18.372784 3.824117 8.799868
v 18.090109 3.824118 -5.617316
v 18.232517 3.824118 8.801253
v 16.615236 3.911756 -5.462469
v 18.091494 3.911756 -5.477052
v 16.613852 3.911756 -5.602737
v 18.090109 3.911756 -5.617318
v 16.615236 3.824118 -5.462469
v 18.091494 3.824118 -5.477052
v 16.613852 3.824118 -5.602737
v 18.090109 3.824118 -5.617318
v 16.756260 3.911756 8.815834
v 18.232517 3.911756 8.801253
v 16.754873 3.911756 8.675566
v 18.231133 3.911756 8.660985
v 16.756260 3.824118 8.815834
v 18.232517 3.824118 8.801253
v 16.754873 3.824117 8.675566
v 18.231133 3.824118 8.660985
v 17.808746 5.297598 -5.614539
v 17.951155 5.297598 8.804032
v 17.949013 5.297598 -5.615924
v 18.091421 5.297598 8.802647
v 17.808744 5.209960 -5.614539
v 17.951155 5.209960 8.804032
v 17.949013 5.209960 -5.615924
v 18.091421 5.209960 8.802647
v 19.565536 5.297598 -5.631889
v 19.707947 5.297598 8.786680
v 19.425270 5.297598 -5.630503
v 19.567678 5.297598 8.788066
v 19.565536 5.209960 -5.631890
v 19.707947 5.209959 8.786680
v 19.425270 5.209960 -5.630503
v 19.567678 5.209960 8.788066
v 17.950397 5.297598 -5.475658
v 19.426655 5.297598 -5.490239
v 17.949013 5.297598 -5.615924
v 19.425270 5.297598 -5.630505
v 17.950397 5.209960 -5.475656
v 19.426655 5.209960 -5.490239
v 17.949013 5.209960 -5.615924
v 19.425270 5.209960 -5.630505
v 18.091421 5.297598 8.802647
v 19.567678 5.297598 8.788066
v 18.090036 5.297598 8.662379
v 19.566294 5.297598 8.647799
v 18.091421 5.209960 8.802647
v 19.567678 5.209960 8.788066
v 18.090036 5.209960 8.662379
v 19.566294 5.209960 8.647799
v 18.845169 1.272384 -5.598457
v 18.987059 1.272383 8.767479
v 18.845169 1.132110 -5.598457
v 18.987059 1.132110 8.767479
v 18.757534 1.272384 -5.597592
v 18.899424 1.272383 8.768345
v 18.757534 1.132110 -5.597592
v 18.899424 1.132110 8.768345
v 18.758669 -0.558143 8.720272
v 18.711403 3.654521 3.934830
v 18.759645 -0.458683 8.819187
v 18.712381 3.753980 4.033742
v 18.671036 -0.558143 8.721138
v 18.623770 3.654521 3.935696
v 18.672012 -0.458683 8.820053
v 18.624746 3.753980 4.034607
v 18.617756 -0.558144 -5.546747
v 18.665022 3.654521 -0.761304
v 18.616779 -0.458684 -5.645660
v 18.664043 3.753979 -0.860215
v 18.530123 -0.558144 -5.545881
v 18.577387 3.654521 -0.760438
v 18.529146 -0.458684 -5.644794
v 18.576410 3.753979 -0.859349
v 18.712355 -0.558143 4.031177
v 18.664043 3.747788 -0.860216
v 18.713331 -0.458683 4.130089
v 18.665020 3.847246 -0.761304
v 18.624722 -0.558143 4.032042
v 18.576410 3.747788 -0.859350
v 18.625698 -0.458684 4.130954
v 18.577387 3.847246 -0.760438
v 18.664068 -0.558143 -0.857651
v 18.712379 3.747788 4.033742
v 18.663092 -0.458683 -0.956563
v 18.711403 3.847246 3.934830
v 18.576435 -0.558143 -0.856785
v 18.624746 3.747788 4.034607
v 18.575459 -0.458684 -0.955697
v 18.623770 3.847246 3.935696
v 14.610568 -0.557088 -5.679689
v 14.754888 -0.557088 8.932339
v 14.821246 -0.557088 -5.681770
v 14.965566 -0.557088 8.930259
v 14.610568 -0.697641 -5.679689
v 14.754887 -0.697641 8.932339
v 14.821246 -0.697641 -5.681770
v 14.965565 -0.697641 8.930259
v 19.494171 -0.557088 -5.727923
v 19.638491 -0.557088 8.884105
v 19.704849 -0.557087 -5.730004
v 19.849169 -0.557088 8.882024
v 19.494171 -0.697642 -5.727923
v 19.638491 -0.697641 8.884105
v 19.704849 -0.697642 -5.730004
v 19.849169 -0.697641 8.882024
v 19.541725 -0.697641 -0.913262
v 14.868798 -0.697642 -0.867108
v 19.543804 -0.697641 -0.702584
v 14.870879 -0.697642 -0.656430
v 19.541723 -0.557087 -0.913262
v 14.868799 -0.557087 -0.867108
v 19.543804 -0.557087 -0.702583
v 14.870879 -0.557087 -0.656430
v 19.590939 -0.697642 4.069443
v 14.918012 -0.697642 4.115594
v 19.588858 -0.697641 3.858764
v 14.915932 -0.697641 3.904917
v 19.590939 -0.557087 4.069443
v 14.918012 -0.557087 4.115596
v 19.588858 -0.557087 3.858764
v 14.915932 -0.557089 3.904917
v 18.625801 -0.464116 4.141419
v 18.672012 3.654522 8.820053
v 18.624825 -0.364656 4.042508
v 18.671034 3.753979 8.721142
v 18.713434 -0.464117 4.140553
v 18.759645 3.654522 8.819187
v 18.712458 -0.364657 4.041642
v 18.758669 3.753979 8.720276
v 18.575356 -0.464115 -0.966163
v 18.529144 3.654522 -5.644794
v 18.576332 -0.364656 -0.867250
v 18.530123 3.753980 -5.545883
v 18.662989 -0.464116 -0.967028
v 18.616779 3.654522 -5.645660
v 18.663965 -0.364657 -0.868116
v 18.617756 3.753980 -5.546749
v 19.494171 -0.697641 -5.727923
v 14.821245 -0.697642 -5.681770
v 19.496252 -0.697641 -5.517246
v 14.823326 -0.697642 -5.471092
v 19.494171 -0.557087 -5.727923
v 14.821245 -0.557087 -5.681770
v 19.496252 -0.557087 -5.517246
v 14.823326 -0.557087 -5.471092
v 19.638491 -0.697641 8.884105
v 14.965565 -0.697642 8.930259
v 19.636410 -0.697642 8.673428
v 14.963484 -0.697642 8.719581
v 19.638491 -0.557087 8.884105
v 14.965565 -0.557087 8.930259
v 19.636410 -0.557087 8.673428
v 14.963484 -0.557087 8.719581
v 15.114631 -0.694372 -5.386326
v 18.756956 4.079703 -5.422300
v 15.003117 -0.609284 -5.385225
v 18.645441 4.164791 -5.421198
v 15.113766 -0.694372 -5.473959
v 18.756090 4.079703 -5.509935
v 15.002251 -0.609284 -5.472858
v 18.644575 4.164791 -5.508834
v 15.253057 -0.694372 8.629075
v 18.895382 4.079703 8.593101
v 15.141542 -0.609284 8.630176
v 18.783867 4.164791 8.594202
v 15.253923 -0.694372 8.716712
v 18.896248 4.079703 8.680734
v 15.142408 -0.609284 8.717813
v 18.784733 4.164791 8.681835
v 18.044415 5.297598 4.043364
v 19.520672 5.297598 4.028783
v 18.043030 5.297598 3.903096
v 19.519287 5.297598 3.888515
v 18.044415 5.209960 4.043364
v 19.520672 5.209960 4.028783
v 18.043030 5.209960 3.903096
v 19.519287 5.209960 3.888515
v 17.997408 5.297598 -0.715919
v 19.473667 5.297598 -0.730499
v 17.996023 5.297598 -0.856187
v 19.472281 5.297598 -0.870767
v 17.997408 5.209960 -0.715919
v 19.473667 5.209960 -0.730499
v 17.996023 5.209960 -0.856187
v 19.472281 5.209960 -0.870767
v 18.851292 -0.557087 3.895113
v 18.851292 5.209960 3.895113
v 18.711025 -0.557087 3.896498
v 18.711025 5.209960 3.896499
v 18.852158 -0.557087 3.982746
v 18.852158 5.209960 3.982747
v 18.711889 -0.557087 3.984131
v 18.711889 5.209960 3.984132
v 18.804285 -0.557087 -0.864170
v 18.804285 5.209960 -0.864170
v 18.664019 -0.557087 -0.862785
v 18.664019 5.209960 -0.862784
v 18.805151 -0.557087 -0.776537
v 18.805151 5.209960 -0.776536
v 18.664885 -0.557087 -0.775151
v 18.664885 5.209960 -0.775151
v 18.845169 4.175084 -5.598455
v 18.987059 4.175083 8.767479
v 18.845169 4.034810 -5.598455
v 18.987059 4.034810 8.767479
v 18.757534 4.175084 -5.597590
v 18.899424 4.175083 8.768348
v 18.757534 4.034810 -5.597590
v 18.899424 4.034810 8.768348
v 19.799822 -0.557087 3.885744
v 19.799822 8.119782 3.885745
v 19.659555 -0.557087 3.887129
v 19.659554 8.119782 3.887130
v 19.800688 -0.557087 3.973377
v 19.800686 8.119782 3.973378
v 19.660419 -0.557087 3.974763
v 19.660419 8.119782 3.974763
v 19.752815 -0.557087 -0.873538
v 19.752815 8.119782 -0.873538
v 19.612549 -0.557087 -0.872153
v 19.612549 8.119782 -0.872153
v 19.753681 -0.557087 -0.785905
v 19.753681 8.119782 -0.785905
v 19.613415 -0.557087 -0.784520
v 19.613413 8.119782 -0.784519
v 14.610657 2.723933 -5.670596
v 14.610657 2.583659 -5.670596
v 14.609792 2.723933 -5.758229
v 14.609792 2.583659 -5.758229
v 18.616142 6.881458 -5.710157
v 18.616142 6.741184 -5.710157
v 18.615276 6.881458 -5.797791
v 18.615276 6.741184 -5.797791
v 19.617338 6.881458 -5.720045
v 19.617338 6.741184 -5.720045
v 19.616472 6.881458 -5.807679
v 19.616472 6.741184 -5.807679
v 19.704939 6.881458 -5.720911
v 19.704939 6.741184 -5.720911
v 19.704073 6.881458 -5.808544
v 19.704073 6.741184 -5.808544
v 14.754797 2.723933 8.923246
v 14.754797 2.583659 8.923246
v 14.755663 2.723933 9.010880
v 14.755663 2.583659 9.010880
v 18.760281 6.881458 8.883685
v 18.760281 6.741184 8.883685
v 18.761147 6.881458 8.971319
v 18.761147 6.741184 8.971319
v 19.761477 6.881458 8.873797
v 19.761477 6.741184 8.873797
v 19.762342 6.881458 8.961431
v 19.762342 6.741184 8.961431
v 19.849079 6.881458 8.872931
v 19.849079 6.741184 8.872931
v 19.849945 6.881458 8.960566
v 19.849945 6.741184 8.960566
vn 0.0099 -0.0000 1.0000
vn -0.0099 -0.0000 -1.0000
vn -0.7201 0.6938 0.0071
vn -0.0000 -1.0000 -0.0000
vn -1.0000 -0.0000 0.0099
vn 1.0000 -0.0000 -0.0099
vn -0.0000 1.0000 -0.0000
vn 0.7201 -0.6938 -0.0071
vn 0.6066 0.7950 -0.0060
vn -0.6066 -0.7950 0.0060
vn -0.7950 0.6066 0.0079
vn 0.7950 -0.6066 -0.0079
vn -0.0070 0.7052 -0.7090
vn 0.0070 -0.7052 0.7090
vn 0.0065 0.7506 0.6607
vn -0.0065 -0.7506 -0.6607
vn 0.0070 0.7052 0.7090
vn -0.0070 -0.7052 -0.7090
vn -0.0065 0.7506 -0.6607
vn 0.0065 -0.7506 0.6607
vt 0.083468 0.660723
vt 0.083468 0.868995
vt 0.077205 0.862495
vt 0.077205 0.660722
vt 0.314384 0.869807
vt 0.308121 0.869807
vt 0.308121 0.668035
vt 0.314384 0.661535
vt 0.971105 0.300462
vt 0.975017 0.300462
vt 0.975017 0.306962
vt 0.971105 0.306962
vt 0.029301 0.966056
vt 0.025389 0.966056
vt 0.025389 0.959793
vt 0.029301 0.959793
vt 0.975017 0.508735
vt 0.971105 0.508735
vt 0.971105 0.003043
vt 0.975017 0.003043
vt 0.975017 0.211315
vt 0.971104 0.211315
vt 0.648055 0.650547
vt 0.648055 0.920693
vt 0.641793 0.914193
vt 0.641793 0.650547
vt 0.842717 0.920693
vt 0.836454 0.920693
vt 0.836454 0.657047
vt 0.842717 0.650547
vt 0.720391 0.923043
vt 0.716478 0.923043
vt 0.716478 0.916543
vt 0.720391 0.916543
vt 0.621009 0.966269
vt 0.617097 0.966269
vt 0.617097 0.960007
vt 0.621009 0.960007
vt 0.716478 0.652897
vt 0.720391 0.652897
vt 0.826456 0.650547
vt 0.830369 0.650547
vt 0.830369 0.920693
vt 0.826456 0.920693
vt 0.143398 0.306544
vt 0.143398 0.638563
vt 0.137136 0.632063
vt 0.137136 0.306544
vt 0.220902 0.638686
vt 0.214639 0.638686
vt 0.214639 0.313167
vt 0.220902 0.306667
vt 0.955022 0.632481
vt 0.951109 0.632481
vt 0.951109 0.625981
vt 0.955022 0.625981
vt 0.307333 0.966501
vt 0.303421 0.966501
vt 0.303421 0.960239
vt 0.307333 0.960239
vt 0.951109 0.300462
vt 0.955022 0.300462
vt 0.961107 0.300462
vt 0.965020 0.300462
vt 0.965020 0.632481
vt 0.961107 0.632481
vt 0.164724 0.303566
vt 0.164724 0.690957
vt 0.158461 0.690957
vt 0.158461 0.303566
vt 0.131050 0.693935
vt 0.124788 0.693935
vt 0.124788 0.306544
vt 0.131050 0.306544
vt 0.214627 0.945027
vt 0.218540 0.945027
vt 0.218540 0.951289
vt 0.214627 0.951289
vt 0.063995 0.966056
vt 0.060082 0.966056
vt 0.060082 0.959793
vt 0.063995 0.959793
vt 0.880359 0.783911
vt 0.876446 0.783911
vt 0.876446 0.396519
vt 0.880359 0.396519
vt 0.876446 0.003043
vt 0.880359 0.003043
vt 0.880359 0.390434
vt 0.876446 0.390434
vt 0.870361 0.975614
vt 0.866448 0.975614
vt 0.866448 0.981877
vt 0.870361 0.981877
vt 0.057741 0.006955
vt 0.102443 0.006955
vt 0.102443 0.003043
vt 0.057741 0.003043
vt 0.900355 0.975614
vt 0.900355 0.789996
vt 0.896442 0.789996
vt 0.896442 0.975614
vt 0.196206 0.297481
vt 0.163346 0.041828
vt 0.158461 0.037909
vt 0.191321 0.293561
vt 0.870361 0.789996
vt 0.866448 0.789996
vt 0.233027 0.007002
vt 0.202291 0.262918
vt 0.207143 0.258959
vt 0.237879 0.003043
vt 0.106354 0.006955
vt 0.106354 0.003043
vt 0.230554 0.297552
vt 0.235406 0.293592
vt 0.003043 0.654637
vt 0.047745 0.654637
vt 0.047745 0.650725
vt 0.003043 0.650725
vt 0.191321 0.006962
vt 0.186436 0.003043
vt 0.394834 0.006955
vt 0.401096 0.006955
vt 0.401096 0.003043
vt 0.394834 0.003043
vt 0.233027 0.300582
vt 0.237879 0.296622
vt 0.051656 0.654637
vt 0.051656 0.650725
vt 0.102443 0.650725
vt 0.106354 0.650725
vt 0.611011 0.003043
vt 0.604749 0.003043
vt 0.604749 0.646812
vt 0.611011 0.646812
vt 0.051656 0.006955
vt 0.047745 0.006955
vt 0.394834 0.650725
vt 0.401096 0.650725
vt 0.302036 0.869807
vt 0.295773 0.869807
vt 0.295773 0.668035
vt 0.302036 0.661535
vt 0.289688 0.661535
vt 0.289688 0.869807
vt 0.283425 0.863307
vt 0.283425 0.661535
vt 0.971105 0.723093
vt 0.971105 0.716593
vt 0.975017 0.716593
vt 0.975017 0.723093
vt 0.040086 0.966056
vt 0.040086 0.959793
vt 0.043999 0.959793
vt 0.043999 0.966056
vt 0.971105 0.514820
vt 0.975017 0.514820
vt 0.975017 0.729178
vt 0.975017 0.937451
vt 0.971105 0.937451
vt 0.971105 0.729178
vt 0.855065 0.920693
vt 0.848802 0.920693
vt 0.848802 0.657047
vt 0.855065 0.650547
vt 0.660403 0.650547
vt 0.660403 0.920693
vt 0.654141 0.914193
vt 0.654140 0.650547
vt 0.756470 0.923043
vt 0.756470 0.916543
vt 0.760383 0.916543
vt 0.760383 0.923043
vt 0.283425 0.966501
vt 0.283425 0.960239
vt 0.287338 0.960239
vt 0.287338 0.966501
vt 0.756470 0.652897
vt 0.760383 0.652897
vt 0.611012 0.652897
vt 0.611011 0.923043
vt 0.607099 0.923043
vt 0.607099 0.652897
vt 0.233250 0.638686
vt 0.226987 0.638686
vt 0.226987 0.313167
vt 0.233250 0.306667
vt 0.208554 0.306667
vt 0.208554 0.638686
vt 0.202291 0.632186
vt 0.202291 0.306667
vt 0.931113 0.632481
vt 0.931113 0.625981
vt 0.935026 0.625981
vt 0.935026 0.632481
vt 0.202267 0.969991
vt 0.202267 0.963728
vt 0.206179 0.963728
vt 0.206179 0.969991
vt 0.931113 0.300462
vt 0.935025 0.300462
vt 0.945024 0.300462
vt 0.945024 0.632481
vt 0.941111 0.632481
vt 0.941111 0.300462
vt 0.118702 0.693935
vt 0.112440 0.693935
vt 0.112440 0.306544
vt 0.118702 0.306544
vt 0.196206 0.303566
vt 0.196206 0.690957
vt 0.189943 0.690957
vt 0.189943 0.303566
vt 0.760383 0.929128
vt 0.760383 0.935391
vt 0.756470 0.935391
vt 0.756470 0.929128
vt 0.100079 0.966056
vt 0.100079 0.959793
vt 0.103992 0.959793
vt 0.103992 0.966056
vt 0.866448 0.390434
vt 0.866448 0.003043
vt 0.870361 0.003043
vt 0.870361 0.390434
vt 0.870361 0.396519
vt 0.870361 0.783911
vt 0.866448 0.783911
vt 0.866448 0.396519
vt 0.880359 0.796258
vt 0.880359 0.789996
vt 0.876446 0.789996
vt 0.876446 0.796258
vt 0.057741 0.650725
vt 0.057741 0.654637
vt 0.102443 0.654637
vt 0.890357 0.789996
vt 0.886444 0.789996
vt 0.886444 0.975614
vt 0.890357 0.975614
vt 0.277340 0.003043
vt 0.272521 0.007043
vt 0.243964 0.263212
vt 0.248783 0.259211
vt 0.876446 0.981877
vt 0.880359 0.981877
vt 0.147458 0.296581
vt 0.152376 0.300459
vt 0.117357 0.045093
vt 0.112440 0.041216
vt 0.106354 0.654637
vt 0.145037 0.009992
vt 0.140119 0.006114
vt 0.003043 0.003043
vt 0.003043 0.006955
vt 0.047745 0.003043
vt 0.272521 0.297603
vt 0.277340 0.293602
vt 0.394834 0.654637
vt 0.401096 0.654637
vt 0.147458 0.006920
vt 0.142541 0.003043
vt 0.051656 0.003043
vt 0.505965 0.920997
vt 0.505965 0.652897
vt 0.512228 0.652897
vt 0.512228 0.920997
vt 0.450488 0.920997
vt 0.444225 0.920997
vt 0.444225 0.652897
vt 0.450488 0.652897
vt 0.077205 0.971774
vt 0.081118 0.971774
vt 0.081118 0.976753
vt 0.077205 0.976753
vt 0.016953 0.977120
vt 0.013041 0.977120
vt 0.013041 0.972141
vt 0.016953 0.972141
vt 0.126350 0.913166
vt 0.122438 0.913166
vt 0.122438 0.700021
vt 0.126350 0.700021
vt 0.941111 0.638566
vt 0.945023 0.638566
vt 0.945023 0.851711
vt 0.941111 0.851711
vt 0.419529 0.652897
vt 0.425792 0.652897
vt 0.425792 0.920997
vt 0.419529 0.920997
vt 0.431877 0.920997
vt 0.431877 0.652897
vt 0.438140 0.652897
vt 0.438140 0.920997
vt 0.370125 0.975339
vt 0.370125 0.970360
vt 0.374038 0.970360
vt 0.374038 0.975339
vt 0.025388 0.977120
vt 0.025388 0.972141
vt 0.029301 0.972141
vt 0.029301 0.977120
vt 0.931113 0.851711
vt 0.931113 0.638566
vt 0.935025 0.638566
vt 0.935025 0.851711
vt 0.945023 0.003043
vt 0.945023 0.216188
vt 0.941111 0.216188
vt 0.941111 0.003043
vt 0.256312 0.982309
vt 0.256312 0.916396
vt 0.262575 0.916396
vt 0.262575 0.982309
vt 0.009305 0.941360
vt 0.003043 0.941360
vt 0.003043 0.875447
vt 0.009305 0.875447
vt 0.555357 0.957915
vt 0.559270 0.957915
vt 0.559270 0.964177
vt 0.555357 0.964177
vt 0.629432 0.950803
vt 0.633345 0.950803
vt 0.633345 0.957065
vt 0.629432 0.957065
vt 0.243964 0.916914
vt 0.247877 0.916914
vt 0.247877 0.982827
vt 0.243964 0.982827
vt 0.122438 0.919251
vt 0.126350 0.919251
vt 0.126350 0.985164
vt 0.122438 0.985164
vt 0.955809 0.288186
vt 0.955809 0.222273
vt 0.962071 0.222273
vt 0.962071 0.288186
vt 0.021653 0.941360
vt 0.015391 0.941360
vt 0.015391 0.875447
vt 0.021653 0.875447
vt 0.776466 0.955112
vt 0.780379 0.955112
vt 0.780379 0.961374
vt 0.776466 0.961374
vt 0.027739 0.947445
vt 0.031651 0.947445
vt 0.031651 0.953708
vt 0.027739 0.953708
vt 0.654140 0.926778
vt 0.658053 0.926778
vt 0.658053 0.992691
vt 0.654140 0.992691
vt 0.826456 0.926778
vt 0.830369 0.926778
vt 0.830369 0.992691
vt 0.826456 0.992691
vt 0.326959 0.857140
vt 0.320696 0.857140
vt 0.320696 0.661535
vt 0.326959 0.661535
vt 0.339306 0.661535
vt 0.339306 0.857140
vt 0.333044 0.857140
vt 0.333044 0.661535
vt 0.574761 0.967460
vt 0.574761 0.973722
vt 0.570849 0.973722
vt 0.570849 0.967460
vt 0.357752 0.972128
vt 0.357752 0.965866
vt 0.361665 0.965866
vt 0.361665 0.972128
vt 0.981103 0.496067
vt 0.981103 0.300462
vt 0.985015 0.300462
vt 0.985015 0.496067
vt 0.985015 0.003043
vt 0.985015 0.198648
vt 0.981102 0.198648
vt 0.981102 0.003043
vt 0.364015 0.857140
vt 0.357752 0.857140
vt 0.357752 0.661535
vt 0.364015 0.661535
vt 0.351667 0.661535
vt 0.351667 0.857140
vt 0.345404 0.857140
vt 0.345404 0.661535
vt 0.534574 0.967460
vt 0.534574 0.973722
vt 0.530661 0.973722
vt 0.530661 0.967460
vt 0.756470 0.972435
vt 0.756470 0.966172
vt 0.760383 0.966172
vt 0.760383 0.972435
vt 0.981103 0.899448
vt 0.981103 0.703843
vt 0.985015 0.703843
vt 0.985015 0.899448
vt 0.985015 0.502152
vt 0.985015 0.697758
vt 0.981103 0.697758
vt 0.981103 0.502152
vt 0.052434 0.941360
vt 0.052434 0.875447
vt 0.058697 0.875447
vt 0.058697 0.941360
vt 0.034001 0.941360
vt 0.027739 0.941360
vt 0.027739 0.875447
vt 0.034001 0.875447
vt 0.100079 0.947445
vt 0.103992 0.947445
vt 0.103992 0.953708
vt 0.100079 0.953708
vt 0.060082 0.947445
vt 0.063995 0.947445
vt 0.063995 0.953708
vt 0.060082 0.953708
vt 0.856450 0.926778
vt 0.860363 0.926778
vt 0.860363 0.992691
vt 0.856450 0.992691
vt 0.846452 0.926778
vt 0.850365 0.926778
vt 0.850365 0.992691
vt 0.846452 0.992691
vt 0.100079 0.941360
vt 0.100079 0.875447
vt 0.106342 0.875447
vt 0.106342 0.941360
vt 0.949723 0.288186
vt 0.943461 0.288186
vt 0.943461 0.222273
vt 0.949723 0.222273
vt 0.015391 0.947445
vt 0.019303 0.947445
vt 0.019303 0.953708
vt 0.015391 0.953708
vt 0.003043 0.947445
vt 0.006955 0.947445
vt 0.006955 0.953708
vt 0.003043 0.953708
vt 0.407181 0.927083
vt 0.411094 0.927083
vt 0.411094 0.992995
vt 0.407181 0.992995
vt 0.770381 0.982373
vt 0.766468 0.982373
vt 0.766468 0.916460
vt 0.770381 0.916460
vt 0.351667 0.996957
vt 0.345404 0.996957
vt 0.345404 0.863225
vt 0.351667 0.863225
vt 0.957371 0.853546
vt 0.957371 0.987278
vt 0.951109 0.987278
vt 0.951109 0.853546
vt 0.808010 0.964316
vt 0.808010 0.970579
vt 0.804097 0.970579
vt 0.804097 0.964316
vt 0.543022 0.970579
vt 0.543022 0.964316
vt 0.546934 0.964316
vt 0.546934 0.970579
vt 0.991100 0.276592
vt 0.991100 0.142860
vt 0.995013 0.142860
vt 0.995013 0.276592
vt 0.995013 0.003043
vt 0.995013 0.136775
vt 0.991100 0.136775
vt 0.991100 0.003043
vt 0.326959 0.996957
vt 0.320696 0.996957
vt 0.320696 0.863225
vt 0.326959 0.863225
vt 0.937375 0.857797
vt 0.937375 0.991529
vt 0.931113 0.991529
vt 0.931113 0.857797
vt 0.336956 0.965866
vt 0.336956 0.972128
vt 0.333044 0.972128
vt 0.333044 0.965866
vt 0.382473 0.970221
vt 0.382473 0.963958
vt 0.386386 0.963958
vt 0.386386 0.970221
vt 0.991101 0.574012
vt 0.991101 0.440280
vt 0.995013 0.440280
vt 0.995013 0.574012
vt 0.995013 0.300462
vt 0.995013 0.434194
vt 0.991101 0.434194
vt 0.991101 0.300462
vt 0.370125 0.951927
vt 0.370125 0.886014
vt 0.376388 0.886014
vt 0.376388 0.951927
vt 0.912703 0.961214
vt 0.906440 0.961214
vt 0.906440 0.895301
vt 0.912703 0.895301
vt 0.137136 0.951257
vt 0.141048 0.951257
vt 0.141048 0.957520
vt 0.137136 0.957520
vt 0.756470 0.941476
vt 0.760383 0.941476
vt 0.760383 0.947739
vt 0.756470 0.947739
vt 0.991101 0.580097
vt 0.995013 0.580097
vt 0.995013 0.646010
vt 0.991101 0.646010
vt 0.448138 0.992995
vt 0.444225 0.992995
vt 0.444225 0.927083
vt 0.448138 0.927083
vt 0.680991 0.933535
vt 0.680991 0.867622
vt 0.687253 0.867622
vt 0.687253 0.933535
vt 0.595520 0.933535
vt 0.589257 0.933535
vt 0.589257 0.867622
vt 0.595520 0.867622
vt 0.147133 0.951257
vt 0.151046 0.951257
vt 0.151046 0.957520
vt 0.147133 0.957520
vt 0.333044 0.941170
vt 0.336957 0.941170
vt 0.336957 0.947433
vt 0.333044 0.947433
vt 0.431877 0.927082
vt 0.435790 0.927082
vt 0.435790 0.992995
vt 0.431877 0.992995
vt 0.423442 0.992995
vt 0.419529 0.992995
vt 0.419529 0.927083
vt 0.423442 0.927083
vt 0.561620 0.939481
vt 0.555357 0.939481
vt 0.555357 0.867622
vt 0.561620 0.867622
vt 0.339307 0.863225
vt 0.339307 0.935085
vt 0.333044 0.935085
vt 0.333044 0.863225
vt 0.684903 0.967460
vt 0.684903 0.973722
vt 0.680991 0.973722
vt 0.680991 0.967460
vt 0.147133 0.969868
vt 0.147133 0.963605
vt 0.151046 0.963605
vt 0.151046 0.969868
vt 0.980504 0.294133
vt 0.980504 0.222273
vt 0.984417 0.222273
vt 0.984417 0.294133
vt 0.386386 0.886014
vt 0.386386 0.957873
vt 0.382473 0.957873
vt 0.382473 0.886014
vt 0.937375 0.294133
vt 0.931113 0.294133
vt 0.931113 0.222273
vt 0.937375 0.222273
vt 0.364015 0.863225
vt 0.364015 0.935085
vt 0.357752 0.935085
vt 0.357752 0.863225
vt 0.704899 0.967460
vt 0.704899 0.973723
vt 0.700987 0.973723
vt 0.700987 0.967460
vt 0.629432 0.969413
vt 0.629432 0.963151
vt 0.633345 0.963151
vt 0.633345 0.969413
vt 0.981103 0.977393
vt 0.981103 0.905533
vt 0.985015 0.905533
vt 0.985015 0.977393
vt 0.925027 0.882697
vt 0.925027 0.954556
vt 0.921115 0.954556
vt 0.921115 0.882697
vt 0.543009 0.646812
vt 0.543009 0.003043
vt 0.549272 0.003043
vt 0.549272 0.646812
vt 0.518313 0.003043
vt 0.524576 0.003043
vt 0.524576 0.646812
vt 0.518313 0.646812
vt 0.546934 0.958231
vt 0.543022 0.958231
vt 0.543022 0.951968
vt 0.546934 0.951968
vt 0.206180 0.957643
vt 0.202267 0.957643
vt 0.202267 0.951380
vt 0.206180 0.951380
vt 0.736474 0.003043
vt 0.740387 0.003043
vt 0.740387 0.646812
vt 0.736474 0.646812
vt 0.706480 0.003043
vt 0.710393 0.003043
vt 0.710393 0.646812
vt 0.706480 0.646812
vt 0.413444 0.646812
vt 0.407181 0.646812
vt 0.407181 0.003043
vt 0.413444 0.003043
vt 0.438140 0.003043
vt 0.438140 0.646812
vt 0.431877 0.646812
vt 0.431877 0.003043
vt 0.336957 0.953518
vt 0.336957 0.959780
vt 0.333044 0.959780
vt 0.333044 0.953518
vt 0.621009 0.947659
vt 0.621009 0.953922
vt 0.617097 0.953922
vt 0.617097 0.947659
vt 0.696482 0.646812
vt 0.696482 0.003043
vt 0.700395 0.003043
vt 0.700395 0.646812
vt 0.690397 0.003043
vt 0.690397 0.646812
vt 0.686484 0.646812
vt 0.686484 0.003043
vt 0.726476 0.933535
vt 0.726476 0.867622
vt 0.732739 0.867622
vt 0.732739 0.933535
vt 0.064845 0.875447
vt 0.071108 0.875447
vt 0.071108 0.941360
vt 0.064845 0.941360
vt 0.621009 0.941574
vt 0.617097 0.941574
vt 0.617097 0.935311
vt 0.621009 0.935311
vt 0.543022 0.939620
vt 0.546934 0.939620
vt 0.546934 0.945883
vt 0.543022 0.945883
vt 0.645705 0.992691
vt 0.641793 0.992691
vt 0.641793 0.926778
vt 0.645705 0.926778
vt 0.182370 0.982704
vt 0.178457 0.982704
vt 0.178457 0.916791
vt 0.182370 0.916791
vt 0.392484 0.951114
vt 0.392484 0.885202
vt 0.398746 0.885202
vt 0.398746 0.951114
vt 0.040086 0.875447
vt 0.046349 0.875447
vt 0.046349 0.941360
vt 0.040086 0.941360
vt 0.361665 0.947432
vt 0.357752 0.947432
vt 0.357752 0.941170
vt 0.361665 0.941170
vt 0.804098 0.939620
vt 0.808010 0.939620
vt 0.808010 0.945883
vt 0.804098 0.945883
vt 0.093994 0.990198
vt 0.090081 0.990198
vt 0.090081 0.924286
vt 0.093994 0.924286
vt 0.820371 0.982373
vt 0.816458 0.982373
vt 0.816458 0.916460
vt 0.820371 0.916460
vt 0.580053 0.646812
vt 0.580053 0.003043
vt 0.586316 0.003043
vt 0.586316 0.646812
vt 0.592401 0.003043
vt 0.598664 0.003043
vt 0.598664 0.646812
vt 0.592401 0.646812
vt 0.370125 0.958012
vt 0.374038 0.958012
vt 0.374038 0.964274
vt 0.370125 0.964274
vt 0.077205 0.959427
vt 0.081118 0.959427
vt 0.081118 0.965689
vt 0.077205 0.965689
vt 0.716478 0.003043
vt 0.720391 0.003043
vt 0.720391 0.646812
vt 0.716478 0.646812
vt 0.756470 0.003043
vt 0.760383 0.003043
vt 0.760383 0.646812
vt 0.756470 0.646812
vt 0.481269 0.003043
vt 0.487532 0.003043
vt 0.487532 0.646812
vt 0.481269 0.646812
vt 0.419529 0.646812
vt 0.419529 0.003043
vt 0.425792 0.003043
vt 0.425792 0.646812
vt 0.808010 0.951968
vt 0.808010 0.958231
vt 0.804098 0.958231
vt 0.804098 0.951968
vt 0.580847 0.961374
vt 0.580847 0.955112
vt 0.584759 0.955112
vt 0.584759 0.961374
vt 0.670401 0.003043
vt 0.670401 0.646812
vt 0.666488 0.646812
vt 0.666488 0.003043
vt 0.766468 0.646812
vt 0.766468 0.003043
vt 0.770381 0.003043
vt 0.770381 0.646812
vt 0.776466 0.933535
vt 0.776466 0.867622
vt 0.782729 0.867622
vt 0.782729 0.933535
vt 0.487532 0.982373
vt 0.481269 0.982373
vt 0.481269 0.916460
vt 0.487532 0.916460
vt 0.226988 0.945027
vt 0.230900 0.945027
vt 0.230900 0.951289
vt 0.226988 0.951289
vt 0.906440 0.967299
vt 0.910353 0.967299
vt 0.910353 0.973562
vt 0.906440 0.973562
vt 0.493617 0.927083
vt 0.497530 0.927083
vt 0.497530 0.992995
vt 0.493617 0.992995
vt 0.503615 0.927083
vt 0.507528 0.927083
vt 0.507528 0.992995
vt 0.503615 0.992995
vt 0.666488 0.982373
vt 0.666488 0.916460
vt 0.672751 0.916460
vt 0.672751 0.982373
vt 0.974419 0.288186
vt 0.968156 0.288186
vt 0.968156 0.222273
vt 0.974419 0.222273
vt 0.283425 0.947891
vt 0.287338 0.947891
vt 0.287338 0.954153
vt 0.283425 0.954153
vt 0.555357 0.945567
vt 0.559270 0.945567
vt 0.559270 0.951829
vt 0.555357 0.951829
vt 0.193856 0.982704
vt 0.189943 0.982704
vt 0.189943 0.916791
vt 0.193856 0.916791
vt 0.995013 0.718008
vt 0.991101 0.718008
vt 0.991101 0.652095
vt 0.995013 0.652095
vt 0.505965 0.646812
vt 0.505965 0.003043
vt 0.512228 0.003043
vt 0.512228 0.646812
vt 0.450488 0.646812
vt 0.444225 0.646812
vt 0.444225 0.003043
vt 0.450488 0.003043
vt 0.684903 0.961374
vt 0.680991 0.961374
vt 0.680991 0.955112
vt 0.684903 0.955112
vt 0.534574 0.961374
vt 0.530661 0.961374
vt 0.530661 0.955112
vt 0.534574 0.955112
vt 0.746472 0.003043
vt 0.750385 0.003043
vt 0.750385 0.646812
vt 0.746472 0.646812
vt 0.776466 0.003043
vt 0.780379 0.003043
vt 0.780379 0.646812
vt 0.776466 0.646812
vt 0.561620 0.646812
vt 0.555357 0.646812
vt 0.555357 0.003043
vt 0.561620 0.003043
vt 0.475184 0.003043
vt 0.475184 0.646812
vt 0.468921 0.646812
vt 0.468921 0.003043
vt 0.361665 0.953518
vt 0.361665 0.959780
vt 0.357752 0.959780
vt 0.357752 0.953518
vt 0.013041 0.966056
vt 0.013041 0.959793
vt 0.016953 0.959793
vt 0.016953 0.966056
vt 0.806460 0.646812
vt 0.806460 0.003043
vt 0.810373 0.003043
vt 0.810373 0.646812
vt 0.726476 0.646812
vt 0.726476 0.003043
vt 0.730389 0.003043
vt 0.730389 0.646812
vt 0.804098 0.933535
vt 0.804098 0.867622
vt 0.810360 0.867622
vt 0.810360 0.933535
vt 0.518313 0.916460
vt 0.524576 0.916460
vt 0.524576 0.982373
vt 0.518313 0.982373
vt 0.971105 0.968232
vt 0.975017 0.968232
vt 0.975017 0.974495
vt 0.971105 0.974495
vt 0.690989 0.955112
vt 0.694901 0.955112
vt 0.694901 0.961374
vt 0.690989 0.961374
vt 0.995013 0.934002
vt 0.991101 0.934002
vt 0.991101 0.868089
vt 0.995013 0.868089
vt 0.995013 0.862004
vt 0.991101 0.862004
vt 0.991101 0.796091
vt 0.995013 0.796091
vt 0.268660 0.982309
vt 0.268660 0.916396
vt 0.274923 0.916396
vt 0.274923 0.982309
vt 0.289688 0.941805
vt 0.283425 0.941805
vt 0.283425 0.875893
vt 0.289688 0.875893
vt 0.726476 0.955112
vt 0.730389 0.955112
vt 0.730389 0.961374
vt 0.726476 0.961374
vt 0.303421 0.947891
vt 0.307333 0.947891
vt 0.307333 0.954153
vt 0.303421 0.954153
vt 0.460486 0.992995
vt 0.456573 0.992995
vt 0.456573 0.927083
vt 0.460486 0.927083
vt 0.991101 0.724093
vt 0.995013 0.724093
vt 0.995013 0.790006
vt 0.991101 0.790006
vt 0.536924 0.003043
vt 0.536924 0.646812
vt 0.530661 0.646812
vt 0.530661 0.003043
vt 0.567705 0.003043
vt 0.573968 0.003043
vt 0.573968 0.646812
vt 0.567705 0.646812
vt 0.590845 0.955112
vt 0.594757 0.955112
vt 0.594757 0.961374
vt 0.590845 0.961374
vt 0.053997 0.966056
vt 0.050084 0.966056
vt 0.050084 0.959793
vt 0.053997 0.959793
vt 0.790377 0.646812
vt 0.786464 0.646812
vt 0.786464 0.003043
vt 0.790377 0.003043
vt 0.816458 0.003043
vt 0.820371 0.003043
vt 0.820371 0.646812
vt 0.816458 0.646812
vt 0.456573 0.003043
vt 0.462836 0.003043
vt 0.462836 0.646812
vt 0.456573 0.646812
vt 0.493617 0.646812
vt 0.493617 0.003043
vt 0.499880 0.003043
vt 0.499880 0.646812
vt 0.570849 0.961374
vt 0.570849 0.955112
vt 0.574761 0.955112
vt 0.574761 0.961374
vt 0.214627 0.963637
vt 0.214627 0.957374
vt 0.218540 0.957374
vt 0.218540 0.963637
vt 0.796462 0.646812
vt 0.796462 0.003043
vt 0.800375 0.003043
vt 0.800375 0.646812
vt 0.680399 0.003043
vt 0.680399 0.646812
vt 0.676486 0.646812
vt 0.676486 0.003043
vt 0.543009 0.933535
vt 0.543009 0.867622
vt 0.549272 0.867622
vt 0.549272 0.933535
vt 0.748231 0.982373
vt 0.741968 0.982373
vt 0.741968 0.916460
vt 0.748231 0.916460
vt 0.392484 0.969548
vt 0.396396 0.969548
vt 0.396396 0.975810
vt 0.392484 0.975810
vt 0.230900 0.963637
vt 0.226988 0.963637
vt 0.226988 0.957375
vt 0.230900 0.957375
vt 0.716478 0.929128
vt 0.720391 0.929128
vt 0.720391 0.995041
vt 0.716478 0.995041
vt 0.607098 0.929128
vt 0.611011 0.929128
vt 0.611011 0.995041
vt 0.607098 0.995041
vt 0.077205 0.940993
vt 0.077205 0.875080
vt 0.083468 0.875080
vt 0.083468 0.940993
vt 0.707249 0.933535
vt 0.700987 0.933535
vt 0.700987 0.867622
vt 0.707249 0.867622
vt 0.040086 0.947445
vt 0.043999 0.947445
vt 0.043999 0.953708
vt 0.040086 0.953708
vt 0.050084 0.947445
vt 0.053997 0.947445
vt 0.053997 0.953708
vt 0.050084 0.953708
vt 0.168459 0.916791
vt 0.172372 0.916791
vt 0.172372 0.982704
vt 0.168459 0.982704
vt 0.791958 0.916460
vt 0.795871 0.916460
vt 0.795871 0.982373
vt 0.791958 0.982373
vt 0.635707 0.003043
vt 0.635707 0.644462
vt 0.629445 0.644462
vt 0.629445 0.003043
vt 0.660403 0.644462
vt 0.654140 0.644462
vt 0.654140 0.003043
vt 0.660403 0.003043
vt 0.760383 0.960087
vt 0.756470 0.960087
vt 0.756470 0.953824
vt 0.760383 0.953824
vt 0.297335 0.966501
vt 0.293423 0.966501
vt 0.293423 0.960239
vt 0.297335 0.960239
vt 0.860363 0.644462
vt 0.856450 0.644462
vt 0.856450 0.003043
vt 0.860363 0.003043
vt 0.830369 0.644462
vt 0.826456 0.644462
vt 0.826456 0.003043
vt 0.830369 0.003043
vt 0.918776 0.876231
vt 0.918776 0.591579
vt 0.925027 0.591960
vt 0.925027 0.876612
vt 0.918776 0.300843
vt 0.925027 0.300462
vt 0.925027 0.585113
vt 0.918776 0.585494
vt 0.921115 0.972989
vt 0.925027 0.972989
vt 0.925027 0.977430
vt 0.921115 0.977430
vt 0.103992 0.976582
vt 0.100079 0.976582
vt 0.100079 0.972141
vt 0.103992 0.972141
vt 0.172372 0.910706
vt 0.168459 0.910706
vt 0.168459 0.697042
vt 0.172372 0.697042
vt 0.178457 0.697042
vt 0.182370 0.697042
vt 0.182370 0.910706
vt 0.178457 0.910706
vt 0.202291 0.645152
vt 0.208542 0.644771
vt 0.208542 0.929422
vt 0.202291 0.929803
vt 0.143387 0.645029
vt 0.143387 0.929680
vt 0.137136 0.929299
vt 0.137136 0.644648
vt 0.141048 0.975953
vt 0.141048 0.980393
vt 0.137136 0.980393
vt 0.137136 0.975953
vt 0.297335 0.972587
vt 0.297335 0.977027
vt 0.293423 0.977027
vt 0.293423 0.972587
vt 0.189943 0.910706
vt 0.189943 0.697042
vt 0.193856 0.697042
vt 0.193856 0.910706
vt 0.243964 0.910829
vt 0.243964 0.697165
vt 0.247877 0.697165
vt 0.247877 0.910829
vt 0.906440 0.293996
vt 0.906440 0.003043
vt 0.912691 0.003424
vt 0.912691 0.294377
vt 0.906440 0.300843
vt 0.912691 0.300462
vt 0.912691 0.591415
vt 0.906440 0.591796
vt 0.303421 0.972587
vt 0.307333 0.972587
vt 0.307333 0.977027
vt 0.303421 0.977027
vt 0.050084 0.972141
vt 0.053997 0.972141
vt 0.053997 0.976582
vt 0.050084 0.976582
vt 0.382473 0.661535
vt 0.386386 0.661535
vt 0.386386 0.879929
vt 0.382473 0.879929
vt 0.158461 0.697042
vt 0.162374 0.697042
vt 0.162374 0.915436
vt 0.158461 0.915436
vt 0.918776 0.003423
vt 0.925027 0.003043
vt 0.925027 0.293996
vt 0.918776 0.294377
vt 0.906440 0.888835
vt 0.906440 0.597882
vt 0.912691 0.598262
vt 0.912691 0.889216
vt 0.633345 0.975499
vt 0.633345 0.979939
vt 0.629432 0.979939
vt 0.629432 0.975499
vt 0.060082 0.976582
vt 0.060082 0.972141
vt 0.063995 0.972141
vt 0.063995 0.976582
vt 0.398746 0.660722
vt 0.398746 0.879116
vt 0.394834 0.879116
vt 0.394834 0.660722
vt 0.376388 0.661535
vt 0.376388 0.879929
vt 0.372475 0.879929
vt 0.372475 0.661535
vt 0.314408 0.655449
vt 0.314408 0.003043
vt 0.323815 0.003043
vt 0.323815 0.655449
vt 0.292831 0.655449
vt 0.283425 0.655449
vt 0.283425 0.003043
vt 0.292831 0.003043
vt 0.687266 0.949026
vt 0.680991 0.949026
vt 0.680991 0.939620
vt 0.687266 0.939620
vt 0.726476 0.939620
vt 0.732752 0.939620
vt 0.732752 0.949026
vt 0.726476 0.949026
vt 0.382473 0.003043
vt 0.388748 0.003043
vt 0.388748 0.655449
vt 0.382473 0.655449
vt 0.370113 0.003043
vt 0.376388 0.003043
vt 0.376388 0.655449
vt 0.370113 0.655449
vt 0.329900 0.655449
vt 0.329900 0.003043
vt 0.339307 0.003043
vt 0.339306 0.655449
vt 0.298917 0.003043
vt 0.308323 0.003043
vt 0.308323 0.655449
vt 0.298917 0.655449
vt 0.700987 0.939620
vt 0.707262 0.939620
vt 0.707262 0.949027
vt 0.700987 0.949027
vt 0.143411 0.945172
vt 0.137135 0.945172
vt 0.137135 0.935765
vt 0.143411 0.935765
vt 0.351667 0.655449
vt 0.345392 0.655449
vt 0.345392 0.003043
vt 0.351667 0.003043
vt 0.357752 0.003043
vt 0.364027 0.003043
vt 0.364027 0.655449
vt 0.357752 0.655449
vt 0.058760 0.869362
vt 0.052485 0.869362
vt 0.052485 0.660722
vt 0.058760 0.660722
vt 0.598664 0.652897
vt 0.598664 0.861537
vt 0.589257 0.861537
vt 0.589257 0.652897
vt 0.570849 0.939620
vt 0.577124 0.939620
vt 0.577124 0.949026
vt 0.570849 0.949026
vt 0.021678 0.869362
vt 0.015403 0.869362
vt 0.015403 0.660722
vt 0.021678 0.660722
vt 0.580255 0.861537
vt 0.570849 0.861537
vt 0.570849 0.652897
vt 0.580255 0.652897
vt 0.233263 0.938941
vt 0.226988 0.938941
vt 0.226988 0.929535
vt 0.233263 0.929535
vt 0.810373 0.652897
vt 0.810373 0.861537
vt 0.804098 0.861537
vt 0.804098 0.652897
vt 0.530661 0.652897
vt 0.540068 0.652897
vt 0.540068 0.861537
vt 0.530661 0.861537
vt 0.629432 0.944717
vt 0.629432 0.935311
vt 0.635707 0.935311
vt 0.635707 0.944717
vt 0.106354 0.660722
vt 0.106354 0.869362
vt 0.100079 0.869362
vt 0.100079 0.660722
vt 0.555357 0.861537
vt 0.555357 0.652897
vt 0.564763 0.652897
vt 0.564763 0.861537
vt 0.220903 0.929535
vt 0.220902 0.938941
vt 0.214627 0.938941
vt 0.214627 0.929535
vt 0.233215 0.645152
vt 0.233215 0.923450
vt 0.226964 0.923069
vt 0.226964 0.644771
vt 0.214627 0.645152
vt 0.220878 0.644771
vt 0.220878 0.923069
vt 0.214627 0.923450
vt 0.147133 0.975953
vt 0.151046 0.975953
vt 0.151046 0.980393
vt 0.147133 0.980393
vt 0.621009 0.976795
vt 0.617097 0.976795
vt 0.617097 0.972355
vt 0.621009 0.972355
vt 0.951109 0.003043
vt 0.955021 0.003043
vt 0.955021 0.211937
vt 0.951109 0.211937
vt 0.955021 0.847460
vt 0.951109 0.847460
vt 0.951109 0.638566
vt 0.955021 0.638566
vt 0.617097 0.650928
vt 0.623348 0.650547
vt 0.623348 0.928845
vt 0.617097 0.929226
vt 0.629456 0.928845
vt 0.629456 0.650547
vt 0.635707 0.650928
vt 0.635707 0.929226
vt 0.206179 0.976076
vt 0.206179 0.980516
vt 0.202267 0.980516
vt 0.202267 0.976076
vt 0.283425 0.977027
vt 0.283425 0.972587
vt 0.287338 0.972587
vt 0.287338 0.977027
vt 0.961107 0.211937
vt 0.961107 0.003043
vt 0.965019 0.003043
vt 0.965019 0.211937
vt 0.965019 0.638566
vt 0.965019 0.847460
vt 0.961107 0.847460
vt 0.961107 0.638566
vt 0.046399 0.869362
vt 0.040124 0.869362
vt 0.040124 0.660722
vt 0.046399 0.660722
vt 0.726476 0.861537
vt 0.726476 0.652897
vt 0.735883 0.652897
vt 0.735883 0.861537
vt 0.776466 0.939620
vt 0.782741 0.939620
vt 0.782741 0.949026
vt 0.776466 0.949026
vt 0.034039 0.869362
vt 0.027764 0.869362
vt 0.027764 0.660722
vt 0.034039 0.660722
vt 0.690397 0.861537
vt 0.680991 0.861537
vt 0.680991 0.652897
vt 0.690397 0.652897
vt 0.202267 0.935888
vt 0.208542 0.935888
vt 0.208542 0.945295
vt 0.202267 0.945295
vt 0.071120 0.660722
vt 0.071120 0.869362
vt 0.064845 0.869362
vt 0.064845 0.660722
vt 0.785873 0.861537
vt 0.776466 0.861537
vt 0.776466 0.652897
vt 0.785873 0.652897
vt 0.589257 0.949026
vt 0.589257 0.939620
vt 0.595532 0.939620
vt 0.595532 0.949026
vt 0.009318 0.660722
vt 0.009318 0.869362
vt 0.003043 0.869362
vt 0.003043 0.660722
vt 0.700987 0.861537
vt 0.700987 0.652897
vt 0.710393 0.652897
vt 0.710393 0.861537
vt 0.530661 0.949027
vt 0.530661 0.939620
vt 0.536936 0.939620
vt 0.536936 0.949027
vt 0.493617 0.920997
vt 0.493617 0.652897
vt 0.499880 0.652897
vt 0.499880 0.920997
vt 0.456573 0.652897
vt 0.462836 0.652897
vt 0.462836 0.920997
vt 0.456573 0.920997
vt 0.555357 0.970262
vt 0.559270 0.970262
vt 0.559270 0.975241
vt 0.555357 0.975241
vt 0.040086 0.972141
vt 0.043999 0.972141
vt 0.043999 0.977120
vt 0.040086 0.977120
vt 0.112440 0.700021
vt 0.116352 0.700021
vt 0.116352 0.913166
vt 0.112440 0.913166
vt 0.935025 0.216188
vt 0.931113 0.216188
vt 0.931113 0.003043
vt 0.935025 0.003043
vt 0.475184 0.920997
vt 0.468921 0.920997
vt 0.468921 0.652897
vt 0.475184 0.652897
vt 0.407181 0.920997
vt 0.407181 0.652897
vt 0.413444 0.652897
vt 0.413444 0.920997
vt 0.006955 0.972141
vt 0.006955 0.977120
vt 0.003043 0.977120
vt 0.003043 0.972141
vt 0.226988 0.974701
vt 0.226988 0.969722
vt 0.230901 0.969722
vt 0.230901 0.974701
vt 0.256312 0.910311
vt 0.256312 0.697165
vt 0.260225 0.697165
vt 0.260225 0.910311
vt 0.270223 0.697165
vt 0.270223 0.910310
vt 0.266311 0.910310
vt 0.266310 0.697165
vt 0.308121 0.941805
vt 0.308121 0.875893
vt 0.314384 0.875893
vt 0.314384 0.941805
vt 0.302036 0.941805
vt 0.295773 0.941805
vt 0.295773 0.875893
vt 0.302036 0.875893
vt 0.700987 0.955112
vt 0.704899 0.955112
vt 0.704899 0.961375
vt 0.700987 0.961375
vt 0.077205 0.947079
vt 0.081118 0.947079
vt 0.081118 0.953341
vt 0.077205 0.953341
vt 0.836454 0.926778
vt 0.840367 0.926778
vt 0.840367 0.992691
vt 0.836454 0.992691
vt 0.158461 0.921522
vt 0.162374 0.921522
vt 0.162374 0.987434
vt 0.158461 0.987434
vt 0.570849 0.933535
vt 0.570849 0.867622
vt 0.577111 0.867622
vt 0.577111 0.933535
vt 0.536924 0.933535
vt 0.530661 0.933535
vt 0.530661 0.867622
vt 0.536924 0.867622
vt 0.392484 0.957200
vt 0.396396 0.957200
vt 0.396396 0.963462
vt 0.392484 0.963462
vt 0.293423 0.947891
vt 0.297336 0.947891
vt 0.297336 0.954153
vt 0.293423 0.954153
vt 0.468921 0.927082
vt 0.472834 0.927082
vt 0.472834 0.992995
vt 0.468921 0.992995
vt 0.112440 0.919251
vt 0.116352 0.919251
vt 0.116352 0.985164
vt 0.112440 0.985164
vt 0.666488 0.652897
vt 0.672751 0.652897
vt 0.672751 0.910375
vt 0.666488 0.910375
vt 0.487532 0.652897
vt 0.487532 0.910375
vt 0.481269 0.910375
vt 0.481269 0.652897
vt 0.694901 0.967460
vt 0.694901 0.973722
vt 0.690989 0.973722
vt 0.690989 0.967460
vt 0.137135 0.969868
vt 0.137135 0.963605
vt 0.141048 0.963605
vt 0.141048 0.969868
vt 0.816458 0.910375
vt 0.816458 0.652897
vt 0.820371 0.652897
vt 0.820371 0.910375
vt 0.093994 0.660722
vt 0.093994 0.918200
vt 0.090081 0.918200
vt 0.090081 0.660722
vt 0.741968 0.652897
vt 0.748231 0.652897
vt 0.748231 0.910375
vt 0.741968 0.910375
vt 0.524576 0.652897
vt 0.524576 0.910375
vt 0.518313 0.910375
vt 0.518313 0.652897
vt 0.975017 0.955884
vt 0.975017 0.962147
vt 0.971105 0.962147
vt 0.971105 0.955884
vt 0.921115 0.966904
vt 0.921115 0.960642
vt 0.925027 0.960642
vt 0.925027 0.966904
vt 0.766468 0.910375
vt 0.766468 0.652897
vt 0.770381 0.652897
vt 0.770381 0.910375
vt 0.795871 0.652897
vt 0.795871 0.910375
vt 0.791958 0.910375
vt 0.791958 0.652897
vt 0.623359 0.003043
vt 0.623359 0.644462
vt 0.617097 0.644462
vt 0.617097 0.003043
vt 0.648055 0.644462
vt 0.641793 0.644462
vt 0.641793 0.003043
vt 0.648055 0.003043
vt 0.006955 0.966056
vt 0.003043 0.966056
vt 0.003043 0.959793
vt 0.006955 0.959793
vt 0.590845 0.967460
vt 0.594757 0.967460
vt 0.594757 0.973722
vt 0.590845 0.973722
vt 0.840367 0.644462
vt 0.836454 0.644462
vt 0.836454 0.003043
vt 0.840367 0.003043
vt 0.850365 0.644462
vt 0.846452 0.644462
vt 0.846452 0.003043
vt 0.850365 0.003043
vt 0.268660 0.303688
vt 0.274923 0.303688
vt 0.274923 0.691080
vt 0.268660 0.691080
vt 0.177072 0.303566
vt 0.177072 0.690957
vt 0.170809 0.690957
vt 0.170809 0.303566
vt 0.975017 0.943536
vt 0.975017 0.949799
vt 0.971105 0.949799
vt 0.971105 0.943536
vt 0.776466 0.973722
vt 0.776466 0.967459
vt 0.780379 0.967459
vt 0.780379 0.973722
vt 0.896442 0.783911
vt 0.896442 0.396519
vt 0.900355 0.396519
vt 0.900355 0.783911
vt 0.900355 0.003043
vt 0.900355 0.390434
vt 0.896442 0.390434
vt 0.896442 0.003043
vt 0.256312 0.303688
vt 0.262575 0.303688
vt 0.262575 0.691080
vt 0.256312 0.691080
vt 0.250227 0.303688
vt 0.250227 0.691080
vt 0.243964 0.691080
vt 0.243964 0.303688
vt 0.584759 0.967460
vt 0.584759 0.973722
vt 0.580847 0.973722
vt 0.580847 0.967460
vt 0.726476 0.973722
vt 0.726476 0.967460
vt 0.730389 0.967460
vt 0.730389 0.973722
vt 0.886444 0.390434
vt 0.886444 0.003043
vt 0.890357 0.003043
vt 0.890357 0.390434
vt 0.890357 0.396519
vt 0.890357 0.783911
vt 0.886444 0.783911
vt 0.886444 0.396519
s 0
usemtl Metal.001
f 609/1705/33 610/1706/33 612/1707/33 611/1708/33
f 613/1709/34 615/1710/34 616/1711/34 614/1712/34
f 610/1713/35 614/1714/35 616/1715/35 612/1716/35
f 611/1717/36 615/1718/36 613/1719/36 609/1720/36
f 612/1716/37 616/1715/37 615/1721/37 611/1722/37
f 609/1723/38 613/1724/38 614/1725/38 610/1726/38
f 617/1727/33 618/1728/33 620/1729/33 619/1730/33
f 621/1731/34 623/1732/34 624/1733/34 622/1734/34
f 618/1735/35 622/1736/35 624/1737/35 620/1738/35
f 619/1739/36 623/1740/36 621/1741/36 617/1742/36
f 620/1738/37 624/1737/37 623/1743/37 619/1744/37
f 617/1745/38 621/1746/38 622/1747/38 618/1748/38
f 625/1749/33 626/1750/33 628/1751/33 627/1752/33
f 629/1753/34 631/1754/34 632/1755/34 630/1756/34
f 626/1757/35 630/1758/35 632/1759/35 628/1760/35
f 627/1761/36 631/1762/36 629/1763/36 625/1764/36
f 628/1760/37 632/1759/37 631/1765/37 627/1766/37
f 625/1767/38 629/1768/38 630/1769/38 626/1770/38
f 633/1771/33 634/1772/33 636/1773/33 635/1774/33
f 637/1775/34 639/1776/34 640/1777/34 638/1778/34
f 634/1779/39 638/1780/39 640/1781/39 636/1782/39
f 635/1783/36 639/1784/36 637/1785/36 633/1786/36
f 636/1787/37 640/1788/37 639/1789/37 635/1790/37
f 633/1791/38 637/1792/38 638/1793/38 634/1794/38
f 641/1795/37 643/1796/37 644/1797/37 642/1798/37
f 645/1799/39 649/1800/39 651/1801/39 647/1802/39
f 644/1803/40 648/1804/40 646/1805/40 642/1806/40
f 642/1807/33 646/1808/33 645/1809/33 641/1810/33
f 641/1795/35 645/1811/35 647/1812/35 643/1796/35
f 643/1813/34 647/1814/34 648/1815/34 644/1816/34
f 649/1800/39 653/1817/39 655/1818/39 651/1801/39
f 647/1814/34 651/1819/34 652/1820/34 648/1815/34
f 648/1821/36 652/1822/36 650/1823/36 646/1824/36
f 646/1808/33 650/1825/33 649/1826/33 645/1809/33
f 653/1827/38 654/1828/38 656/1829/38 655/1830/38
f 651/1819/34 655/1831/34 656/1832/34 652/1820/34
f 652/1822/36 656/1833/36 654/1834/36 650/1823/36
f 697/1835/39 701/1836/39 653/1817/39 649/1800/39
f 1146/1837/37 1145/1838/37 1129/1839/37 1130/1840/37
f 702/1841/36 698/1842/36 650/1823/36 654/1834/36
f 701/1843/38 702/1844/38 654/1828/38 653/1827/38
f 657/1845/34 659/1846/34 660/1847/34 658/1848/34
f 661/1849/33 662/1850/33 664/1851/33 663/1852/33
f 658/1853/35 660/1854/35 664/1855/35 662/1856/35
f 659/1857/36 657/1858/36 661/1859/36 663/1860/36
f 660/1854/37 659/1861/37 663/1862/37 664/1855/37
f 657/1863/38 658/1864/38 662/1865/38 661/1866/38
f 665/1867/34 667/1868/34 668/1869/34 666/1870/34
f 669/1871/33 670/1872/33 672/1873/33 671/1874/33
f 666/1875/35 668/1876/35 672/1877/35 670/1878/35
f 667/1879/36 665/1880/36 669/1881/36 671/1882/36
f 668/1876/37 667/1883/37 671/1884/37 672/1877/37
f 665/1885/38 666/1886/38 670/1887/38 669/1888/38
f 673/1889/34 675/1890/34 676/1891/34 674/1892/34
f 677/1893/33 678/1894/33 680/1895/33 679/1896/33
f 674/1897/35 676/1898/35 680/1899/35 678/1900/35
f 675/1901/36 673/1902/36 677/1903/36 679/1904/36
f 676/1898/37 675/1905/37 679/1906/37 680/1899/37
f 673/1907/38 674/1908/38 678/1909/38 677/1910/38
f 681/1911/34 683/1912/34 684/1913/34 682/1914/34
f 685/1915/33 686/1916/33 688/1917/33 687/1918/33
f 682/1919/39 684/1920/39 688/1921/39 686/1922/39
f 683/1923/36 681/1924/36 685/1925/36 687/1926/36
f 684/1927/37 683/1928/37 687/1929/37 688/1930/37
f 681/1931/38 682/1932/38 686/1933/38 685/1934/38
f 689/1935/37 690/1936/37 692/1937/37 691/1938/37
f 693/1939/39 695/1940/39 699/1941/39 697/1835/39
f 692/1942/40 690/1943/40 694/1944/40 696/1945/40
f 690/1946/34 689/1947/34 693/1948/34 694/1949/34
f 689/1935/35 691/1938/35 695/1950/35 693/1951/35
f 691/1952/33 692/1953/33 696/1954/33 695/1955/33
f 697/1835/39 699/1941/39 703/1956/39 701/1836/39
f 695/1955/33 696/1954/33 700/1957/33 699/1958/33
f 696/1959/36 694/1960/36 698/1842/36 700/1961/36
f 694/1949/34 693/1948/34 697/1962/34 698/1963/34
f 701/1843/38 703/1964/38 704/1965/38 702/1844/38
f 699/1958/33 700/1957/33 704/1966/33 703/1967/33
f 700/1961/36 698/1842/36 702/1841/36 704/1968/36
f 705/1969/33 706/1970/33 708/1971/33 707/1972/33
f 709/1973/34 711/1974/34 712/1975/34 710/1976/34
f 706/1977/41 710/1978/41 712/1979/41 708/1980/41
f 707/1981/42 711/1982/42 709/1983/42 705/1984/42
f 708/1985/43 712/1986/43 711/1987/43 707/1988/43
f 705/1989/44 709/1990/44 710/1991/44 706/1992/44
f 713/1993/34 715/1994/34 716/1995/34 714/1996/34
f 717/1997/33 718/1998/33 720/1999/33 719/2000/33
f 714/2001/41 716/2002/41 720/2003/41 718/2004/41
f 715/2005/42 713/2006/42 717/2007/42 719/2008/42
f 716/2009/43 715/2010/43 719/2011/43 720/2012/43
f 713/2013/44 714/2014/44 718/2015/44 717/2016/44
f 721/2017/39 722/2018/39 724/2019/39 723/2020/39
f 725/2021/36 727/2022/36 728/2023/36 726/2024/36
f 722/2025/38 726/2026/38 728/2027/38 724/2028/38
f 723/2029/37 727/2030/37 725/2031/37 721/2032/37
f 724/2033/34 728/2034/34 727/2035/34 723/2036/34
f 721/2037/33 725/2038/33 726/2039/33 722/2040/33
f 729/2041/39 730/2042/39 732/2043/39 731/2044/39
f 733/2045/36 735/2046/36 736/2047/36 734/2048/36
f 730/2049/38 734/2050/38 736/2051/38 732/2052/38
f 731/2053/37 735/2054/37 733/2055/37 729/2056/37
f 732/2057/34 736/2058/34 735/2059/34 731/2060/34
f 729/2061/33 733/2062/33 734/2063/33 730/2064/33
f 737/2065/34 739/2066/34 740/2067/34 738/2068/34
f 741/2069/33 742/2070/33 744/2071/33 743/2072/33
f 738/2073/39 740/2074/39 744/2075/39 742/2076/39
f 739/2077/36 737/2078/36 741/2079/36 743/2080/36
f 740/2081/37 739/2082/37 743/2083/37 744/2084/37
f 737/2085/38 738/2086/38 742/2087/38 741/2088/38
f 745/2089/34 747/2090/34 748/2091/34 746/2092/34
f 749/2093/33 750/2094/33 752/2095/33 751/2096/33
f 746/2097/39 748/2098/39 752/2099/39 750/2100/39
f 747/2101/36 745/2102/36 749/2103/36 751/2104/36
f 748/2105/37 747/2106/37 751/2107/37 752/2108/37
f 745/2109/38 746/2110/38 750/2111/38 749/2112/38
f 753/2113/39 754/2114/39 756/2115/39 755/2116/39
f 757/2117/36 759/2118/36 760/2119/36 758/2120/36
f 754/2121/38 758/2122/38 760/2123/38 756/2124/38
f 755/2125/37 759/2126/37 757/2127/37 753/2128/37
f 756/2129/34 760/2130/34 759/2131/34 755/2132/34
f 753/2133/33 757/2134/33 758/2135/33 754/2136/33
f 761/2137/39 762/2138/39 764/2139/39 763/2140/39
f 765/2141/36 767/2142/36 768/2143/36 766/2144/36
f 762/2145/38 766/2146/38 768/2147/38 764/2148/38
f 763/2149/37 767/2150/37 765/2151/37 761/2152/37
f 764/2153/34 768/2154/34 767/2155/34 763/2156/34
f 761/2157/33 765/2158/33 766/2159/33 762/2160/33
f 769/2161/34 771/2162/34 772/2163/34 770/2164/34
f 773/2165/33 774/2166/33 776/2167/33 775/2168/33
f 770/2169/39 772/2170/39 776/2171/39 774/2172/39
f 771/2173/36 769/2174/36 773/2175/36 775/2176/36
f 772/2177/37 771/2178/37 775/2179/37 776/2180/37
f 769/2181/38 770/2182/38 774/2183/38 773/2184/38
f 777/2185/34 779/2186/34 780/2187/34 778/2188/34
f 781/2189/33 782/2190/33 784/2191/33 783/2192/33
f 778/2193/39 780/2194/39 784/2195/39 782/2196/39
f 779/2197/36 777/2198/36 781/2199/36 783/2200/36
f 780/2201/37 779/2202/37 783/2203/37 784/2204/37
f 777/2205/38 778/2206/38 782/2207/38 781/2208/38
f 785/2209/39 786/2210/39 788/2211/39 787/2212/39
f 789/2213/36 791/2214/36 792/2215/36 790/2216/36
f 786/2217/38 790/2218/38 792/2219/38 788/2220/38
f 787/2221/37 791/2222/37 789/2223/37 785/2224/37
f 788/2225/34 792/2226/34 791/2227/34 787/2228/34
f 785/2229/33 789/2230/33 790/2231/33 786/2232/33
f 793/2233/39 794/2234/39 796/2235/39 795/2236/39
f 797/2237/36 799/2238/36 800/2239/36 798/2240/36
f 794/2241/38 798/2242/38 800/2243/38 796/2244/38
f 795/2245/37 799/2246/37 797/2247/37 793/2248/37
f 796/2249/34 800/2250/34 799/2251/34 795/2252/34
f 793/2253/33 797/2254/33 798/2255/33 794/2256/33
f 801/2257/34 803/2258/34 804/2259/34 802/2260/34
f 805/2261/33 806/2262/33 808/2263/33 807/2264/33
f 802/2265/39 804/2266/39 808/2267/39 806/2268/39
f 803/2269/36 801/2270/36 805/2271/36 807/2272/36
f 804/2273/37 803/2274/37 807/2275/37 808/2276/37
f 801/2277/38 802/2278/38 806/2279/38 805/2280/38
f 809/2281/34 811/2282/34 812/2283/34 810/2284/34
f 813/2285/33 814/2286/33 816/2287/33 815/2288/33
f 810/2289/39 812/2290/39 816/2291/39 814/2292/39
f 811/2293/36 809/2294/36 813/2295/36 815/2296/36
f 812/2297/37 811/2298/37 815/2299/37 816/2300/37
f 809/2301/38 810/2302/38 814/2303/38 813/2304/38
f 817/2305/39 818/2306/39 820/2307/39 819/2308/39
f 821/2309/36 823/2310/36 824/2311/36 822/2312/36
f 818/2313/33 822/2314/33 824/2315/33 820/2316/33
f 819/2317/34 823/2318/34 821/2319/34 817/2320/34
f 820/2321/38 824/2322/38 823/2323/38 819/2324/38
f 817/2325/37 821/2326/37 822/2327/37 818/2328/37
f 825/2329/39 827/2330/39 828/2331/39 826/2332/39
f 829/2333/36 830/2334/36 832/2335/36 831/2336/36
f 826/2337/33 828/2338/33 832/2339/33 830/2340/33
f 827/2341/34 825/2342/34 829/2343/34 831/2344/34
f 828/2345/37 827/2346/37 831/2347/37 832/2348/37
f 825/2349/38 826/2350/38 830/2351/38 829/2352/38
f 833/2353/39 834/2354/39 836/2355/39 835/2356/39
f 837/2357/36 839/2358/36 840/2359/36 838/2360/36
f 834/2361/38 838/2362/38 840/2363/38 836/2364/38
f 835/2365/37 839/2366/37 837/2367/37 833/2368/37
f 836/2369/34 840/2370/34 839/2371/34 835/2372/34
f 833/2373/33 837/2374/33 838/2375/33 834/2376/33
f 841/2377/39 842/2378/39 844/2379/39 843/2380/39
f 845/2381/36 847/2382/36 848/2383/36 846/2384/36
f 842/2385/38 846/2386/38 848/2387/38 844/2388/38
f 843/2389/37 847/2390/37 845/2391/37 841/2392/37
f 844/2393/34 848/2394/34 847/2395/34 843/2396/34
f 841/2397/33 845/2398/33 846/2399/33 842/2400/33
f 849/2401/39 850/2402/39 852/2403/39 851/2404/39
f 853/2405/36 855/2406/36 856/2407/36 854/2408/36
f 850/2409/33 854/2410/33 856/2411/33 852/2412/33
f 851/2413/34 855/2414/34 853/2415/34 849/2416/34
f 852/2417/38 856/2418/38 855/2419/38 851/2420/38
f 849/2421/37 853/2422/37 854/2423/37 850/2424/37
f 857/2425/39 859/2426/39 860/2427/39 858/2428/39
f 861/2429/36 862/2430/36 864/2431/36 863/2432/36
f 858/2433/33 860/2434/33 864/2435/33 862/2436/33
f 859/2437/34 857/2438/34 861/2439/34 863/2440/34
f 860/2441/37 859/2442/37 863/2443/37 864/2444/37
f 857/2445/38 858/2446/38 862/2447/38 861/2448/38
f 865/2449/39 866/2450/39 868/2451/39 867/2452/39
f 869/2453/36 871/2454/36 872/2455/36 870/2456/36
f 866/2457/38 870/2458/38 872/2459/38 868/2460/38
f 867/2461/37 871/2462/37 869/2463/37 865/2464/37
f 868/2465/34 872/2466/34 871/2467/34 867/2468/34
f 865/2469/33 869/2470/33 870/2471/33 866/2472/33
f 873/2473/39 874/2474/39 876/2475/39 875/2476/39
f 877/2477/36 879/2478/36 880/2479/36 878/2480/36
f 874/2481/38 878/2482/38 880/2483/38 876/2484/38
f 875/2485/37 879/2486/37 877/2487/37 873/2488/37
f 876/2489/34 880/2490/34 879/2491/34 875/2492/34
f 873/2493/33 877/2494/33 878/2495/33 874/2496/33
f 881/2497/39 882/2498/39 884/2499/39 883/2500/39
f 885/2501/36 887/2502/36 888/2503/36 886/2504/36
f 882/2505/33 886/2506/33 888/2507/33 884/2508/33
f 883/2509/34 887/2510/34 885/2511/34 881/2512/34
f 884/2513/38 888/2514/38 887/2515/38 883/2516/38
f 881/2517/37 885/2518/37 886/2519/37 882/2520/37
f 889/2521/39 891/2522/39 892/2523/39 890/2524/39
f 893/2525/36 894/2526/36 896/2527/36 895/2528/36
f 890/2529/33 892/2530/33 896/2531/33 894/2532/33
f 891/2533/34 889/2534/34 893/2535/34 895/2536/34
f 892/2537/37 891/2538/37 895/2539/37 896/2540/37
f 889/2541/38 890/2542/38 894/2543/38 893/2544/38
f 897/2545/39 898/2546/39 900/2547/39 899/2548/39
f 901/2549/36 903/2550/36 904/2551/36 902/2552/36
f 898/2553/38 902/2554/38 904/2555/38 900/2556/38
f 899/2557/37 903/2558/37 901/2559/37 897/2560/37
f 900/2561/34 904/2562/34 903/2563/34 899/2564/34
f 897/2565/33 901/2566/33 902/2567/33 898/2568/33
f 905/2569/39 906/2570/39 908/2571/39 907/2572/39
f 909/2573/36 911/2574/36 912/2575/36 910/2576/36
f 906/2577/38 910/2578/38 912/2579/38 908/2580/38
f 907/2581/37 911/2582/37 909/2583/37 905/2584/37
f 908/2585/34 912/2586/34 911/2587/34 907/2588/34
f 905/2589/33 909/2590/33 910/2591/33 906/2592/33
f 913/2593/39 914/2594/39 916/2595/39 915/2596/39
f 917/2597/36 919/2598/36 920/2599/36 918/2600/36
f 914/2601/33 918/2602/33 920/2603/33 916/2604/33
f 915/2605/34 919/2606/34 917/2607/34 913/2608/34
f 916/2609/38 920/2610/38 919/2611/38 915/2612/38
f 913/2613/37 917/2614/37 918/2615/37 914/2616/37
f 921/2617/39 923/2618/39 924/2619/39 922/2620/39
f 925/2621/36 926/2622/36 928/2623/36 927/2624/36
f 922/2625/33 924/2626/33 928/2627/33 926/2628/33
f 923/2629/34 921/2630/34 925/2631/34 927/2632/34
f 924/2633/37 923/2634/37 927/2635/37 928/2636/37
f 921/2637/38 922/2638/38 926/2639/38 925/2640/38
f 929/2641/39 930/2642/39 932/2643/39 931/2644/39
f 933/2645/36 935/2646/36 936/2647/36 934/2648/36
f 930/2649/38 934/2650/38 936/2651/38 932/2652/38
f 931/2653/37 935/2654/37 933/2655/37 929/2656/37
f 932/2657/34 936/2658/34 935/2659/34 931/2660/34
f 929/2661/33 933/2662/33 934/2663/33 930/2664/33
f 937/2665/39 938/2666/39 940/2667/39 939/2668/39
f 941/2669/36 943/2670/36 944/2671/36 942/2672/36
f 938/2673/38 942/2674/38 944/2675/38 940/2676/38
f 939/2677/37 943/2678/37 941/2679/37 937/2680/37
f 940/2681/34 944/2682/34 943/2683/34 939/2684/34
f 937/2685/33 941/2686/33 942/2687/33 938/2688/33
f 945/2689/38 946/2690/38 948/2691/38 947/2692/38
f 949/2693/37 951/2694/37 952/2695/37 950/2696/37
f 946/2697/33 950/2698/33 952/2699/33 948/2700/33
f 947/2701/34 951/2702/34 949/2703/34 945/2704/34
f 948/2705/36 952/2706/36 951/2707/36 947/2708/36
f 945/2709/39 949/2710/39 950/2711/39 946/2712/39
f 953/2713/38 954/2714/38 956/2715/38 955/2716/38
f 957/2717/37 959/2718/37 960/2719/37 958/2720/37
f 954/2721/45 958/2722/45 960/2723/45 956/2724/45
f 955/2725/46 959/2726/46 957/2727/46 953/2728/46
f 956/2729/47 960/2730/47 959/2731/47 955/2732/47
f 953/2733/48 957/2734/48 958/2735/48 954/2736/48
f 961/2737/38 963/2738/38 964/2739/38 962/2740/38
f 965/2741/37 966/2742/37 968/2743/37 967/2744/37
f 962/2745/49 964/2746/49 968/2747/49 966/2748/49
f 963/2749/50 961/2750/50 965/2751/50 967/2752/50
f 964/2753/51 963/2754/51 967/2755/51 968/2756/51
f 961/2757/52 962/2758/52 966/2759/52 965/2760/52
f 969/2761/38 970/2762/38 972/2763/38 971/2764/38
f 973/2765/37 975/2766/37 976/2767/37 974/2768/37
f 970/2769/45 974/2770/45 976/2771/45 972/2772/45
f 971/2773/46 975/2774/46 973/2775/46 969/2776/46
f 972/2777/47 976/2778/47 975/2779/47 971/2780/47
f 969/2781/48 973/2782/48 974/2783/48 970/2784/48
f 977/2785/38 979/2786/38 980/2787/38 978/2788/38
f 981/2789/37 982/2790/37 984/2791/37 983/2792/37
f 978/2793/49 980/2794/49 984/2795/49 982/2796/49
f 979/2797/50 977/2798/50 981/2799/50 983/2800/50
f 980/2801/51 979/2802/51 983/2803/51 984/2804/51
f 977/2805/52 978/2806/52 982/2807/52 981/2808/52
f 985/2809/39 986/2810/39 988/2811/39 987/2812/39
f 989/2813/36 991/2814/36 992/2815/36 990/2816/36
f 986/2817/33 990/2818/33 992/2819/33 988/2820/33
f 987/2821/34 991/2822/34 989/2823/34 985/2824/34
f 988/2825/38 992/2826/38 991/2827/38 987/2828/38
f 985/2829/37 989/2830/37 990/2831/37 986/2832/37
f 993/2833/39 994/2834/39 996/2835/39 995/2836/39
f 997/2837/36 999/2838/36 1000/2839/36 998/2840/36
f 994/2841/33 998/2842/33 1000/2843/33 996/2844/33
f 995/2845/34 999/2846/34 997/2847/34 993/2848/34
f 996/2849/38 1000/2850/38 999/2851/38 995/2852/38
f 993/2853/37 997/2854/37 998/2855/37 994/2856/37
f 1005/2857/34 1001/2858/34 1002/2859/34 1006/2860/34
f 1008/2861/39 1007/2862/39 1005/2863/39 1006/2864/39
f 1007/2865/38 1003/2866/38 1001/2867/38 1005/2868/38
f 1008/2869/33 1004/2870/33 1003/2871/33 1007/2872/33
f 1004/2873/36 1002/2874/36 1001/2875/36 1003/2876/36
f 1006/2877/37 1002/2878/37 1004/2879/37 1008/2880/37
f 1013/2881/33 1014/2882/33 1010/2883/33 1009/2884/33
f 1016/2885/39 1014/2886/39 1013/2887/39 1015/2888/39
f 1015/2889/38 1013/2890/38 1009/2891/38 1011/2892/38
f 1016/2893/34 1015/2894/34 1011/2895/34 1012/2896/34
f 1012/2897/36 1011/2898/36 1009/2899/36 1010/2900/36
f 1014/2901/37 1016/2902/37 1012/2903/37 1010/2904/37
f 1017/2905/37 1018/2906/37 1020/2907/37 1019/2908/37
f 1021/2909/38 1023/2910/38 1024/2911/38 1022/2912/38
f 1018/2913/49 1022/2914/49 1024/2915/49 1020/2916/49
f 1019/2917/50 1023/2918/50 1021/2919/50 1017/2920/50
f 1020/2921/51 1024/2922/51 1023/2923/51 1019/2924/51
f 1017/2925/52 1021/2926/52 1022/2927/52 1018/2928/52
f 1025/2929/37 1027/2930/37 1028/2931/37 1026/2932/37
f 1029/2933/38 1030/2934/38 1032/2935/38 1031/2936/38
f 1026/2937/45 1028/2938/45 1032/2939/45 1030/2940/45
f 1027/2941/46 1025/2942/46 1029/2943/46 1031/2944/46
f 1028/2945/47 1027/2946/47 1031/2947/47 1032/2948/47
f 1025/2949/48 1026/2950/48 1030/2951/48 1029/2952/48
f 1037/2953/34 1033/2954/34 1034/2955/34 1038/2956/34
f 1040/2957/39 1039/2958/39 1037/2959/39 1038/2960/39
f 1039/2961/38 1035/2962/38 1033/2963/38 1037/2964/38
f 1040/2965/33 1036/2966/33 1035/2967/33 1039/2968/33
f 1036/2969/36 1034/2970/36 1033/2971/36 1035/2972/36
f 1038/2973/37 1034/2974/37 1036/2975/37 1040/2976/37
f 1045/2977/33 1046/2978/33 1042/2979/33 1041/2980/33
f 1048/2981/39 1046/2982/39 1045/2983/39 1047/2984/39
f 1047/2985/38 1045/2986/38 1041/2987/38 1043/2988/38
f 1048/2989/34 1047/2990/34 1043/2991/34 1044/2992/34
f 1044/2993/36 1043/2994/36 1041/2995/36 1042/2996/36
f 1046/2997/37 1048/2998/37 1044/2999/37 1042/3000/37
f 1049/3001/33 1050/3002/33 1052/3003/33 1051/3004/33
f 1053/3005/34 1055/3006/34 1056/3007/34 1054/3008/34
f 1050/3009/41 1054/3010/41 1056/3011/41 1052/3012/41
f 1051/3013/42 1055/3014/42 1053/3015/42 1049/3016/42
f 1052/3017/43 1056/3018/43 1055/3019/43 1051/3020/43
f 1049/3021/44 1053/3022/44 1054/3023/44 1050/3024/44
f 1057/3025/34 1059/3026/34 1060/3027/34 1058/3028/34
f 1061/3029/33 1062/3030/33 1064/3031/33 1063/3032/33
f 1058/3033/41 1060/3034/41 1064/3035/41 1062/3036/41
f 1059/3037/42 1057/3038/42 1061/3039/42 1063/3040/42
f 1060/3041/43 1059/3042/43 1063/3043/43 1064/3044/43
f 1057/3045/44 1058/3046/44 1062/3047/44 1061/3048/44
f 1065/3049/39 1066/3050/39 1068/3051/39 1067/3052/39
f 1069/3053/36 1071/3054/36 1072/3055/36 1070/3056/36
f 1066/3057/38 1070/3058/38 1072/3059/38 1068/3060/38
f 1067/3061/37 1071/3062/37 1069/3063/37 1065/3064/37
f 1068/3065/34 1072/3066/34 1071/3067/34 1067/3068/34
f 1065/3069/33 1069/3070/33 1070/3071/33 1066/3072/33
f 1073/3073/39 1074/3074/39 1076/3075/39 1075/3076/39
f 1077/3077/36 1079/3078/36 1080/3079/36 1078/3080/36
f 1074/3081/38 1078/3082/38 1080/3083/38 1076/3084/38
f 1075/3085/37 1079/3086/37 1077/3087/37 1073/3088/37
f 1076/3089/34 1080/3090/34 1079/3091/34 1075/3092/34
f 1073/3093/33 1077/3094/33 1078/3095/33 1074/3096/33
f 1081/3097/34 1083/3098/34 1084/3099/34 1082/3100/34
f 1085/3101/33 1086/3102/33 1088/3103/33 1087/3104/33
f 1082/3105/39 1084/3106/39 1088/3107/39 1086/3108/39
f 1083/3109/36 1081/3110/36 1085/3111/36 1087/3112/36
f 1084/3113/37 1083/3114/37 1087/3115/37 1088/3116/37
f 1081/3117/38 1082/3118/38 1086/3119/38 1085/3120/38
f 1089/3121/34 1091/3122/34 1092/3123/34 1090/3124/34
f 1093/3125/33 1094/3126/33 1096/3127/33 1095/3128/33
f 1090/3129/39 1092/3130/39 1096/3131/39 1094/3132/39
f 1091/3133/36 1089/3134/36 1093/3135/36 1095/3136/36
f 1092/3137/37 1091/3138/37 1095/3139/37 1096/3140/37
f 1089/3141/38 1090/3142/38 1094/3143/38 1093/3144/38
f 1097/3145/38 1098/3146/38 1100/3147/38 1099/3148/38
f 1101/3149/37 1103/3150/37 1104/3151/37 1102/3152/37
f 1098/3153/33 1102/3154/33 1104/3155/33 1100/3156/33
f 1099/3157/34 1103/3158/34 1101/3159/34 1097/3160/34
f 1100/3161/36 1104/3162/36 1103/3163/36 1099/3164/36
f 1097/3165/39 1101/3166/39 1102/3167/39 1098/3168/39
f 1105/3169/34 1107/3170/34 1108/3171/34 1106/3172/34
f 1109/3173/33 1110/3174/33 1112/3175/33 1111/3176/33
f 1106/3177/39 1108/3178/39 1112/3179/39 1110/3180/39
f 1107/3181/36 1105/3182/36 1109/3183/36 1111/3184/36
f 1108/3185/37 1107/3186/37 1111/3187/37 1112/3188/37
f 1105/3189/38 1106/3190/38 1110/3191/38 1109/3192/38
f 1113/3193/34 1115/3194/34 1116/3195/34 1114/3196/34
f 1117/3197/33 1118/3198/33 1120/3199/33 1119/3200/33
f 1114/3201/39 1116/3202/39 1120/3203/39 1118/3204/39
f 1115/3205/36 1113/3206/36 1117/3207/36 1119/3208/36
f 1116/3209/37 1115/3210/37 1119/3211/37 1120/3212/37
f 1113/3213/38 1114/3214/38 1118/3215/38 1117/3216/38
f 1121/1795/37 1123/1796/37 1124/1797/37 1122/1798/37
f 1125/1799/39 1129/1800/39 1131/1801/39 1127/1802/39
f 1124/1803/40 1128/1804/40 1126/1805/40 1122/1806/40
f 1122/1807/33 1126/1808/33 1125/1809/33 1121/1810/33
f 1121/1795/35 1125/1811/35 1127/1812/35 1123/1796/35
f 1123/1813/34 1127/1814/34 1128/1815/34 1124/1816/34
f 1129/1800/39 1133/1817/39 1135/1818/39 1131/1801/39
f 1127/1814/34 1131/1819/34 1132/1820/34 1128/1815/34
f 1128/1821/36 1132/1822/36 1130/1823/36 1126/1824/36
f 1126/1808/33 1130/1825/33 1129/1826/33 1125/1809/33
f 1133/1827/38 1134/1828/38 1136/1829/38 1135/1830/38
f 1131/1819/34 1135/1831/34 1136/1832/34 1132/1820/34
f 1132/1822/36 1136/1833/36 1134/1834/36 1130/1823/36
f 1145/1835/39 1149/1836/39 1133/1817/39 1129/1800/39
f 698/1837/37 697/1838/37 649/1839/37 650/1840/37
f 1150/1841/36 1146/1842/36 1130/1823/36 1134/1834/36
f 1149/1843/38 1150/1844/38 1134/1828/38 1133/1827/38
f 1137/1935/37 1138/1936/37 1140/1937/37 1139/1938/37
f 1141/1939/39 1143/1940/39 1147/1941/39 1145/1835/39
f 1140/1942/40 1138/1943/40 1142/1944/40 1144/1945/40
f 1138/1946/34 1137/1947/34 1141/1948/34 1142/1949/34
f 1137/1935/35 1139/1938/35 1143/1950/35 1141/1951/35
f 1139/1952/33 1140/1953/33 1144/1954/33 1143/1955/33
f 1145/1835/39 1147/1941/39 1151/1956/39 1149/1836/39
f 1143/1955/33 1144/1954/33 1148/1957/33 1147/1958/33
f 1144/1959/36 1142/1960/36 1146/1842/36 1148/1961/36
f 1142/1949/34 1141/1948/34 1145/1962/34 1146/1963/34
f 1149/1843/38 1151/1964/38 1152/1965/38 1150/1844/38
f 1147/1958/33 1148/1957/33 1152/1966/33 1151/1967/33
f 1148/1961/36 1146/1842/36 1150/1841/36 1152/1968/36
