# 3ds Max Wavefront OBJ Exporter v0.99 - (c)2007 guruware
# File Created: 15.03.2026 18:11:41

mtllib pollos.mtl

#
# object Gallo
#

v  29.1168 4.9491 -3.2647
v  29.1426 4.6671 -3.2874
v  29.1325 4.6894 -3.3312
v  29.0998 5.0754 -3.2447
v  29.1728 4.3200 -3.2699
v  29.1577 4.3805 -3.3439
v  29.2327 3.6436 -3.2647
v  29.2153 3.7093 -3.3433
v  29.2994 2.9206 -3.3435
v  29.2740 3.0667 -3.4043
v  29.3619 2.3065 -3.5992
v  29.3341 2.4290 -3.6669
v  29.4170 1.8114 -3.9585
v  29.3801 2.0067 -3.9687
v  29.4523 1.5200 -4.2617
v  29.4164 1.6757 -4.2530
v  29.4790 1.3785 -4.7123
v  29.4459 1.5176 -4.7293
v  29.5171 1.1213 -5.2034
v  29.4792 1.3085 -5.2039
v  29.5251 0.9985 -5.3788
v  29.4987 1.1662 -5.4400
v  29.6003 0.1819 -5.5756
v  29.5897 0.2052 -5.5942
v  29.5970 0.0913 -5.4882
v  29.6061 0.0704 -5.4919
v  29.5063 1.5007 -5.9366
v  29.4777 1.6796 -5.9092
v  29.4969 1.3170 -5.7840
v  29.5312 1.0758 -5.7267
v  29.4742 1.9021 -6.0522
v  29.4566 1.9541 -5.9782
v  29.4639 2.0299 -6.0859
v  29.4614 2.1338 -6.2995
v  29.4399 2.2452 -6.2641
v  29.4431 2.1414 -6.0505
v  29.4521 2.5262 -7.1209
v  29.4478 2.5219 -7.0989
v  29.4596 2.3725 -7.0440
v  29.4733 2.2724 -7.0761
v  29.2748 4.1393 -6.0274
v  29.2906 3.9315 -5.9420
v  29.2948 3.8186 -5.9339
v  29.2788 4.0585 -6.0576
v  29.3021 3.7714 -5.8553
v  29.3049 3.6583 -5.8473
v  29.3133 3.6189 -5.7787
v  29.3172 3.4825 -5.7662
v  29.3307 3.3974 -5.7053
v  29.3343 3.2476 -5.7030
v  29.3334 3.3448 -5.6451
v  29.3319 3.2314 -5.6372
v  29.3095 3.4553 -5.1933
v  29.2927 3.5673 -4.9707
v  29.2822 3.4630 -4.9723
v  29.3006 3.3554 -5.2001
v  29.2736 3.6820 -4.6854
v  29.2653 3.5549 -4.6747
v  29.2449 3.9339 -4.4821
v  29.2357 3.8425 -4.4409
v  29.2294 4.0848 -4.4142
v  29.2256 3.9604 -4.3882
v  29.2101 4.2782 -4.3458
v  29.2071 4.1351 -4.3048
v  29.1815 4.5528 -4.2128
v  29.1762 4.4450 -4.1604
v  29.1344 4.9973 -3.9653
v  29.1293 4.8958 -3.9177
v  29.0931 5.3354 -3.6044
v  29.0933 5.2309 -3.5987
v  29.0696 5.5011 -3.3205
v  29.0700 5.4142 -3.2542
v  29.0666 5.4680 -3.2081
v  29.0661 5.4255 -3.1629
v  29.0685 5.4485 -3.2338
v  29.0800 5.2404 -3.0178
v  29.0822 5.2155 -3.0189
v  29.0825 5.2170 -3.1029
v  29.0772 5.2710 -3.0884
v  29.4179 1.8194 -5.1327
v  29.3588 2.4070 -5.1635
v  29.3301 2.5947 -4.8441
v  29.3998 1.8930 -4.7612
v  29.3069 2.7683 -4.5265
v  29.3685 2.1037 -4.3560
v  29.2880 2.9496 -4.2505
v  29.3486 2.2843 -4.1110
v  29.2618 3.2160 -4.0029
v  29.3131 2.6649 -3.9359
v  29.2256 3.6556 -3.8511
v  29.2458 3.3988 -3.6579
v  29.1860 4.1123 -3.7713
v  29.1960 3.9653 -3.5854
v  29.1428 4.6065 -3.6207
v  29.1496 4.4856 -3.4832
v  29.1120 4.9382 -3.4922
v  29.1222 4.8059 -3.4380
v  29.0837 5.2380 -3.2670
v  29.0908 5.1527 -3.2540
v  29.0804 5.2556 -3.1936
v  29.0789 5.2750 -3.2019
v  29.0774 5.2809 -3.1773
v  29.0800 5.2540 -3.1774
v  29.0764 5.2875 -3.1552
v  29.0783 5.2671 -3.1591
v  29.4315 1.8278 -5.4530
v  29.3846 2.2846 -5.4418
v  29.4063 2.5423 -6.1847
v  29.3815 2.7937 -6.0914
v  29.3831 2.7057 -5.9240
v  29.4104 2.4258 -6.0006
v  29.3909 2.7871 -6.3346
v  29.3703 2.9918 -6.2314
v  29.3729 3.0429 -6.4315
v  29.3562 3.2058 -6.3400
v  29.4232 2.6057 -6.6832
v  29.3981 2.9717 -6.8919
v  29.3665 3.1974 -6.5986
v  29.3270 3.3696 -5.5077
v  29.3240 3.2560 -5.4998
v  29.3850 2.6225 -5.7707
v  29.4105 2.3248 -5.7788
v  29.3194 3.4080 -5.3740
v  29.3137 3.2942 -5.3662
v  29.4441 1.9588 -5.8221
v  29.4280 2.1435 -5.8357
v  29.4048 2.2007 -5.6643
v  29.4397 1.8415 -5.6471
v  29.0855 5.1900 -3.0270
v  29.0896 5.1531 -3.1072
v  29.0724 5.3195 -3.0719
v  29.0678 5.3801 -3.0687
v  29.0736 5.3040 -2.9973
v  29.0793 5.2478 -3.0164
v  29.3135 3.0320 -5.2359
v  29.2927 3.1746 -4.9762
v  29.2622 3.3985 -4.6329
v  29.2524 3.4723 -4.4088
v  29.2524 3.4386 -4.2122
v  29.2232 3.7643 -4.0486
v  29.1815 4.2597 -3.9570
v  29.1360 4.7275 -3.7581
v  29.1017 5.0705 -3.5463
v  29.0781 5.2987 -3.2607
v  29.0699 5.3689 -3.1584
v  29.0773 5.2924 -3.1991
v  29.0752 5.3085 -3.1760
v  29.0860 5.1781 -3.1619
v  29.1017 5.0497 -3.2192
v  29.0747 5.3084 -3.1617
v  29.3405 2.8378 -5.4102
v  29.3568 3.0451 -5.9981
v  29.3653 2.8837 -5.8604
v  29.3496 3.1965 -6.1282
v  29.4350 2.3716 -6.4653
v  29.3400 3.3686 -6.2484
v  29.3795 2.5310 -5.6022
v  29.3616 2.8083 -5.5722
v  29.0874 5.1964 -3.0262
v  29.0952 5.0957 -2.9887
v  29.0989 5.0333 -2.9732
v  29.1041 5.0235 -3.1413
v  29.1123 4.9548 -3.2456
v  29.0716 5.3458 -2.9449
v  29.0723 5.3377 -2.9418
v  29.0733 5.3051 -2.9836
v  29.0818 5.2198 -3.0155
v  29.0863 5.2067 -3.0202
v  29.0869 5.2021 -3.0250
v  29.0765 5.2576 -2.9273
v  29.0781 5.2431 -2.9302
v  29.0796 5.2439 -3.0131
v  29.0789 5.2519 -3.0119
v  29.1159 4.8679 -3.0034
v  29.1313 4.7146 -3.0598
v  29.1298 4.7179 -3.0545
v  29.1141 4.8696 -2.9981
v  29.1324 4.7239 -3.1800
v  29.1138 4.9151 -3.1520
v  29.1356 4.7266 -3.2719
v  29.1162 4.9206 -3.2533
v  29.1468 4.5899 -3.2037
v  29.1451 4.5936 -3.1999
v  29.1380 4.6431 -3.1047
v  29.1396 4.6376 -3.1082
v  29.0733 5.2983 -2.9268
v  29.0730 5.3213 -2.9203
v  29.0748 5.2890 -2.8839
v  29.0746 5.2751 -2.8869
v  29.0762 5.2552 -2.8890
v  29.0766 5.2487 -2.8840
v  29.0755 5.2694 -2.9317
v  29.0756 5.2599 -2.8902
v  29.0814 5.2302 -2.9303
v  29.0791 5.2408 -2.8846
v  29.0761 5.2713 -2.8747
v  29.0755 5.2643 -2.8771
v  29.0759 5.2555 -2.8799
v  29.0778 5.2487 -2.8670
v  29.0767 5.2487 -2.8682
v  29.0763 5.2517 -2.8732
v  29.0768 5.2458 -2.8709
v  29.0784 5.2417 -2.8659
v  29.0764 5.2512 -2.8792
v  29.0757 5.2694 -2.9316
v  29.0791 5.2519 -3.0119
v  29.0758 5.2599 -2.8902
v  29.0795 5.2478 -3.0164
v  29.0802 5.2404 -3.0178
v  29.0798 5.2439 -3.0131
v  29.0768 5.2576 -2.9273
v  29.0764 5.2552 -2.8890
v  29.0765 5.2517 -2.8732
v  29.0761 5.2555 -2.8799
v  29.0770 5.2458 -2.8709
v  29.0783 5.2436 -2.8681
v  29.0766 5.2512 -2.8792
v  29.0768 5.2503 -2.8707
v  29.0778 5.2503 -2.8702
v  29.0769 5.2617 -2.8739
v  29.0767 5.2656 -2.8806
v  29.0767 5.2700 -2.8908
v  29.0757 5.2962 -2.9335
v  29.0797 5.2787 -3.0138
v  29.0829 5.2590 -3.0585
v  29.0882 5.2026 -3.0694
v  29.0842 5.2273 -3.0117
v  29.0798 5.2477 -2.9265
v  29.0784 5.2497 -2.8885
v  29.0783 5.2477 -2.8789
v  29.0783 5.2449 -2.8708
v  29.0631 5.4089 -2.9389
v  29.0651 5.4212 -3.0461
v  29.0648 5.4546 -3.1270
v  29.0657 5.4834 -3.1750
v  29.0578 5.4729 -2.8635
v  29.0443 5.6246 -2.9468
v  29.0447 5.6272 -2.8838
v  29.0443 5.6579 -3.0400
v  29.0428 5.7098 -3.1319
v  29.0375 5.7900 -3.1424
v  29.0373 5.7906 -3.1104
v  29.0381 5.7107 -2.9613
v  29.0336 5.7656 -2.9687
v  29.0247 5.8558 -2.9338
v  29.0244 5.8523 -2.9150
v  29.0344 5.7850 -3.0445
v  29.0360 5.7874 -3.0933
v  29.0257 5.8926 -3.0595
v  29.0238 5.9015 -3.0284
v  29.0376 5.7202 -2.9211
v  29.0384 5.7089 -2.9144
v  29.0425 5.6649 -2.9196
v  29.0414 5.6691 -2.9359
v  29.0399 5.7014 -2.9413
v  29.0387 5.7172 -2.9449
v  29.0345 5.7767 -2.9806
v  29.0251 5.8651 -2.9313
v  29.0340 5.7952 -3.0163
v  29.0195 5.9565 -3.0399
v  29.0188 5.9719 -3.0342
v  29.0193 5.9603 -3.0168
v  29.0198 5.9458 -3.0207
v  29.0233 5.9138 -3.0124
v  29.0260 5.9019 -3.0652
v  29.0249 5.8584 -2.9054
v  29.0415 5.7561 -3.1771
v  29.0356 5.8250 -3.1792
v  29.0681 5.4914 -3.2469
v  29.0659 5.5092 -3.2265
v  29.0299 5.8935 -3.1673
v  29.0179 6.0162 -3.1299
v  29.0179 6.0062 -3.1239
v  29.0293 5.8879 -3.1550
v  29.0311 5.8601 -3.1349
v  29.0190 5.9893 -3.1136
v  29.0190 5.9923 -3.0993
v  29.0319 5.8543 -3.1193
v  29.0137 6.0494 -3.1125
v  29.0131 6.0638 -3.1123
v  29.0136 6.0514 -3.0927
v  29.0144 6.0399 -3.1059
v  29.0375 5.8251 -3.2136
v  29.0728 5.4629 -3.3154
v  29.0690 5.4870 -3.3074
v  29.0632 5.5211 -3.2019
v  29.0401 5.7917 -3.2298
v  29.0400 5.8048 -3.2615
v  29.0382 5.8309 -3.2738
v  29.0384 5.8155 -3.2370
v  29.0436 5.7677 -3.2775
v  29.0430 5.7599 -3.2377
v  29.0765 5.4283 -3.3631
v  29.0803 5.4002 -3.3771
v  29.0743 5.5323 -3.5606
v  29.0708 5.5531 -3.5375
v  29.0443 5.7743 -3.3199
v  29.0439 5.8073 -3.4023
v  29.0388 5.8386 -3.2963
v  29.0400 5.8211 -3.2995
v  29.0428 5.8184 -3.3886
v  29.0408 5.8487 -3.3870
v  29.0388 5.8878 -3.4347
v  29.0416 5.8446 -3.4346
v  29.0512 5.7780 -3.5481
v  29.0522 5.7842 -3.5714
v  29.0202 6.0161 -3.2158
v  29.0193 6.0279 -3.2104
v  29.0218 6.0130 -3.2479
v  29.0224 6.0038 -3.2493
v  29.0800 5.2717 -3.2114
v  29.0821 5.2439 -3.1995
v  29.0773 5.3001 -3.2069
v  29.0746 5.3207 -3.1772
v  29.0739 5.3205 -3.1553
v  29.0763 5.2898 -3.1458
v  29.0792 5.2595 -3.1516
v  29.0816 5.2417 -3.1764
v  29.3317 3.5539 -6.4117
v  29.3480 3.3786 -6.5117
v  29.3656 2.8488 -5.7019
v  29.3812 3.2075 -6.9452
v  29.3676 3.3398 -6.8855
v  29.3431 3.5598 -6.7266
v  29.3257 3.7181 -6.6210
v  29.2543 4.4197 -6.2593
v  29.2508 4.4751 -6.2147
v  29.3595 3.5209 -7.1124
v  29.3633 3.5331 -7.1403
v  29.3716 3.3611 -6.9160
v  29.2866 4.2722 -6.9100
v  29.2896 4.2910 -6.9324
v  29.3298 3.7394 -6.6515
v  29.2193 5.1631 -7.2131
v  29.2435 4.9027 -7.3006
v  29.2443 4.9451 -7.3438
v  29.2168 5.2129 -7.2258
v  29.3196 3.9255 -6.9829
v  29.3206 3.9680 -7.0080
v  29.3471 3.5811 -6.7571
v  29.2909 4.3833 -7.3343
v  29.3123 4.0483 -7.0983
v  29.3162 4.0601 -7.1304
v  29.2947 4.3856 -7.3680
v  29.2693 4.6324 -7.2549
v  29.2675 4.6160 -7.2406
v  29.3266 3.9866 -7.3775
v  29.3594 3.5232 -7.1270
v  29.3649 3.5231 -7.1613
v  29.3335 3.9653 -7.4155
v  29.3047 4.2066 -7.2752
v  29.3027 4.2703 -7.2950
v  29.3748 3.4391 -7.3488
v  29.3804 3.4269 -7.3851
v  29.3433 3.8293 -7.3416
v  29.3513 3.7020 -7.3392
v  29.3766 3.3235 -7.1017
v  29.2099 5.1940 -7.0087
v  29.2651 4.6070 -7.1665
v  29.2818 4.4115 -7.0268
v  29.2794 4.3797 -6.9900
v  29.2072 5.2452 -7.0071
v  29.5333 1.0178 -5.4298
v  29.5370 1.0870 -5.7443
v  29.5319 0.9259 -5.5064
v  29.5210 0.9488 -5.5157
v  29.5214 1.0205 -5.6668
v  29.5309 0.9992 -5.6583
v  29.5227 0.9476 -5.5311
v  29.5220 1.0167 -5.6494
v  29.5312 0.9299 -5.5239
v  29.5293 1.0001 -5.6429
v  29.5828 0.2331 -5.5175
v  29.5939 0.1127 -5.5460
v  29.5786 0.3220 -5.5575
v  29.5886 0.0214 -4.9253
v  29.5898 0.0205 -4.9250
v  29.5942 -0.0335 -4.9103
v  29.5923 -0.0268 -4.9087
v  29.5985 0.2022 -5.5100
v  29.5955 0.2383 -5.5868
v  29.6103 0.0800 -5.5387
v  29.6035 0.1917 -5.8076
v  29.6017 0.1997 -5.8061
v  29.6065 0.1551 -5.8343
v  29.6085 0.1463 -5.8360
v  29.5500 0.6412 -5.5088
v  29.5807 0.2645 -5.4499
v  29.5550 0.6346 -5.6131
v  29.5579 0.6173 -5.5131
v  29.5876 0.2630 -5.4500
v  29.5627 0.6125 -5.6172
v  29.5755 0.0484 -4.9909
v  29.5804 -0.0130 -4.9799
v  29.5782 -0.0015 -4.9819
v  29.5743 0.0505 -4.9951
v  29.6096 -0.0438 -4.9901
v  29.6047 0.0155 -5.0065
v  29.6059 0.0162 -5.0085
v  29.6108 -0.0430 -4.9921
v  29.5934 0.2189 -5.6783
v  29.6004 0.2014 -5.6711
v  29.6032 0.1160 -5.7105
v  29.6108 0.0971 -5.7037
v  29.5910 0.2060 -5.4265
v  29.5857 0.2184 -5.4244
v  29.6056 0.0632 -5.4587
v  29.5973 0.0842 -5.4550
v  29.5937 0.2029 -5.4230
v  29.6065 0.0619 -5.4538
v  29.5988 0.1852 -5.4261
v  29.6106 0.0629 -5.4547
v  29.5953 0.0804 -5.4355
v  29.5819 0.2238 -5.4019
v  29.5911 0.0958 -5.4613
v  29.5800 0.2160 -5.4317
v  29.5894 0.1372 -5.2111
v  29.5879 0.0806 -4.9925
v  29.5839 0.0823 -4.9923
v  29.5855 0.1492 -5.2090
v  29.5998 0.0301 -5.2341
v  29.5969 -0.0231 -4.9786
v  29.5947 0.0472 -5.2310
v  29.5914 -0.0107 -4.9764
v  29.5984 0.1265 -5.2318
v  29.5994 0.0762 -5.0674
v  29.6089 -0.0334 -5.0531
v  29.6073 0.0270 -5.2523
v  29.6016 0.1277 -5.2348
v  29.6035 0.0784 -5.0743
v  29.6112 0.0286 -5.2565
v  29.6131 -0.0312 -5.0600
v  29.5868 0.0482 -5.2291
v  29.5839 -0.0070 -5.0427
v  29.5742 0.1086 -5.0507
v  29.5773 0.1460 -5.2088
v  29.5833 0.0606 -5.2499
v  29.5778 0.0158 -5.0546
v  29.5743 0.1579 -5.2268
v  29.5703 0.1137 -5.0636
v  29.5962 0.2333 -5.7680
v  29.6016 0.2169 -5.7711
v  29.6054 0.1422 -5.8113
v  29.6112 0.1242 -5.8147
v  29.5886 0.0667 -4.9901
v  29.5856 0.0678 -4.9904
v  29.5950 -0.0073 -4.9807
v  29.5909 0.0020 -4.9786
v  29.5984 0.2173 -5.7748
v  29.6021 0.2062 -5.7769
v  29.6049 0.1527 -5.8055
v  29.6089 0.1405 -5.8078
v  29.5820 0.0102 -5.0456
v  29.5748 0.0949 -5.0510
v  29.5774 0.0274 -5.0539
v  29.5720 0.0985 -5.0611
v  29.6012 0.0622 -5.0664
v  29.6082 -0.0189 -5.0558
v  29.6042 0.0638 -5.0716
v  29.6113 -0.0173 -5.0610
v  29.1472 4.5955 -3.2549
v  29.1485 4.5915 -3.2625
v  29.1365 4.7284 -3.2667
v  29.1064 5.0501 -3.2190
v  29.1162 4.9500 -3.2464
v  29.1168 4.9424 -3.2456
v  29.2145 5.0060 -6.6297
v  29.2667 4.6441 -7.2065
v  29.2115 5.0586 -6.6137
v  29.4322 2.7905 -7.2332
v  29.3911 3.1784 -7.0222
v  29.4300 2.8029 -7.2085
v  29.4692 2.1425 -6.7225
v  29.4742 2.0125 -6.5898
v  29.4502 2.6020 -7.2837
v  29.4116 2.9263 -6.9608
v  29.4578 2.5335 -7.3253
v  29.4625 2.2777 -6.8073
v  29.4568 2.3560 -6.8439
v  29.4491 2.3511 -6.5239
v  29.4686 2.2303 -6.8080
v  29.4594 2.3615 -6.8843
v  29.4347 2.5823 -6.7204
v  29.4752 2.1322 -6.7382
v  29.4856 1.9714 -6.6135
v  29.3860 3.2829 -7.1566
v  29.4064 3.0582 -7.1706
v  29.3974 3.0805 -7.1044
v  29.4011 3.1031 -7.2608
v  29.4097 3.0732 -7.3198
v  29.4195 2.9761 -7.3559
v  29.4132 2.9900 -7.3250
v  29.4137 2.9535 -7.2636
v  29.4217 2.9379 -7.3191
v  29.1101 5.0763 -3.2444
v  29.1512 4.6910 -3.3306
v  29.1816 4.3826 -3.3431
v  29.2431 3.7117 -3.3424
v  29.3023 3.0692 -3.4034
v  29.3717 2.4323 -3.6657
v  29.4196 2.0102 -3.9675
v  29.4597 1.6795 -4.2517
v  29.4880 1.5214 -4.7280
v  29.5214 1.3123 -5.2025
v  29.5419 1.1700 -5.4386
v  29.5417 1.0000 -5.3783
v  29.6237 0.1840 -5.5749
v  29.6325 0.0727 -5.4910
v  29.6375 0.0949 -5.4869
v  29.6311 0.2089 -5.5929
v  29.5436 1.0769 -5.7263
v  29.5384 1.3207 -5.7827
v  29.5012 1.6817 -5.9085
v  29.4779 1.9560 -5.9776
v  29.4626 2.1431 -6.0499
v  29.4606 2.2471 -6.2634
v  29.4671 2.3732 -7.0437
v  29.4557 2.5226 -7.0987
v  29.2870 4.0592 -6.0573
v  29.3058 3.8196 -5.9336
v  29.3188 3.6596 -5.8469
v  29.3327 3.4839 -5.7657
v  29.3533 3.2493 -5.7024
v  29.3544 3.2334 -5.6365
v  29.3364 3.3586 -5.1990
v  29.3215 3.4665 -4.9710
v  29.3034 3.5582 -4.6735
v  29.2675 3.8454 -4.4399
v  29.2534 3.9629 -4.3874
v  29.2357 4.1376 -4.3039
v  29.2025 4.4473 -4.1596
v  29.1543 4.8981 -3.9169
v  29.1109 5.2324 -3.5981
v  29.0803 5.4151 -3.2539
v  29.0713 5.4684 -3.2079
v  29.0745 5.4490 -3.2336
v  29.0765 5.4264 -3.1626
v  29.0865 5.2410 -3.0176
v  29.0882 5.2719 -3.0881
v  29.0934 5.2179 -3.1026
v  29.0887 5.2161 -3.0187
v  29.4873 1.8256 -5.1305
v  29.4692 1.8991 -4.7590
v  29.4193 2.6027 -4.8413
v  29.4438 2.4145 -5.1609
v  29.4378 2.1098 -4.3539
v  29.3919 2.7758 -4.5238
v  29.4104 2.2898 -4.1090
v  29.3615 2.9561 -4.2482
v  29.3675 2.6698 -3.9342
v  29.3250 3.2216 -4.0009
v  29.2873 3.4025 -3.6567
v  29.2739 3.6599 -3.8496
v  29.2320 3.9685 -3.5843
v  29.2274 4.1159 -3.7700
v  29.1797 4.4883 -3.4823
v  29.1736 4.6093 -3.6197
v  29.1474 4.8082 -3.4372
v  29.1375 4.9405 -3.4914
v  29.1059 5.1541 -3.2536
v  29.0987 5.2393 -3.2666
v  29.0943 5.2568 -3.1932
v  29.0939 5.2553 -3.1769
v  29.0917 5.2822 -3.1769
v  29.0928 5.2762 -3.2015
v  29.0922 5.2683 -3.1587
v  29.0902 5.2887 -3.1548
v  29.4923 1.8332 -5.4511
v  29.4572 2.2911 -5.4395
v  29.4365 2.5450 -6.1837
v  29.4416 2.4285 -5.9996
v  29.4144 2.7085 -5.9230
v  29.4108 2.7963 -6.0905
v  29.4177 2.7894 -6.3338
v  29.3956 2.9940 -6.2306
v  29.3964 3.0450 -6.4308
v  29.3785 3.2078 -6.3393
v  29.4395 2.6071 -6.6827
v  29.3858 3.1991 -6.5980
v  29.4126 2.9730 -6.8914
v  29.3494 3.2583 -5.4991
v  29.4456 2.3279 -5.7777
v  29.4177 2.6254 -5.7696
v  29.3446 3.2970 -5.3653
v  29.4796 1.9619 -5.8210
v  29.4938 1.8463 -5.6454
v  29.4659 2.2061 -5.6624
v  29.4637 2.1466 -5.8346
v  29.0979 5.1538 -3.1069
v  29.0905 5.1904 -3.0268
v  29.0834 5.3205 -3.0716
v  29.0858 5.2483 -3.0162
v  29.0803 5.3046 -2.9971
v  29.0770 5.3809 -3.0684
v  29.3828 3.0382 -5.2337
v  29.3621 3.1808 -4.9740
v  29.3315 3.4046 -4.6307
v  29.3142 3.4778 -4.4069
v  29.3080 3.4435 -4.2105
v  29.2693 3.7684 -4.0472
v  29.2174 4.2629 -3.9559
v  29.1675 4.7303 -3.7571
v  29.1277 5.0728 -3.5455
v  29.0931 5.3000 -3.2602
v  29.0824 5.3700 -3.1580
v  29.0890 5.3097 -3.1756
v  29.0912 5.2937 -3.1987
v  29.1004 5.1794 -3.1615
v  29.1112 5.0505 -3.2189
v  29.0886 5.3096 -3.1613
v  29.4013 2.8432 -5.4083
v  29.3850 3.0476 -5.9972
v  29.3966 2.8865 -5.8594
v  29.3735 3.1986 -6.1275
v  29.4557 2.3734 -6.4646
v  29.3601 3.3704 -6.2478
v  29.4288 2.5354 -5.6007
v  29.3957 2.8113 -5.5711
v  29.1016 5.0335 -2.9731
v  29.1190 4.9553 -3.2454
v  29.1086 5.0239 -3.1411
v  29.0796 5.3056 -2.9834
v  29.0881 5.2204 -3.0153
v  29.0812 5.2580 -2.9271
v  29.0859 5.2444 -3.0129
v  29.0824 5.2434 -2.9300
v  29.0852 5.2524 -3.0117
v  29.1170 4.8699 -2.9980
v  29.1318 4.7180 -3.0544
v  29.1188 4.9156 -3.1518
v  29.1359 4.7242 -3.1798
v  29.1217 4.9211 -3.2532
v  29.1380 4.7268 -3.2719
v  29.1400 4.6433 -3.1047
v  29.1476 4.5938 -3.1998
v  29.0772 5.2986 -2.9267
v  29.0776 5.2753 -2.8868
v  29.0800 5.2490 -2.8839
v  29.0797 5.2555 -2.8889
v  29.0805 5.2698 -2.9315
v  29.0794 5.2602 -2.8901
v  29.0780 5.2646 -2.8770
v  29.0793 5.2558 -2.8798
v  29.0790 5.2489 -2.8682
v  29.0792 5.2519 -2.8731
v  29.0796 5.2460 -2.8708
v  29.0796 5.2515 -2.8791
v  29.0850 5.2524 -3.0117
v  29.0803 5.2698 -2.9315
v  29.0792 5.2602 -2.8901
v  29.0863 5.2410 -3.0176
v  29.0856 5.2483 -3.0162
v  29.0858 5.2444 -3.0129
v  29.0795 5.2555 -2.8889
v  29.0810 5.2580 -2.9272
v  29.0791 5.2558 -2.8798
v  29.0789 5.2519 -2.8731
v  29.0794 5.2460 -2.8708
v  29.0794 5.2515 -2.8791
v  29.0788 5.2505 -2.8707
v  29.0686 5.4093 -2.9387
v  29.0711 5.4217 -3.0459
v  29.0704 5.4551 -3.1269
v  29.0674 5.4836 -3.1750
v  29.0496 5.6251 -2.9466
v  29.0495 5.6583 -3.0399
v  29.0475 5.7102 -3.1317
v  29.0391 5.7902 -3.1424
v  29.0413 5.7110 -2.9612
v  29.0270 5.8525 -2.9149
v  29.0273 5.8560 -2.9337
v  29.0366 5.7659 -2.9686
v  29.0370 5.7853 -3.0444
v  29.0260 5.9017 -3.0283
v  29.0276 5.8928 -3.0594
v  29.0381 5.7875 -3.0932
v  29.0439 5.6693 -2.9358
v  29.0212 5.9566 -3.0399
v  29.0216 5.9460 -3.0206
v  29.0434 5.7562 -3.1771
v  29.0372 5.8252 -3.1792
v  29.0308 5.8880 -3.1550
v  29.0193 6.0064 -3.1238
v  29.0327 5.8602 -3.1349
v  29.0205 5.9894 -3.1136
v  29.0150 6.0496 -3.1125
v  29.0157 6.0400 -3.1058
v  29.0649 5.5212 -3.2018
v  29.0718 5.4872 -3.3073
v  29.0417 5.7918 -3.2297
v  29.0397 5.8156 -3.2370
v  29.0394 5.8310 -3.2737
v  29.0415 5.8049 -3.2615
v  29.0450 5.7601 -3.2377
v  29.0455 5.7679 -3.2775
v  29.0782 5.4284 -3.3631
v  29.0725 5.5532 -3.5375
v  29.0462 5.7745 -3.3199
v  29.0459 5.8075 -3.4022
v  29.0442 5.8185 -3.3886
v  29.0409 5.8212 -3.2994
v  29.0529 5.7782 -3.5480
v  29.0436 5.8448 -3.4345
v  29.0209 6.0162 -3.2157
v  29.0230 6.0039 -3.2492
v  29.0950 5.2451 -3.1991
v  29.0929 5.2728 -3.2110
v  29.0903 5.3012 -3.2065
v  29.0875 5.3219 -3.1768
v  29.0868 5.3217 -3.1549
v  29.0893 5.2910 -3.1454
v  29.0921 5.2606 -3.1512
v  29.0945 5.2429 -3.1760
v  29.3457 3.5552 -6.4113
v  29.3668 3.3803 -6.5111
v  29.3927 2.8512 -5.7010
v  29.3774 3.3407 -6.8852
v  29.3910 3.2083 -6.9449
v  29.3356 3.7190 -6.6207
v  29.3529 3.5607 -6.7263
v  29.2599 4.4202 -6.2591
v  29.3675 3.5216 -7.1121
v  29.2943 4.2729 -6.9098
v  29.2224 5.1633 -7.2130
v  29.2499 4.9033 -7.3004
v  29.3275 3.9262 -6.9826
v  29.2968 4.3838 -7.3341
v  29.3202 4.0490 -7.0980
v  29.2731 4.6165 -7.2404
v  29.3342 3.9873 -7.3772
v  29.3681 3.5239 -7.1267
v  29.3107 4.2071 -7.2750
v  29.3814 3.4397 -7.3486
v  29.3576 3.7026 -7.3390
v  29.3848 3.3243 -7.1014
v  29.2724 4.6076 -7.1663
v  29.2136 5.1944 -7.0086
v  29.2875 4.3804 -6.9897
v  29.5630 0.9526 -5.5144
v  29.5557 0.9280 -5.5057
v  29.5592 1.0238 -5.6657
v  29.5531 1.0011 -5.6576
v  29.5582 1.0199 -5.6483
v  29.5624 0.9511 -5.5298
v  29.5568 0.9322 -5.5231
v  29.5535 1.0023 -5.6421
v  29.6283 0.2372 -5.5161
v  29.6193 0.3256 -5.5563
v  29.6404 0.1169 -5.5445
v  29.6233 0.0245 -4.9242
v  29.6271 -0.0237 -4.9076
v  29.6265 -0.0306 -4.9093
v  29.6222 0.0234 -4.9240
v  29.6178 0.2039 -5.5094
v  29.6295 0.0817 -5.5381
v  29.6192 0.2404 -5.5861
v  29.6331 0.1944 -5.8067
v  29.6380 0.1489 -5.8350
v  29.6383 0.1579 -5.8333
v  29.6334 0.2025 -5.8051
v  29.5881 0.6446 -5.5076
v  29.5908 0.6378 -5.6120
v  29.6206 0.2681 -5.4486
v  29.5849 0.6197 -5.5123
v  29.6141 0.2654 -5.4492
v  29.5874 0.6147 -5.6165
v  29.6354 0.0537 -4.9891
v  29.6365 0.0561 -4.9932
v  29.6410 0.0041 -4.9800
v  29.6407 -0.0077 -4.9780
v  29.6181 -0.0430 -4.9898
v  29.6169 -0.0425 -4.9919
v  29.6123 0.0168 -5.0083
v  29.6135 0.0162 -5.0063
v  29.6261 0.2037 -5.6703
v  29.6303 0.2221 -5.6771
v  29.6408 0.1193 -5.7094
v  29.6362 0.0993 -5.7029
v  29.6223 0.2216 -5.4232
v  29.6194 0.2085 -5.4256
v  29.6322 0.0656 -5.4579
v  29.6364 0.0877 -5.4538
v  29.6313 0.0641 -5.4530
v  29.6171 0.2049 -5.4222
v  29.6153 0.1867 -5.4256
v  29.6270 0.0644 -5.4542
v  29.6237 0.2275 -5.4006
v  29.6378 0.0842 -5.4342
v  29.6408 0.1002 -5.4597
v  29.6287 0.2203 -5.4302
v  29.6197 0.1399 -5.2102
v  29.6213 0.1524 -5.2078
v  29.6213 0.0856 -4.9911
v  29.6176 0.0832 -4.9916
v  29.6298 0.0328 -5.2331
v  29.6262 -0.0205 -4.9777
v  29.6316 0.0505 -5.2298
v  29.6293 -0.0073 -4.9752
v  29.6141 0.1279 -5.2313
v  29.6241 0.0285 -5.2518
v  29.6208 -0.0324 -5.0527
v  29.6118 0.0773 -5.0670
v  29.6109 0.1286 -5.2345
v  29.6078 0.0788 -5.0742
v  29.6203 0.0294 -5.2562
v  29.6168 -0.0309 -5.0599
v  29.6391 0.0529 -5.2275
v  29.6300 0.1506 -5.2072
v  29.6298 0.1135 -5.0490
v  29.6401 -0.0021 -5.0409
v  29.6416 0.0658 -5.2481
v  29.6429 0.0215 -5.0526
v  29.6319 0.1630 -5.2250
v  29.6336 0.1193 -5.0616
v  29.6284 0.2192 -5.7702
v  29.6306 0.2363 -5.7670
v  29.6403 0.1453 -5.8102
v  29.6379 0.1266 -5.8138
v  29.6220 0.0710 -4.9892
v  29.6193 0.0694 -4.9892
v  29.6255 -0.0046 -4.9798
v  29.6277 0.0053 -4.9775
v  29.6301 0.2087 -5.7760
v  29.6316 0.2202 -5.7738
v  29.6385 0.1557 -5.8045
v  29.6369 0.1429 -5.8069
v  29.6316 0.0999 -5.0492
v  29.6392 0.0153 -5.0439
v  29.6412 0.0330 -5.0520
v  29.6344 0.1040 -5.0591
v  29.6191 -0.0179 -5.0555
v  29.6125 0.0632 -5.0661
v  29.6095 0.0643 -5.0714
v  29.6161 -0.0168 -5.0608
v  29.1486 4.5957 -3.2549
v  29.2188 5.0064 -6.6296
v  29.4305 2.8029 -7.2085
v  29.4782 2.1433 -6.7223
v  29.4880 2.0137 -6.5894
v  29.4508 2.6021 -7.2836
v  29.4663 2.2780 -6.8072
v  29.4603 2.3563 -6.8438
v  29.4073 3.0814 -7.1041
v  29.4093 3.1038 -7.2605
v  29.4235 2.9544 -7.2633
v  29.4214 2.9907 -7.3247
# 846 vertices

vn -0.1980 -0.2603 0.9450
vn -0.3105 0.0064 0.9506
vn -0.6223 0.0012 0.7828
vn -0.6188 -0.5691 0.5416
vn -0.3557 0.0717 0.9318
vn -0.7033 0.0488 0.7092
vn -0.3421 -0.0317 0.9391
vn -0.7352 -0.0449 0.6763
vn -0.3471 -0.2978 0.8893
vn -0.6752 -0.1811 0.7150
vn -0.3005 -0.5783 0.7585
vn -0.6647 -0.4244 0.6149
vn -0.2560 -0.7376 0.6248
vn -0.5724 -0.5807 0.5789
vn -0.2034 -0.9141 0.3507
vn -0.5270 -0.7762 0.3461
vn -0.2203 -0.9503 0.2200
vn -0.4951 -0.8493 0.1832
vn -0.2042 -0.9000 0.3852
vn -0.5382 -0.8031 0.2558
vn -0.0505 -0.9007 0.4315
vn -0.8147 -0.5449 0.1984
vn 0.7446 -0.4674 -0.4767
vn -0.7493 -0.4141 -0.5167
vn 0.1731 -0.7389 -0.6512
vn -0.1364 -0.6844 -0.7162
vn -0.1977 -0.4291 -0.8814
vn -0.4533 -0.2662 -0.8507
vn -0.6107 -0.4190 -0.6719
vn 0.0648 -0.7877 -0.6127
vn -0.3182 -0.4150 -0.8524
vn -0.5613 -0.3461 -0.7517
vn -0.3336 -0.6507 -0.6822
vn -0.3293 -0.9442 -0.0024
vn -0.7410 -0.6527 -0.1579
vn -0.6751 -0.5493 -0.4925
vn -0.3524 -0.0066 -0.9358
vn -0.6504 -0.1152 -0.7508
vn -0.7702 -0.5965 -0.2261
vn -0.7049 -0.6643 -0.2487
vn -0.6693 0.4518 0.5899
vn -0.4006 0.4918 0.7731
vn -0.8522 0.3694 0.3706
vn -0.9187 0.2678 0.2902
vn -0.3830 0.5415 0.7484
vn -0.8050 0.3814 0.4544
vn -0.3491 0.4919 0.7976
vn -0.7351 0.3437 0.5844
vn -0.3760 0.5784 0.7239
vn -0.8612 0.5054 0.0529
vn -0.4378 0.8655 0.2436
vn -0.8347 0.5303 -0.1486
vn -0.2941 0.9262 -0.2359
vn -0.3045 0.9157 -0.2621
vn -0.5009 0.8317 -0.2395
vn -0.5145 0.7818 -0.3523
vn -0.3357 0.8183 -0.4665
vn -0.4361 0.7936 -0.4244
vn -0.3164 0.5683 -0.7596
vn -0.5288 0.6124 -0.5877
vn -0.3179 0.4011 -0.8591
vn -0.5832 0.4316 -0.6882
vn -0.3658 0.4067 -0.8371
vn -0.7000 0.3357 -0.6303
vn -0.3971 0.4764 -0.7844
vn -0.7340 0.3416 -0.5869
vn -0.4313 0.6294 -0.6465
vn -0.7624 0.4475 -0.4675
vn -0.5305 0.7605 -0.3744
vn -0.7333 0.6149 -0.2900
vn -0.7160 0.6784 -0.1645
vn -0.8016 0.5923 -0.0813
vn -0.6196 0.7839 -0.0392
vn -0.8052 0.5862 0.0897
vn -0.5725 0.8091 -0.1327
vn -0.8452 0.0242 0.5339
vn -0.6233 -0.4561 0.6352
vn -0.8883 -0.2988 0.3487
vn -0.9282 -0.2005 0.3134
vn -0.8757 -0.4752 -0.0861
vn -0.9619 -0.1342 -0.2381
vn -0.9959 -0.0803 -0.0410
vn -0.8421 -0.5302 0.0985
vn -0.9868 -0.0265 0.1596
vn -0.8809 -0.4168 0.2243
vn -0.9643 0.0471 0.2605
vn -0.8488 -0.2873 0.4439
vn -0.9333 0.0866 0.3484
vn -0.8832 -0.1572 0.4419
vn -0.9743 0.0989 0.2022
vn -0.9358 -0.0368 0.3506
vn -0.9949 0.0702 0.0719
vn -0.9636 -0.0104 0.2670
vn -0.9914 0.0509 0.1206
vn -0.9722 0.0245 0.2331
vn -0.9774 0.0296 0.2095
vn -0.9418 0.0260 0.3353
vn -0.9431 -0.0606 0.3271
vn -0.9336 -0.1477 0.3264
vn -0.8366 -0.4714 -0.2791
vn -0.8683 -0.1579 -0.4703
vn -0.9955 -0.0912 -0.0244
vn -0.8436 -0.5335 0.0614
vn -0.9039 -0.0328 0.4264
vn -0.8938 -0.3313 0.3024
vn -0.8873 -0.3653 -0.2816
vn -0.9025 -0.1223 -0.4130
vn -0.9659 -0.1868 -0.1794
vn -0.9928 0.0010 -0.1200
vn -0.9979 -0.0262 -0.0584
vn -0.9449 -0.2696 -0.1859
vn -0.9781 -0.0595 -0.1993
vn -0.9933 0.0378 -0.1093
vn -0.9846 -0.0171 -0.1739
vn -0.9939 0.0671 -0.0870
vn -0.9129 -0.2717 -0.3047
vn -0.9481 -0.0904 -0.3048
vn -0.9795 -0.0060 -0.2012
vn -0.4153 0.8980 -0.1454
vn -0.7558 0.5751 -0.3130
vn -0.9536 0.1569 -0.2568
vn -0.8261 0.0452 -0.5617
vn -0.3516 0.9187 -0.1800
vn -0.6238 0.6734 -0.3968
vn -0.6776 -0.2100 -0.7049
vn -0.7188 -0.0082 -0.6952
vn -0.7534 -0.0283 -0.6569
vn -0.8065 -0.2629 -0.5296
vn -0.5234 -0.2365 0.8186
vn -0.8537 -0.4369 0.2834
vn -0.9423 0.0045 0.3346
vn -0.9111 0.3138 0.2673
vn -0.9192 -0.1418 0.3673
vn -0.6115 -0.3950 0.6856
vn -0.7945 0.4160 -0.4425
vn -0.8428 0.4834 -0.2367
vn -0.8356 0.5295 -0.1461
vn -0.8752 0.4517 0.1730
vn -0.9380 0.3376 0.0785
vn -0.9696 0.2314 -0.0795
vn -0.9736 0.1326 -0.1860
vn -0.9901 0.1259 -0.0626
vn -0.9760 0.2169 -0.0217
vn -0.9796 0.1234 0.1588
vn -0.9697 0.2109 0.1231
vn -0.9167 0.1661 -0.3633
vn -0.9188 0.3743 -0.1253
vn -0.9150 -0.2532 0.3143
vn -0.7025 -0.6582 -0.2707
vn -0.9239 0.3051 0.2311
vn -0.6754 0.3173 -0.6657
vn -0.9909 0.1258 -0.0473
vn -0.9985 0.0130 0.0530
vn -0.9901 0.1260 -0.0615
vn -0.8975 -0.3160 -0.3077
vn -0.9857 0.1586 -0.0573
vn -0.6258 0.3012 -0.7195
vn -0.7578 0.3325 -0.5614
vn -0.0619 0.1138 0.9916
vn -0.0679 0.3714 0.9260
vn -0.2908 -0.0980 0.9518
vn -0.9399 -0.3031 0.1573
vn -0.7535 -0.2201 -0.6195
vn -0.6266 -0.2376 0.7422
vn -0.6736 0.5709 0.4694
vn -0.8919 0.4056 0.1999
vn -0.6555 -0.5549 0.5123
vn -0.0538 -0.9200 0.3882
vn -0.0072 -0.5315 0.8471
vn -0.8361 0.5236 0.1637
vn -0.5990 -0.7779 0.1897
vn -0.7107 0.6985 -0.0839
vn -0.4831 -0.7335 0.4782
vn 0.1798 -0.2027 0.9626
vn 0.1834 -0.5354 0.8244
vn -0.5246 -0.5059 0.6847
vn -0.5689 -0.2411 0.7862
vn -0.9821 -0.1834 -0.0438
vn -0.9919 -0.1248 0.0237
vn -0.5120 -0.1328 -0.8486
vn -0.6425 -0.0820 -0.7619
vn -0.0236 -0.9942 0.1046
vn -0.6355 -0.7709 0.0431
vn -0.5949 -0.6651 0.4514
vn -0.0394 -0.8536 0.5194
vn -0.7465 0.5471 0.3787
vn -0.5267 0.7144 0.4606
vn -0.4393 0.6680 0.6007
vn -0.6441 0.5674 0.5130
vn -0.7419 0.6211 0.2528
vn -0.7442 -0.6478 0.1628
vn -0.7636 -0.6009 0.2364
vn -0.8153 -0.5598 0.1482
vn -0.1419 -0.9812 0.1311
vn -0.0901 -0.9955 0.0309
vn -0.2784 0.5542 0.7844
vn -0.5044 0.5565 0.6602
vn -0.8234 -0.5320 0.1977
vn -0.0167 -0.6632 0.7482
vn -0.3737 -0.6396 0.6718
vn -0.6985 -0.6209 0.3558
vn -0.5415 -0.2527 0.8018
vn -0.2440 -0.3396 0.9084
vn -0.7284 0.4836 0.4854
vn 0.3004 -0.9507 -0.0774
vn 0.2971 -0.9202 0.2550
vn 0.2227 -0.9183 -0.3272
vn 0.3184 -0.5792 0.7504
vn 0.3931 0.8353 0.3843
vn 0.0438 0.9564 -0.2888
vn 0.0063 0.9999 -0.0084
vn -0.0243 0.9815 0.1897
vn 0.1939 -0.8562 -0.4789
vn 0.1874 -0.8918 -0.4118
vn -0.0824 0.8667 0.4919
vn -0.0795 0.8790 0.4702
vn -0.0537 0.9256 0.3747
vn 0.1719 -0.8185 -0.5481
vn 0.1052 -0.7257 -0.6799
vn 0.2825 -0.7298 -0.6225
vn 0.3411 -0.8638 -0.3708
vn 0.3070 -0.8716 -0.3821
vn 0.4870 -0.8687 -0.0905
vn 0.4524 -0.8748 0.1734
vn 0.6173 -0.4391 0.6528
vn 0.6504 0.5311 0.5430
vn 0.1474 0.9701 -0.1927
vn 0.1216 0.9916 -0.0436
vn 0.0692 0.9899 0.1240
vn 0.0255 0.9662 0.2565
vn -0.0355 0.9373 0.3468
vn -0.8373 -0.2719 0.4744
vn -0.9531 0.2911 0.0832
vn -0.8906 0.4533 -0.0364
vn -0.9000 0.3780 -0.2170
vn -0.8028 -0.1447 0.5784
vn -0.9483 0.1134 0.2963
vn -0.7866 0.2183 0.5776
vn -0.9981 0.0600 -0.0117
vn -0.9705 0.0776 -0.2285
vn -0.9286 0.2159 0.3017
vn -0.9235 0.3372 -0.1826
vn -0.3272 0.1522 0.9326
vn -0.9446 0.2701 -0.1866
vn -0.7163 0.6072 -0.3439
vn -0.7644 0.3175 0.5611
vn -0.9594 0.0963 0.2650
vn -0.8786 0.2892 -0.3800
vn -0.8403 0.1595 -0.5181
vn -0.9284 -0.0373 0.3697
vn -0.9698 0.2216 0.1019
vn -0.9956 -0.0884 -0.0310
vn -0.5569 0.4670 0.6869
vn -0.8424 0.4948 0.2132
vn -0.7906 0.4947 0.3608
vn -0.5026 -0.0372 0.8637
vn -0.4058 0.8981 -0.1698
vn -0.3229 0.8984 -0.2978
vn -0.8898 0.2422 0.3867
vn -0.7501 0.5157 -0.4140
vn -0.6452 0.7510 -0.1406
vn -0.6649 0.4415 0.6025
vn -0.7580 0.1506 0.6347
vn -0.6957 0.0041 0.7183
vn -0.4357 0.3288 -0.8379
vn -0.4825 0.4008 0.7788
vn -0.9600 -0.0782 -0.2688
vn -0.9833 0.0790 -0.1639
vn -0.6527 0.7498 -0.1085
vn -0.8721 -0.4802 -0.0943
vn -0.7096 0.3000 -0.6376
vn -0.5455 0.2267 -0.8069
vn -0.8885 0.0779 -0.4522
vn -0.9412 0.0779 -0.3289
vn -0.9461 -0.1117 0.3039
vn -0.9360 -0.1181 0.3315
vn -0.7585 -0.1395 0.6366
vn -0.8162 -0.1022 0.5687
vn -0.8666 0.4149 -0.2771
vn -0.7229 0.6528 -0.2265
vn -0.8062 0.2240 0.5475
vn -0.9250 0.0309 0.3788
vn -0.8453 0.5337 0.0234
vn -0.3957 -0.8171 0.4193
vn -0.8692 -0.4841 0.1009
vn -0.9421 -0.3113 -0.1248
vn -0.9989 0.0310 -0.0359
vn -0.9970 0.0391 -0.0666
vn -0.9402 -0.1268 -0.3162
vn -0.9931 0.0968 0.0663
vn -0.9997 0.0103 -0.0240
vn -0.9990 -0.0370 -0.0237
vn -0.8198 -0.5594 0.1222
vn -0.7591 -0.6479 -0.0628
vn -0.8299 -0.3495 -0.4349
vn -0.9170 -0.2674 -0.2959
vn -0.9996 0.0256 -0.0093
vn -0.9990 0.0262 0.0354
vn -0.9500 0.2558 -0.1790
vn -0.9510 0.3086 0.0201
vn -0.9332 0.3456 0.0983
vn -0.9018 0.3969 0.1709
vn -0.9152 0.4029 -0.0075
vn -0.9756 0.2191 0.0132
vn -0.9288 0.1401 -0.3431
vn -0.8508 0.1430 -0.5056
vn -0.9484 0.1894 0.2542
vn -0.9094 0.3270 0.2572
vn -0.7384 0.5033 -0.4489
vn -0.7007 0.2282 -0.6760
vn -0.9839 -0.1344 -0.1179
vn -0.9808 -0.1694 -0.0962
vn -0.9793 -0.2002 -0.0298
vn -0.9792 0.2027 0.0079
vn -0.9668 0.1741 0.1868
vn -0.9208 -0.0388 0.3880
vn -0.8959 -0.3358 0.2910
vn -0.9592 -0.2620 0.1066
vn -0.9823 0.1701 -0.0780
vn -0.9804 0.1464 -0.1318
vn -0.9857 0.1302 -0.1068
vn -0.9723 -0.0593 -0.2259
vn -0.9886 -0.0065 -0.1506
vn -0.9929 0.0165 -0.1174
vn -0.9976 -0.0166 -0.0670
vn -0.9504 0.1854 0.2498
vn -0.8093 0.3572 0.4664
vn -0.7618 0.5335 0.3675
vn 0.0649 0.7565 0.6508
vn -0.9021 -0.2851 0.3239
vn -0.6977 0.4784 0.5332
vn 0.0009 0.7198 0.6942
vn 0.3890 -0.7968 0.4623
vn -0.9275 0.2616 -0.2672
vn -0.8135 -0.1899 -0.5497
vn -0.6401 0.0050 -0.7683
vn -0.8640 0.3999 -0.3059
vn -0.7724 0.4626 0.4352
vn -0.1728 0.7429 0.6467
vn 0.3103 -0.7391 0.5979
vn -0.7540 -0.1879 -0.6295
vn -0.7251 -0.4962 -0.4775
vn -0.1564 -0.7028 -0.6940
vn -0.5147 -0.1282 -0.8477
vn -0.4188 0.8576 -0.2984
vn -0.7155 0.6930 -0.0883
vn -0.7841 -0.0835 -0.6150
vn -0.6948 -0.5716 -0.4365
vn -0.2091 -0.7265 -0.6545
vn -0.4666 -0.1737 -0.8672
vn -0.8729 0.4860 -0.0429
vn -0.7095 0.6702 -0.2177
vn -0.7282 -0.4159 -0.5448
vn -0.4656 -0.4277 -0.7748
vn -0.8365 0.4942 -0.2368
vn -0.8018 0.1981 -0.5638
vn -0.9616 -0.1024 -0.2548
vn -0.9427 0.3321 0.0314
vn -0.7073 -0.4866 -0.5128
vn -0.0613 -0.6950 -0.7164
vn -0.7493 -0.4452 -0.4903
vn -0.8197 0.5701 0.0560
vn 0.1947 -0.9808 -0.0101
vn 0.0529 -0.8042 -0.5919
vn 0.4014 -0.9011 0.1639
vn -0.8367 -0.4317 0.3370
vn -0.6602 -0.4398 -0.6089
vn 0.2194 -0.7780 -0.5888
vn 0.1202 -0.9596 -0.2545
vn -0.1318 -0.9518 -0.2770
vn -0.4829 -0.8689 -0.1091
vn -0.0231 -0.8624 -0.5057
vn 0.1212 -0.9556 -0.2685
vn 0.5474 -0.8231 0.1513
vn -0.1344 -0.9553 -0.2634
vn 0.1015 -0.8563 -0.5064
vn -0.9185 0.3502 -0.1838
vn 0.0520 -0.5887 -0.8067
vn -0.8473 0.2107 -0.4875
vn -0.5559 0.5325 0.6383
vn 0.4414 0.5881 0.6777
vn 0.4652 -0.6168 0.6349
vn -0.4936 -0.5158 0.7002
vn 0.7882 0.5707 -0.2305
vn 0.8291 0.4107 -0.3793
vn 0.0656 -0.4757 -0.8772
vn 0.4727 0.6771 -0.5640
vn -0.2945 0.7480 -0.5947
vn -0.4194 -0.1649 -0.8927
vn 0.4181 -0.3473 -0.8394
vn -0.7687 0.1298 0.6263
vn -0.6251 0.3587 0.6933
vn -0.6024 -0.1611 -0.7817
vn 0.6268 0.2101 0.7503
vn 0.5889 0.4688 0.6583
vn 0.7648 -0.0536 -0.6421
vn 0.3553 0.5324 0.7683
vn 0.3177 -0.7027 0.6366
vn -0.6505 -0.5073 0.5653
vn -0.6246 0.5395 0.5647
vn -0.3865 -0.6181 0.6845
vn -0.5518 0.4682 0.6901
vn 0.4723 0.5986 0.6470
vn 0.5801 -0.5137 0.6322
vn -0.6287 0.6917 -0.3554
vn 0.7032 0.6969 -0.1407
vn -0.6658 -0.7420 -0.0786
vn 0.6681 -0.7419 0.0566
vn -0.3491 0.5520 0.7572
vn 0.1403 0.5692 0.8101
vn 0.6055 0.5243 0.5987
vn -0.5683 0.5313 0.6283
vn 0.0505 -0.9986 0.0150
vn 0.7361 -0.6765 -0.0243
vn 0.0004 -0.9898 0.1421
vn -0.7170 -0.6966 0.0238
vn -0.5819 0.4116 0.7014
vn -0.6357 -0.7674 0.0838
vn 0.8365 0.5308 -0.1360
vn 0.7227 0.6908 0.0231
vn 0.8254 -0.4742 -0.3064
vn 0.7498 -0.5873 -0.3048
vn 0.6696 -0.7351 0.1058
vn 0.5650 0.6892 0.4536
vn -0.8016 -0.4642 -0.3768
vn -0.6736 -0.6361 -0.3764
vn -0.8830 0.4517 -0.1275
vn -0.7384 0.6677 -0.0948
vn 0.6806 0.6947 0.2329
vn 0.5413 0.6248 0.5627
vn -0.6599 0.5420 0.5204
vn -0.6487 0.7333 0.2038
vn 0.6907 -0.7195 -0.0733
vn 0.5773 -0.5613 0.5930
vn -0.7593 -0.6403 -0.1160
vn -0.5875 -0.5551 0.5888
vn -0.6927 0.6358 0.3404
vn -0.6049 0.4900 0.6277
vn -0.4198 -0.6511 0.6323
vn -0.6540 -0.7560 0.0262
vn 0.6138 0.7893 0.0169
vn 0.6211 0.6253 0.4725
vn 0.7652 -0.5569 -0.3232
vn 0.6893 -0.5099 0.5146
vn 0.7096 -0.7037 0.0364
vn 0.4244 -0.6397 0.6408
vn 0.4469 0.5726 0.6873
vn 0.6039 0.6892 0.4004
vn -0.6907 -0.6147 -0.3808
vn -0.7421 -0.5248 0.4169
vn -0.6930 0.7209 -0.0080
vn -0.7096 0.5679 0.4170
vn -0.4815 0.7878 -0.3841
vn 0.5529 0.7558 -0.3508
vn -0.4950 -0.2884 -0.8197
vn 0.5517 -0.3457 -0.7590
vn 0.1054 0.4253 0.8989
vn -0.1640 0.4106 0.8969
vn 0.3491 0.0701 0.9345
vn -0.4356 0.0313 0.8996
vn -0.0546 0.6126 -0.7885
vn 0.1742 0.6248 -0.7611
vn -0.2932 0.3150 -0.9027
vn 0.2910 0.3724 -0.8813
vn 0.1463 -0.0554 0.9877
vn -0.0430 0.3513 0.9353
vn -0.5678 -0.0019 0.8232
vn -0.3280 0.3468 0.8787
vn -0.1108 0.3815 0.9177
vn -0.3366 -0.0475 0.9404
vn 0.1470 0.4105 0.8999
vn 0.4437 0.0615 0.8941
vn -0.6485 -0.6342 -0.4211
vn -0.3494 -0.6727 -0.6522
vn 0.2542 0.0193 -0.9670
vn -0.5602 -0.6874 -0.4623
vn 0.0162 0.0385 -0.9991
vn 0.0765 -0.0210 -0.9968
vn -0.9313 0.2826 0.2297
vn -0.1713 -0.6030 -0.7791
vn -0.7839 0.5114 0.3522
vn -0.9601 -0.0005 -0.2795
vn -0.3909 -0.8478 -0.3585
vn -0.9238 -0.0198 -0.3823
vn -0.4983 0.0076 -0.8669
vn -0.6424 -0.7503 -0.1559
vn -0.9014 0.1214 -0.4157
vn -0.3211 -0.8576 -0.4018
vn -0.9595 -0.2273 -0.1665
vn -0.6627 -0.6345 -0.3978
vn -0.7676 -0.1062 -0.6320
vn -0.3360 -0.4125 -0.8468
vn -0.6554 -0.7267 -0.2055
vn -0.7860 -0.0299 -0.6175
vn -0.4404 -0.6203 -0.6491
vn -0.1936 -0.0224 -0.9808
vn -0.2143 -0.9528 -0.2151
vn -0.5683 -0.0639 -0.8203
vn 0.2891 -0.8246 0.4862
vn -0.6115 -0.7181 0.3324
vn -0.7995 0.3378 -0.4966
vn -0.4958 0.4160 -0.7623
vn -0.4555 -0.2376 -0.8580
vn -0.6527 -0.1855 -0.7346
vn -0.6237 -0.7771 0.0837
vn -0.1612 -0.9560 -0.2452
vn 0.1820 -0.2266 0.9568
vn 0.6746 -0.4542 0.5819
vn 0.5628 0.1065 0.8197
vn 0.2452 0.0557 0.9679
vn 0.6385 0.1679 0.7511
vn 0.2792 0.1281 0.9516
vn 0.6885 0.0815 0.7207
vn 0.2836 0.0238 0.9587
vn 0.6511 -0.0633 0.7564
vn 0.3385 -0.2370 0.9107
vn 0.6897 -0.3041 0.6571
vn 0.3501 -0.5206 0.7787
vn 0.6288 -0.4740 0.6164
vn 0.3428 -0.6845 0.6434
vn 0.6330 -0.6732 0.3823
vn 0.3391 -0.8660 0.3676
vn 0.6246 -0.7499 0.2181
vn 0.3701 -0.8979 0.2384
vn 0.6543 -0.6972 0.2930
vn 0.3352 -0.8521 0.4020
vn 0.8840 -0.3940 0.2514
vn 0.1815 -0.8801 0.4388
vn -0.6199 -0.5882 -0.5194
vn 0.2987 -0.6458 -0.7027
vn 0.0003 -0.7542 -0.6567
vn 0.8410 -0.2726 -0.4673
vn 0.3242 -0.3827 -0.8651
vn 0.1128 -0.7834 -0.6112
vn 0.7152 -0.3013 -0.6306
vn 0.5448 -0.1776 -0.8196
vn 0.6588 -0.2378 -0.7137
vn 0.4383 -0.3479 -0.8288
vn 0.4844 -0.5781 -0.6567
vn 0.7903 -0.4192 -0.4468
vn 0.8526 -0.5112 -0.1083
vn 0.4899 -0.8715 0.0231
vn 0.4052 0.0607 -0.9122
vn 0.8248 -0.5285 -0.2010
vn 0.8756 -0.4503 -0.1748
vn 0.7057 0.0052 -0.7085
vn 0.5416 0.5593 0.6276
vn 0.8376 0.4238 0.3449
vn 0.7492 0.5116 0.4206
vn 0.2592 0.5503 0.7937
vn 0.6957 0.5146 0.5013
vn 0.2347 0.5964 0.7676
vn 0.6256 0.4645 0.6268
vn 0.2071 0.5412 0.8150
vn 0.7539 0.6489 0.1033
vn 0.2228 0.6316 0.7426
vn 0.7358 0.6698 -0.0997
vn 0.2627 0.9277 0.2654
vn 0.1404 0.9648 -0.2224
vn 0.3896 0.8621 -0.3241
vn 0.3605 0.9082 -0.2127
vn 0.1542 0.9565 -0.2478
vn 0.3150 0.8603 -0.4010
vn 0.2146 0.8672 -0.4493
vn 0.4480 0.6992 -0.5572
vn 0.2577 0.6193 -0.7417
vn 0.5395 0.5313 -0.6532
vn 0.2948 0.4555 -0.8400
vn 0.6676 0.4571 -0.5877
vn 0.3395 0.4693 -0.8152
vn 0.6973 0.4687 -0.5423
vn 0.3548 0.5431 -0.7610
vn 0.6992 0.5772 -0.4219
vn 0.3528 0.6990 -0.6220
vn 0.6301 0.7360 -0.2476
vn 0.4105 0.8441 -0.3451
vn 0.6883 0.7246 -0.0349
vn 0.5941 0.7948 -0.1236
vn 0.4732 0.8810 -0.0053
vn 0.4281 0.8980 -0.1015
vn 0.6823 0.7183 0.1360
vn 0.7923 0.1705 0.5858
vn 0.9278 -0.0357 0.3714
vn 0.9038 -0.1398 0.4045
vn 0.6535 -0.3429 0.6748
vn 0.9493 -0.3132 -0.0291
vn 0.9146 -0.3743 0.1533
vn 0.9951 0.0964 0.0210
vn 0.9834 0.0386 -0.1774
vn 0.9249 -0.2564 0.2806
vn 0.9643 0.1468 0.2204
vn 0.8570 -0.1359 0.4971
vn 0.9230 0.2146 0.3193
vn 0.8680 -0.0018 0.4965
vn 0.8801 0.2476 0.4050
vn 0.9042 0.1265 0.4079
vn 0.9273 0.2678 0.2615
vn 0.9321 0.1579 0.3261
vn 0.9607 0.2438 0.1328
vn 0.9364 0.1939 0.2926
vn 0.9576 0.2239 0.1814
vn 0.8999 0.1895 0.3927
vn 0.9420 0.2000 0.2695
vn 0.9231 0.0170 0.3842
vn 0.9170 0.1046 0.3849
vn 0.9223 -0.3149 -0.2241
vn 0.9191 -0.3766 0.1162
vn 0.9956 0.0856 0.0376
vn 0.9100 -0.0000 -0.4146
vn 0.9177 -0.1704 0.3589
vn 0.8677 0.1245 0.4813
vn 0.9534 -0.2019 -0.2242
vn 0.9337 0.0408 -0.3558
vn 0.9929 -0.0130 -0.1184
vn 0.9872 -0.0979 -0.1256
vn 0.9887 0.1500 0.0036
vn 0.9826 0.1763 -0.0585
vn 0.9838 0.1147 -0.1381
vn 0.9759 0.2128 -0.0480
vn 0.9811 0.1575 -0.1126
vn 0.9701 0.2414 -0.0258
vn 0.9635 -0.1051 -0.2463
vn 0.9758 0.1677 -0.1403
vn 0.9662 0.0796 -0.2451
vn 0.6607 0.7009 -0.2689
vn 0.2589 0.9579 -0.1244
vn 0.8383 0.1931 -0.5098
vn 0.9252 0.3237 -0.1983
vn 0.5188 0.7748 -0.3612
vn 0.1948 0.9672 -0.1629
vn 0.7462 -0.0836 -0.6605
vn 0.8713 -0.1140 -0.4773
vn 0.7858 0.1083 -0.6089
vn 0.7505 0.1223 -0.6494
vn 0.8981 -0.2813 0.3380
vn 0.5051 -0.1453 0.8508
vn 0.9043 0.1682 0.3923
vn 0.6273 -0.2838 0.7252
vn 0.9056 0.0206 0.4236
vn 0.8234 0.4676 0.3214
vn 0.7346 0.5518 -0.3948
vn 0.7576 0.6255 -0.1868
vn 0.7368 0.6691 -0.0971
vn 0.7696 0.5978 0.2243
vn 0.8572 0.4971 0.1344
vn 0.9168 0.3989 -0.0207
vn 0.9446 0.3029 -0.1263
vn 0.9544 0.2986 -0.0020
vn 0.9220 0.3854 0.0374
vn 0.9309 0.2929 0.2183
vn 0.9080 0.3776 0.1815
vn 0.8448 0.5304 -0.0702
vn 0.8938 0.3269 -0.3069
vn 0.9240 -0.0901 0.3716
vn 0.8228 -0.5227 -0.2233
vn 0.8399 0.4614 0.2859
vn 0.6489 0.4348 -0.6244
vn 0.9543 0.2986 0.0132
vn 0.9754 0.1883 0.1145
vn 0.9544 0.2986 -0.0009
vn 0.9564 -0.1515 -0.2499
vn 0.9440 0.3299 0.0028
vn 0.6062 0.4106 -0.6811
vn 0.7207 0.4637 -0.5153
vn 0.2441 -0.0505 0.9684
vn -0.0559 0.3725 0.9264
vn -0.0205 0.1175 0.9929
vn 0.8173 -0.0800 -0.5707
vn 0.9670 -0.1338 0.2167
vn 0.7926 0.5553 0.2516
vn 0.5322 0.6780 0.5070
vn 0.6116 -0.1277 0.7808
vn 0.0482 -0.5265 0.8488
vn 0.1908 -0.8983 0.3958
vn 0.7099 -0.4332 0.5552
vn 0.7191 0.6618 0.2119
vn 0.5791 0.8141 -0.0430
vn 0.7136 -0.6615 0.2306
vn 0.5741 -0.6397 0.5110
vn -0.2004 -0.2365 0.9507
vn 0.5528 -0.1415 0.8212
vn 0.5621 -0.4095 0.7186
vn -0.1369 -0.5639 0.8144
vn 0.9950 0.0514 0.0858
vn 0.9998 -0.0075 0.0179
vn 0.6929 0.0365 -0.7201
vn 0.5788 -0.0360 -0.8147
vn 0.1917 -0.9751 0.1113
vn 0.1569 -0.8362 0.5255
vn 0.6736 -0.5525 0.4909
vn 0.7573 -0.6473 0.0865
vn 0.6136 0.6679 0.4211
vn 0.5013 0.6690 0.5488
vn 0.2766 0.7317 0.6230
vn 0.3632 0.7934 0.4884
vn 0.8333 -0.5114 0.2100
vn 0.6059 0.7387 0.2953
vn 0.8413 -0.4585 0.2863
vn 0.8902 -0.4083 0.2019
vn 0.3040 -0.9416 0.1450
vn 0.2618 -0.9642 0.0418
vn 0.3565 0.6327 0.6875
vn 0.1274 0.5902 0.7972
vn 0.8898 -0.3806 0.2520
vn 0.4273 -0.5699 0.7018
vn 0.1020 -0.6549 0.7488
vn 0.7757 -0.4883 0.3997
vn 0.2434 -0.2963 0.9236
vn 0.5266 -0.1580 0.8353
vn 0.6039 0.5975 0.5275
vn -0.1455 -0.9594 0.2418
vn -0.1230 -0.9883 -0.0906
vn -0.0370 -0.9414 -0.3353
vn -0.5563 0.7508 0.3563
vn -0.2579 -0.6304 0.7322
vn -0.1937 0.9352 -0.2966
vn -0.1606 0.9694 0.1854
vn -0.1817 0.9832 -0.0143
vn -0.0017 -0.9086 -0.4176
vn -0.0136 -0.8687 -0.4951
vn -0.1056 0.8766 0.4694
vn -0.1020 0.8650 0.4914
vn -0.1334 0.9185 0.3722
vn 0.0008 -0.8367 -0.5476
vn -0.1105 -0.7647 -0.6348
vn 0.0723 -0.7312 -0.6783
vn -0.1601 -0.9083 -0.3865
vn -0.1246 -0.9099 -0.3956
vn -0.3200 -0.9403 -0.1157
vn -0.3010 -0.9418 0.1499
vn -0.5695 -0.5445 0.6158
vn -0.7660 0.4054 0.4989
vn -0.3036 0.9301 -0.2067
vn -0.2913 0.9550 -0.0565
vn -0.2499 0.9615 0.1140
vn -0.2110 0.9452 0.2492
vn -0.1515 0.9270 0.3432
vn 0.8411 -0.1229 0.5268
vn 0.8799 0.4539 0.1404
vn 0.7974 0.6033 0.0162
vn 0.8311 0.5317 -0.1631
vn 0.7784 -0.0043 0.6277
vn 0.6987 0.3502 0.6239
vn 0.8934 0.2769 0.3537
vn 0.9708 0.2348 0.0498
vn 0.9539 0.2484 -0.1685
vn 0.8557 0.3744 0.3574
vn 0.8593 0.4955 -0.1271
vn 0.2371 0.2023 0.9502
vn 0.6605 0.4440 0.6055
vn 0.6181 0.7257 -0.3023
vn 0.8920 0.4331 -0.1293
vn 0.9092 0.2622 0.3233
vn 0.8958 0.1248 0.4266
vn 0.8295 0.3078 -0.4661
vn 0.8356 0.4415 -0.3268
vn 0.9075 0.3882 0.1604
vn 0.7274 0.6342 0.2621
vn 0.4225 0.5540 0.7174
vn 0.9956 0.0884 0.0310
vn 0.6674 0.6242 0.4062
vn 0.4470 0.0471 0.8933
vn 0.2511 0.9564 -0.1493
vn 0.1775 0.9428 -0.2822
vn 0.8075 0.3929 0.4400
vn 0.6721 0.6418 -0.3692
vn 0.6787 0.2778 0.6798
vn 0.5380 0.5483 0.6403
vn 0.5095 0.8540 -0.1048
vn 0.6384 0.1226 0.7599
vn 0.4218 0.4049 -0.8113
vn 0.3553 0.4752 0.8049
vn 0.9735 0.0935 -0.2085
vn 0.9623 0.2518 -0.1033
vn 0.5159 0.8536 -0.0721
vn 0.9470 -0.3189 -0.0380
vn 0.6837 0.4237 -0.5942
vn 0.9312 0.2442 -0.2705
vn 0.8871 0.2356 -0.3969
vn 0.5458 0.3236 -0.7729
vn 0.9304 0.0549 0.3623
vn 0.7847 0.0400 0.6185
vn 0.7304 -0.0073 0.6830
vn 0.9199 0.0467 0.3893
vn 0.7955 0.5625 -0.2253
vn 0.8799 0.1912 0.4350
vn 0.7188 0.3594 0.5950
vn 0.6093 0.7711 -0.1849
vn 0.7349 0.6742 0.0733
vn 0.9880 -0.1401 -0.0647
vn 0.9329 -0.3241 0.1573
vn 0.5066 -0.7369 0.4476
vn 0.9782 0.2059 0.0258
vn 0.9548 0.2688 0.1271
vn 0.9654 0.0414 -0.2576
vn 0.9769 0.2134 -0.0054
vn 0.9895 0.1396 0.0383
vn 0.9818 0.1863 0.0377
vn 0.8962 -0.4074 0.1757
vn 0.9662 -0.1005 -0.2376
vn 0.9033 -0.1960 -0.3815
vn 0.8633 -0.5046 -0.0123
vn 0.9781 0.2013 0.0524
vn 0.9747 0.2015 0.0970
vn 0.8993 0.4199 -0.1219
vn 0.8055 0.5485 0.2241
vn 0.8499 0.5039 0.1539
vn 0.8787 0.4711 0.0771
vn 0.8286 0.5578 0.0469
vn 0.8415 0.2935 -0.4535
vn 0.9088 0.3035 -0.2862
vn 0.9191 0.3873 0.0724
vn 0.8186 0.4820 0.3123
vn 0.8820 0.3530 0.3121
vn 0.6898 0.3524 -0.6325
vn 0.6626 0.6290 -0.4066
vn 0.9994 0.0061 -0.0346
vn 0.9975 0.0415 -0.0564
vn 0.9992 -0.0242 0.0316
vn 0.9258 0.3719 0.0671
vn 0.9076 0.3406 0.2454
vn 0.8874 0.1217 0.4446
vn 0.9212 -0.1747 0.3478
vn 0.9818 -0.0900 0.1671
vn 0.9400 0.3408 -0.0182
vn 0.9456 0.3174 -0.0718
vn 0.9521 0.3022 -0.0464
vn 0.9817 0.1684 -0.0892
vn 0.9797 0.1140 -0.1651
vn 0.9872 0.1596 -0.0051
vn 0.9799 0.1916 -0.0559
vn 0.7034 0.4915 0.5135
vn 0.8856 0.3484 0.3070
vn 0.9164 -0.1236 0.3806
vn -0.2371 0.7296 0.6414
vn 0.6317 0.6573 0.4110
vn -0.2705 -0.8554 0.4417
vn -0.1705 0.7046 0.6889
vn 0.5684 0.5908 0.5726
vn 0.8817 0.4222 -0.2108
vn 0.7973 0.5474 -0.2541
vn 0.6754 0.1218 -0.7273
vn 0.8666 -0.0407 -0.4974
vn -0.2116 -0.7855 0.5816
vn -0.0010 0.7582 0.6520
vn 0.6506 0.5889 0.4795
vn 0.8127 -0.0488 -0.5806
vn 0.5806 -0.0309 -0.8136
vn 0.3203 -0.6605 -0.6791
vn 0.8292 -0.3583 -0.4291
vn 0.5864 0.8086 -0.0478
vn 0.2789 0.9196 -0.2767
vn 0.8230 0.0592 -0.5649
vn 0.5426 -0.0841 -0.8358
vn 0.3737 -0.6748 -0.6364
vn 0.8101 -0.4381 -0.3896
vn 0.7747 0.6322 0.0084
vn 0.5925 0.7858 -0.1771
vn 0.8222 -0.2782 -0.4965
vn 0.7877 0.3393 -0.5142
vn 0.7494 0.6350 -0.1874
vn 0.5804 -0.3349 -0.7423
vn 0.9785 0.0699 -0.1942
vn 0.8122 -0.3517 -0.4655
vn 0.8658 0.4927 0.0877
vn 0.8448 -0.3036 -0.4406
vn 0.2268 -0.6694 -0.7074
vn 0.7015 0.7052 0.1034
vn -0.0180 -0.9997 -0.0168
vn 0.1262 -0.7977 -0.5897
vn 0.8772 -0.2795 0.3905
vn -0.2458 -0.9586 0.1437
vn 0.7637 -0.3133 -0.5644
vn -0.0422 -0.8012 -0.5969
vn 0.0665 -0.9643 -0.2563
vn 0.2059 -0.8421 -0.4985
vn 0.6341 -0.7697 -0.0743
vn 0.3141 -0.9122 -0.2631
vn -0.4022 -0.9074 0.1217
vn 0.0657 -0.9605 -0.2703
vn 0.0823 -0.8580 -0.5070
vn 0.3165 -0.9152 -0.2494
vn 0.8521 0.5074 -0.1284
vn 0.8254 0.3593 -0.4354
vn 0.1023 -0.5842 -0.8051
vn 0.4134 0.6182 0.6685
vn 0.5323 -0.4247 0.7323
vn -0.3874 -0.6927 0.6084
vn -0.5794 0.4972 0.6458
vn -0.8604 0.4244 -0.2819
vn 0.0733 -0.4750 -0.8769
vn -0.8633 0.2607 -0.4321
vn -0.5485 0.5864 -0.5960
vn -0.2979 -0.4107 -0.8617
vn 0.4961 -0.0837 -0.8642
vn 0.1938 0.7915 -0.5796
vn 0.6937 0.2596 0.6718
vn 0.6685 -0.0483 -0.7421
vn 0.5081 0.4593 0.7286
vn -0.6991 0.0923 0.7090
vn -0.7017 0.3543 0.6181
vn -0.7023 -0.1839 -0.6878
vn -0.4903 0.4573 0.7420
vn 0.4837 0.6379 0.5993
vn 0.6934 -0.3880 0.6072
vn -0.2278 -0.7511 0.6196
vn 0.4464 -0.5441 0.7104
vn -0.5186 -0.6112 0.5980
vn -0.6093 0.5026 0.6133
vn 0.4173 0.5542 0.7202
vn -0.8047 0.5632 -0.1877
vn 0.5179 0.7935 -0.3197
vn 0.7896 -0.6128 -0.0333
vn -0.5294 -0.8481 0.0193
vn 0.1990 0.6008 0.7742
vn 0.4262 0.6195 0.6592
vn -0.7243 0.4063 0.5570
vn -0.2881 0.5311 0.7968
vn -0.6028 -0.7952 -0.0662
vn 0.1253 -0.9920 0.0171
vn 0.8255 -0.5598 0.0718
vn 0.1651 -0.9752 0.1472
vn 0.7545 -0.6438 0.1272
vn 0.4556 0.5038 0.7339
vn -0.8330 0.5527 -0.0253
vn -0.9069 0.3760 -0.1900
vn -0.6144 -0.7085 -0.3472
vn -0.7086 -0.6104 -0.3540
vn -0.7044 0.5765 0.4141
vn -0.5350 -0.8421 0.0682
vn 0.7970 -0.5055 -0.3306
vn 0.8925 -0.3137 -0.3240
vn 0.6137 0.7878 -0.0527
vn 0.7959 0.6008 -0.0752
vn -0.8053 0.5627 0.1866
vn 0.4955 0.8349 0.2395
vn 0.5210 0.6467 0.5571
vn -0.6766 0.5166 0.5247
vn -0.5473 -0.8294 -0.1119
vn -0.5051 -0.6574 0.5593
vn 0.8658 -0.4960 -0.0653
vn 0.6384 -0.4463 0.6271
vn 0.5476 0.7460 0.3790
vn 0.7740 -0.6292 0.0707
vn 0.4879 -0.5706 0.6606
vn 0.4695 0.5853 0.6611
vn -0.7430 0.6688 -0.0254
vn -0.7494 0.5036 0.4298
vn -0.6338 -0.6810 -0.3668
vn -0.6192 -0.6261 0.4739
vn -0.5756 -0.8178 -0.0036
vn -0.7394 0.5699 0.3585
vn -0.5824 0.4812 0.6552
vn -0.3439 -0.7079 0.6169
vn 0.8102 -0.4816 -0.3340
vn 0.7956 -0.3884 0.4649
vn 0.5546 0.8316 0.0308
vn 0.5716 0.6815 0.4569
vn -0.6545 0.6487 -0.3884
vn 0.3580 0.8624 -0.3580
vn 0.5877 -0.1922 -0.7859
vn -0.4344 -0.4332 -0.7897
vn 0.0334 0.4281 0.9031
vn -0.2339 0.3951 0.8884
vn -0.4129 0.0026 0.9108
vn 0.3671 0.1022 0.9245
vn -0.2340 0.5886 -0.7738
vn -0.0055 0.6169 -0.7870
vn 0.2885 0.3665 -0.8846
vn -0.2969 0.3203 -0.8996
vn -0.0774 0.3482 0.9342
vn -0.1950 -0.0857 0.9770
vn 0.5074 0.0933 0.8567
vn 0.2069 0.3942 0.8954
vn 0.2811 0.0072 0.9596
vn -0.0149 0.3901 0.9206
vn -0.2723 0.3733 0.8869
vn -0.5021 -0.0227 0.8645
vn 0.7747 -0.5079 -0.3767
vn -0.1933 -0.0205 -0.9809
vn 0.5020 -0.5971 -0.6256
vn 0.7000 -0.5755 -0.4230
vn 0.0390 0.0405 -0.9984
vn -0.0098 -0.0287 -0.9995
vn 0.8509 0.4410 0.2854
vn 0.3226 -0.5592 -0.7637
vn 0.6580 0.6397 0.3973
vn 0.9607 0.1700 -0.2196
vn 0.9347 0.1454 -0.3245
vn 0.5554 -0.7637 -0.3290
vn 0.5418 0.1000 -0.8345
vn 0.7729 -0.6246 -0.1119
vn 0.8896 0.2804 -0.3605
vn 0.9929 -0.0542 -0.1059
vn 0.4913 -0.7854 -0.3765
vn 0.7873 -0.5058 -0.3525
vn 0.8118 0.0339 -0.5830
vn 0.7845 -0.5989 -0.1606
vn 0.4550 -0.3422 -0.8221
vn 0.8154 0.1123 -0.5679
vn 0.5819 -0.5295 -0.6173
vn 0.2547 0.0174 -0.9669
vn 0.3915 -0.8990 -0.1962
vn 0.6202 0.0416 -0.7834
vn 0.7065 -0.6011 0.3735
vn -0.1689 -0.8653 0.4720
vn 0.7567 0.4760 -0.4481
vn 0.4608 0.5010 -0.7326
vn 0.5422 -0.1490 -0.8269
vn 0.3417 -0.9113 -0.2295
vn 0.7443 -0.6558 0.1264
vn 0.7193 -0.0638 -0.6918
# 1012 vertex normals

vt 0.1690 0.7807 0.0000
vt 0.1478 0.7512 0.0000
vt 0.1758 0.7444 0.0000
vt 0.1759 0.7958 0.0000
vt 0.1322 0.7053 0.0000
vt 0.1717 0.7048 0.0000
vt 0.1099 0.6179 0.0000
vt 0.1544 0.6203 0.0000
vt 0.1024 0.5224 0.0000
vt 0.1466 0.5402 0.0000
vt 0.1200 0.4322 0.0000
vt 0.1734 0.4567 0.0000
vt 0.1606 0.3498 0.0000
vt 0.2055 0.3953 0.0000
vt 0.2067 0.2948 0.0000
vt 0.2431 0.3485 0.0000
vt 0.2835 0.2487 0.0000
vt 0.3136 0.3071 0.0000
vt 0.3730 0.2068 0.0000
vt 0.3889 0.2743 0.0000
vt 0.4128 0.2195 0.0000
vt 0.4233 0.2649 0.0000
vt 0.5180 0.0812 0.0000
vt 0.5216 0.0847 0.0000
vt 0.5011 0.0681 0.0000
vt 0.5016 0.0651 0.0000
vt 0.5408 0.2680 0.0000
vt 0.5313 0.3068 0.0000
vt 0.4819 0.2817 0.0000
vt 0.4767 0.2281 0.0000
vt 0.5831 0.3105 0.0000
vt 0.5590 0.3340 0.0000
vt 0.5952 0.3230 0.0000
vt 0.6354 0.3315 0.0000
vt 0.6259 0.3619 0.0000
vt 0.5834 0.3532 0.0000
vt 0.7830 0.3545 0.0000
vt 0.7724 0.3583 0.0000
vt 0.7577 0.3432 0.0000
vt 0.7594 0.3266 0.0000
vt 0.6643 0.6085 0.0000
vt 0.6365 0.5926 0.0000
vt 0.6330 0.5715 0.0000
vt 0.6672 0.5928 0.0000
vt 0.6125 0.5812 0.0000
vt 0.6101 0.5569 0.0000
vt 0.5915 0.5698 0.0000
vt 0.5868 0.5417 0.0000
vt 0.5656 0.5554 0.0000
vt 0.5624 0.5192 0.0000
vt 0.5597 0.5541 0.0000
vt 0.5494 0.5183 0.0000
vt 0.5055 0.5972 0.0000
vt 0.4736 0.6209 0.0000
vt 0.4442 0.5700 0.0000
vt 0.4780 0.5509 0.0000
vt 0.4311 0.6452 0.0000
vt 0.4009 0.5947 0.0000
vt 0.3943 0.6710 0.0000
vt 0.3635 0.6331 0.0000
vt 0.3804 0.6843 0.0000
vt 0.3540 0.6485 0.0000
vt 0.3665 0.7034 0.0000
vt 0.3370 0.6680 0.0000
vt 0.3443 0.7340 0.0000
vt 0.3140 0.7050 0.0000
vt 0.3048 0.7865 0.0000
vt 0.2802 0.7582 0.0000
vt 0.2504 0.8326 0.0000
vt 0.2399 0.8060 0.0000
vt 0.2062 0.8559 0.0000
vt 0.1917 0.8406 0.0000
vt 0.1867 0.8525 0.0000
vt 0.1775 0.8453 0.0000
vt 0.1902 0.8487 0.0000
vt 0.1448 0.8311 0.0000
vt 0.1434 0.8282 0.0000
vt 0.1591 0.8226 0.0000
vt 0.1596 0.8300 0.0000
vt 0.3969 0.3483 0.0000
vt 0.4208 0.4204 0.0000
vt 0.3782 0.4502 0.0000
vt 0.3390 0.3647 0.0000
vt 0.3357 0.4788 0.0000
vt 0.2829 0.4027 0.0000
vt 0.2967 0.5087 0.0000
vt 0.2490 0.4297 0.0000
vt 0.2635 0.5470 0.0000
vt 0.2311 0.4798 0.0000
vt 0.2460 0.6058 0.0000
vt 0.2034 0.5768 0.0000
vt 0.2403 0.6633 0.0000
vt 0.2041 0.6487 0.0000
vt 0.2259 0.7268 0.0000
vt 0.1999 0.7145 0.0000
vt 0.2133 0.7702 0.0000
vt 0.2000 0.7553 0.0000
vt 0.1879 0.8161 0.0000
vt 0.1822 0.8057 0.0000
vt 0.1769 0.8222 0.0000
vt 0.1789 0.8240 0.0000
vt 0.1753 0.8259 0.0000
vt 0.1743 0.8228 0.0000
vt 0.1722 0.8278 0.0000
vt 0.1720 0.8253 0.0000
vt 0.4497 0.3448 0.0000
vt 0.4636 0.3985 0.0000
vt 0.6191 0.4017 0.0000
vt 0.6118 0.4373 0.0000
vt 0.5798 0.4336 0.0000
vt 0.5831 0.3944 0.0000
vt 0.6538 0.4272 0.0000
vt 0.6443 0.4560 0.0000
vt 0.6826 0.4529 0.0000
vt 0.6732 0.4767 0.0000
vt 0.7085 0.3887 0.0000
vt 0.7627 0.4237 0.0000
vt 0.7195 0.4622 0.0000
vt 0.5444 0.5640 0.0000
vt 0.5262 0.5275 0.0000
vt 0.5508 0.4306 0.0000
vt 0.5417 0.3926 0.0000
vt 0.5290 0.5778 0.0000
vt 0.5040 0.5370 0.0000
vt 0.5284 0.3463 0.0000
vt 0.5407 0.3682 0.0000
vt 0.4979 0.3840 0.0000
vt 0.4838 0.3437 0.0000
vt 0.1409 0.8246 0.0000
vt 0.1541 0.8151 0.0000
vt 0.1591 0.8367 0.0000
vt 0.1602 0.8449 0.0000
vt 0.1441 0.8394 0.0000
vt 0.1452 0.8319 0.0000
vt 0.4559 0.4935 0.0000
vt 0.4229 0.5188 0.0000
vt 0.3748 0.5535 0.0000
vt 0.3412 0.5718 0.0000
vt 0.3056 0.5760 0.0000
vt 0.2842 0.6194 0.0000
vt 0.2750 0.6808 0.0000
vt 0.2511 0.7390 0.0000
vt 0.2263 0.7847 0.0000
vt 0.1893 0.8244 0.0000
vt 0.1754 0.8377 0.0000
vt 0.1790 0.8261 0.0000
vt 0.1762 0.8292 0.0000
vt 0.1684 0.8143 0.0000
vt 0.1666 0.7955 0.0000
vt 0.1740 0.8298 0.0000
vt 0.4812 0.4678 0.0000
vt 0.6056 0.4734 0.0000
vt 0.5757 0.4609 0.0000
vt 0.6352 0.4855 0.0000
vt 0.6615 0.3748 0.0000
vt 0.6646 0.5006 0.0000
vt 0.5119 0.4245 0.0000
vt 0.5251 0.4661 0.0000
vt 0.1341 0.8289 0.0000
vt 0.1223 0.8196 0.0000
vt 0.1221 0.8109 0.0000
vt 0.1487 0.7984 0.0000
vt 0.1594 0.7834 0.0000
vt 0.1308 0.8461 0.0000
vt 0.1305 0.8459 0.0000
vt 0.1412 0.8392 0.0000
vt 0.1426 0.8295 0.0000
vt 0.1330 0.8274 0.0000
vt 0.1334 0.8280 0.0000
vt 0.1359 0.8439 0.0000
vt 0.1346 0.8429 0.0000
vt 0.1443 0.8316 0.0000
vt 0.1452 0.8326 0.0000
vt 0.1111 0.7925 0.0000
vt 0.1100 0.7712 0.0000
vt 0.1130 0.7723 0.0000
vt 0.1153 0.7921 0.0000
vt 0.1333 0.7638 0.0000
vt 0.1428 0.7861 0.0000
vt 0.1474 0.7568 0.0000
vt 0.1580 0.7788 0.0000
vt 0.1253 0.7456 0.0000
vt 0.1269 0.7488 0.0000
vt 0.1157 0.7609 0.0000
vt 0.1135 0.7589 0.0000
vt 0.1302 0.8382 0.0000
vt 0.1270 0.8440 0.0000
vt 0.1201 0.8403 0.0000
vt 0.1225 0.8363 0.0000
vt 0.1320 0.8494 0.0000
vt 0.1308 0.8496 0.0000
vt 0.1309 0.8342 0.0000
vt 0.1231 0.8341 0.0000
vt 0.1281 0.8413 0.0000
vt 0.1255 0.8493 0.0000
vt 0.1176 0.8381 0.0000
vt 0.1206 0.8355 0.0000
vt 0.1213 0.8341 0.0000
vt 0.1157 0.8348 0.0000
vt 0.1188 0.8340 0.0000
vt 0.1199 0.8342 0.0000
vt 0.1292 0.8510 0.0000
vt 0.1258 0.8533 0.0000
vt 0.1304 0.8501 0.0000
vt 0.1306 0.8332 0.0000
vt 0.1448 0.8325 0.0000
vt 0.1229 0.8336 0.0000
vt 0.1448 0.8322 0.0000
vt 0.1447 0.8318 0.0000
vt 0.1444 0.8321 0.0000
vt 0.1362 0.8445 0.0000
vt 0.1320 0.8498 0.0000
vt 0.1196 0.8338 0.0000
vt 0.1210 0.8338 0.0000
vt 0.1290 0.8513 0.0000
vt 0.1269 0.8542 0.0000
vt 0.1305 0.8506 0.0000
vt 0.1189 0.8337 0.0000
vt 0.1158 0.8335 0.0000
vt 0.1169 0.8313 0.0000
vt 0.1186 0.8300 0.0000
vt 0.1211 0.8288 0.0000
vt 0.1297 0.8256 0.0000
vt 0.1443 0.8231 0.0000
vt 0.1530 0.8232 0.0000
vt 0.1582 0.8288 0.0000
vt 0.1515 0.8377 0.0000
vt 0.1403 0.8491 0.0000
vt 0.1338 0.8537 0.0000
vt 0.1310 0.8546 0.0000
vt 0.1284 0.8546 0.0000
vt 0.1379 0.8540 0.0000
vt 0.1573 0.8525 0.0000
vt 0.1723 0.8547 0.0000
vt 0.1826 0.8582 0.0000
vt 0.1242 0.8645 0.0000
vt 0.1443 0.8797 0.0000
vt 0.1310 0.8823 0.0000
vt 0.1609 0.8819 0.0000
vt 0.1776 0.8864 0.0000
vt 0.1815 0.8971 0.0000
vt 0.1760 0.8986 0.0000
vt 0.1478 0.8906 0.0000
vt 0.1502 0.8968 0.0000
vt 0.1460 0.9084 0.0000
vt 0.1436 0.9088 0.0000
vt 0.1642 0.8980 0.0000
vt 0.1724 0.8975 0.0000
vt 0.1681 0.9110 0.0000
vt 0.1631 0.9126 0.0000
vt 0.1384 0.8935 0.0000
vt 0.1373 0.8923 0.0000
vt 0.1368 0.8871 0.0000
vt 0.1415 0.8863 0.0000
vt 0.1419 0.8917 0.0000
vt 0.1426 0.8928 0.0000
vt 0.1538 0.8995 0.0000
vt 0.1470 0.9116 0.0000
vt 0.1589 0.9003 0.0000
vt 0.1661 0.9191 0.0000
vt 0.1663 0.9220 0.0000
vt 0.1617 0.9209 0.0000
vt 0.1629 0.9181 0.0000
vt 0.1593 0.9147 0.0000
vt 0.1706 0.9126 0.0000
vt 0.1410 0.9113 0.0000
vt 0.1868 0.8917 0.0000
vt 0.1884 0.9003 0.0000
vt 0.1945 0.8577 0.0000
vt 0.1918 0.8592 0.0000
vt 0.1891 0.9095 0.0000
vt 0.1868 0.9255 0.0000
vt 0.1844 0.9242 0.0000
vt 0.1861 0.9089 0.0000
vt 0.1820 0.9061 0.0000
vt 0.1821 0.9224 0.0000
vt 0.1789 0.9234 0.0000
vt 0.1784 0.9059 0.0000
vt 0.1839 0.9296 0.0000
vt 0.1848 0.9319 0.0000
vt 0.1804 0.9311 0.0000
vt 0.1826 0.9288 0.0000
vt 0.1945 0.9001 0.0000
vt 0.2053 0.8514 0.0000
vt 0.2053 0.8566 0.0000
vt 0.1881 0.8625 0.0000
vt 0.1966 0.8956 0.0000
vt 0.2021 0.8972 0.0000
vt 0.2045 0.9005 0.0000
vt 0.1982 0.8986 0.0000
vt 0.2043 0.8923 0.0000
vt 0.1974 0.8916 0.0000
vt 0.2137 0.8487 0.0000
vt 0.2157 0.8443 0.0000
vt 0.2480 0.8589 0.0000
vt 0.2441 0.8622 0.0000
vt 0.2116 0.8927 0.0000
vt 0.2260 0.8960 0.0000
vt 0.2086 0.9015 0.0000
vt 0.2088 0.8990 0.0000
vt 0.2238 0.8978 0.0000
vt 0.2240 0.9023 0.0000
vt 0.2330 0.9064 0.0000
vt 0.2321 0.9002 0.0000
vt 0.2497 0.8905 0.0000
vt 0.2543 0.8913 0.0000
vt 0.1965 0.9243 0.0000
vt 0.1956 0.9260 0.0000
vt 0.2022 0.9241 0.0000
vt 0.2021 0.9227 0.0000
vt 0.1805 0.8229 0.0000
vt 0.1775 0.8200 0.0000
vt 0.1808 0.8268 0.0000
vt 0.1770 0.8310 0.0000
vt 0.1734 0.8319 0.0000
vt 0.1705 0.8287 0.0000
vt 0.1701 0.8246 0.0000
vt 0.1735 0.8211 0.0000
vt 0.7029 0.5151 0.0000
vt 0.7120 0.4883 0.0000
vt 0.5486 0.4658 0.0000
vt 0.7738 0.4548 0.0000
vt 0.7766 0.4700 0.0000
vt 0.7592 0.5017 0.0000
vt 0.7476 0.5237 0.0000
vt 0.7224 0.6234 0.0000
vt 0.7166 0.6348 0.0000
vt 0.8195 0.4451 0.0000
vt 0.8292 0.4532 0.0000
vt 0.7870 0.4687 0.0000
vt 0.8117 0.5853 0.0000
vt 0.8088 0.5972 0.0000
vt 0.7504 0.5259 0.0000
vt 0.9164 0.6632 0.0000
vt 0.9165 0.6289 0.0000
vt 0.9295 0.6300 0.0000
vt 0.9222 0.6689 0.0000
vt 0.8153 0.5381 0.0000
vt 0.8163 0.5518 0.0000
vt 0.7638 0.5047 0.0000
vt 0.8856 0.5924 0.0000
vt 0.8376 0.5540 0.0000
vt 0.8489 0.5474 0.0000
vt 0.8951 0.5914 0.0000
vt 0.8800 0.6271 0.0000
vt 0.8763 0.6212 0.0000
vt 0.8827 0.5327 0.0000
vt 0.8247 0.4848 0.0000
vt 0.8352 0.4753 0.0000
vt 0.8937 0.5280 0.0000
vt 0.8748 0.5616 0.0000
vt 0.8817 0.5713 0.0000
vt 0.8341 0.4093 0.0000
vt 0.8366 0.3990 0.0000
vt 0.8790 0.4296 0.0000
vt 0.8617 0.4259 0.0000
vt 0.7946 0.4340 0.0000
vt 0.8846 0.6773 0.0000
vt 0.8804 0.6013 0.0000
vt 0.8534 0.5754 0.0000
vt 0.8408 0.5828 0.0000
vt 0.8874 0.6852 0.0000
vt 0.4209 0.1970 0.0000
vt 0.4845 0.2137 0.0000
vt 0.4315 0.2303 0.0000
vt 0.4356 0.2459 0.0000
vt 0.4532 0.2503 0.0000
vt 0.4582 0.2344 0.0000
vt 0.4808 0.1919 0.0000
vt 0.4578 0.1715 0.0000
vt 0.4605 0.1724 0.0000
vt 0.4780 0.1901 0.0000
vt 0.4572 0.1676 0.0000
vt 0.4767 0.1737 0.0000
vt 0.4802 0.1883 0.0000
vt 0.4615 0.1752 0.0000
vt 0.5078 0.0881 0.0000
vt 0.5119 0.0715 0.0000
vt 0.5160 0.1008 0.0000
vt 0.4818 0.1577 0.0000
vt 0.4816 0.1577 0.0000
vt 0.4719 0.1589 0.0000
vt 0.4731 0.1593 0.0000
vt 0.5062 0.0836 0.0000
vt 0.5046 0.0770 0.0000
vt 0.5103 0.0667 0.0000
vt 0.5295 0.0667 0.0000
vt 0.5293 0.0678 0.0000
vt 0.5288 0.0717 0.0000
vt 0.5291 0.0705 0.0000
vt 0.4771 0.1477 0.0000
vt 0.4957 0.0920 0.0000
vt 0.4962 0.1474 0.0000
vt 0.4944 0.1486 0.0000
vt 0.5124 0.0960 0.0000
vt 0.4807 0.1322 0.0000
vt 0.4873 0.1488 0.0000
vt 0.4764 0.1494 0.0000
vt 0.4784 0.1493 0.0000
vt 0.4878 0.1483 0.0000
vt 0.4706 0.1473 0.0000
vt 0.4812 0.1459 0.0000
vt 0.4814 0.1456 0.0000
vt 0.4707 0.1470 0.0000
vt 0.5061 0.0697 0.0000
vt 0.5046 0.0671 0.0000
vt 0.5057 0.0654 0.0000
vt 0.5043 0.0627 0.0000
vt 0.5292 0.0865 0.0000
vt 0.5288 0.0865 0.0000
vt 0.5186 0.0889 0.0000
vt 0.5208 0.0894 0.0000
vt 0.4951 0.0772 0.0000
vt 0.4935 0.0819 0.0000
vt 0.4988 0.0781 0.0000
vt 0.4973 0.0828 0.0000
vt 0.5179 0.0893 0.0000
vt 0.4932 0.0825 0.0000
vt 0.5185 0.0768 0.0000
vt 0.5148 0.0885 0.0000
vt 0.4971 0.0706 0.0000
vt 0.4934 0.0824 0.0000
vt 0.4965 0.0855 0.0000
vt 0.5216 0.0927 0.0000
vt 0.5032 0.0702 0.0000
vt 0.4995 0.0821 0.0000
vt 0.5242 0.0763 0.0000
vt 0.5205 0.0884 0.0000
vt 0.5046 0.1186 0.0000
vt 0.4928 0.1490 0.0000
vt 0.4932 0.1491 0.0000
vt 0.5068 0.1192 0.0000
vt 0.4858 0.1136 0.0000
vt 0.4743 0.1493 0.0000
vt 0.4889 0.1143 0.0000
vt 0.4766 0.1499 0.0000
vt 0.5028 0.1154 0.0000
vt 0.4925 0.1382 0.0000
vt 0.4730 0.1384 0.0000
vt 0.4854 0.1108 0.0000
vt 0.5030 0.1150 0.0000
vt 0.4929 0.1372 0.0000
vt 0.4856 0.1103 0.0000
vt 0.4733 0.1374 0.0000
vt 0.4892 0.1146 0.0000
vt 0.4779 0.1405 0.0000
vt 0.4984 0.1412 0.0000
vt 0.5063 0.1192 0.0000
vt 0.4916 0.1119 0.0000
vt 0.4821 0.1392 0.0000
vt 0.5086 0.1168 0.0000
vt 0.4995 0.1395 0.0000
vt 0.5227 0.0722 0.0000
vt 0.5231 0.0699 0.0000
vt 0.5245 0.0697 0.0000
vt 0.5249 0.0672 0.0000
vt 0.4903 0.1492 0.0000
vt 0.4906 0.1492 0.0000
vt 0.4771 0.1493 0.0000
vt 0.4788 0.1498 0.0000
vt 0.5238 0.0700 0.0000
vt 0.5241 0.0685 0.0000
vt 0.5235 0.0712 0.0000
vt 0.5238 0.0694 0.0000
vt 0.4810 0.1403 0.0000
vt 0.4960 0.1410 0.0000
vt 0.4841 0.1395 0.0000
vt 0.4968 0.1396 0.0000
vt 0.4900 0.1381 0.0000
vt 0.4756 0.1382 0.0000
vt 0.4903 0.1374 0.0000
vt 0.4758 0.1375 0.0000
vt 0.1351 0.7445 0.0000
vt 0.1359 0.7424 0.0000
vt 0.1499 0.7544 0.0000
vt 0.1687 0.7843 0.0000
vt 0.1647 0.7759 0.0000
vt 0.1655 0.7755 0.0000
vt 0.8129 0.6739 0.0000
vt 0.8936 0.5971 0.0000
vt 0.8124 0.6832 0.0000
vt 0.8304 0.4259 0.0000
vt 0.7738 0.4579 0.0000
vt 0.8262 0.4253 0.0000
vt 0.7077 0.3640 0.0000
vt 0.6867 0.3452 0.0000
vt 0.8431 0.4030 0.0000
vt 0.7803 0.4077 0.0000
vt 0.8521 0.3991 0.0000
vt 0.7096 0.3391 0.0000
vt 0.7219 0.3459 0.0000
vt 0.6684 0.3715 0.0000
vt 0.7067 0.3318 0.0000
vt 0.7294 0.3430 0.0000
vt 0.7150 0.3762 0.0000
vt 0.7166 0.3669 0.0000
vt 0.6977 0.3305 0.0000
vt 0.7947 0.4175 0.0000
vt 0.7450 0.4337 0.0000
vt 0.7633 0.4341 0.0000
vt 0.7678 0.4070 0.0000
vt 0.7671 0.3915 0.0000
vt 0.7487 0.3890 0.0000
vt 0.7538 0.3994 0.0000
vt 0.7515 0.4092 0.0000
vt 0.7385 0.4008 0.0000
vt 0.1701 0.7816 0.0000
vt 0.1773 0.7970 0.0000
vt 0.1787 0.7465 0.0000
vt 0.1505 0.7514 0.0000
vt 0.1747 0.7071 0.0000
vt 0.1361 0.7068 0.0000
vt 0.1583 0.6244 0.0000
vt 0.1149 0.6217 0.0000
vt 0.1512 0.5462 0.0000
vt 0.1081 0.5287 0.0000
vt 0.1775 0.4649 0.0000
vt 0.1255 0.4409 0.0000
vt 0.2089 0.4051 0.0000
vt 0.1651 0.3608 0.0000
vt 0.2455 0.3595 0.0000
vt 0.2098 0.3072 0.0000
vt 0.3141 0.3190 0.0000
vt 0.2846 0.2621 0.0000
vt 0.3878 0.2857 0.0000
vt 0.3715 0.2209 0.0000
vt 0.4226 0.2730 0.0000
vt 0.4115 0.2301 0.0000
vt 0.5416 0.2642 0.0000
vt 0.4762 0.2325 0.0000
vt 0.4819 0.2838 0.0000
vt 0.5310 0.3061 0.0000
vt 0.5570 0.3352 0.0000
vt 0.5807 0.3110 0.0000
vt 0.5920 0.3247 0.0000
vt 0.5799 0.3562 0.0000
vt 0.6202 0.3670 0.0000
vt 0.6299 0.3359 0.0000
vt 0.7715 0.3607 0.0000
vt 0.7478 0.3340 0.0000
vt 0.7464 0.3503 0.0000
vt 0.7612 0.3646 0.0000
vt 0.6638 0.6073 0.0000
vt 0.6669 0.5918 0.0000
vt 0.6354 0.5705 0.0000
vt 0.6383 0.5914 0.0000
vt 0.6127 0.5579 0.0000
vt 0.6142 0.5825 0.0000
vt 0.5893 0.5448 0.0000
vt 0.5933 0.5731 0.0000
vt 0.5631 0.5252 0.0000
vt 0.5678 0.5608 0.0000
vt 0.5488 0.5263 0.0000
vt 0.5607 0.5608 0.0000
vt 0.4936 0.6004 0.0000
vt 0.4678 0.5562 0.0000
vt 0.4309 0.5706 0.0000
vt 0.4542 0.6221 0.0000
vt 0.3884 0.5884 0.0000
vt 0.4142 0.6293 0.0000
vt 0.3558 0.6230 0.0000
vt 0.3843 0.6582 0.0000
vt 0.3482 0.6388 0.0000
vt 0.3735 0.6731 0.0000
vt 0.3348 0.6597 0.0000
vt 0.3632 0.6941 0.0000
vt 0.3156 0.7019 0.0000
vt 0.3455 0.7297 0.0000
vt 0.2835 0.7644 0.0000
vt 0.3083 0.7935 0.0000
vt 0.2425 0.8096 0.0000
vt 0.2526 0.8356 0.0000
vt 0.1935 0.8411 0.0000
vt 0.2079 0.8564 0.0000
vt 0.1884 0.8527 0.0000
vt 0.1919 0.8491 0.0000
vt 0.1792 0.8454 0.0000
vt 0.1464 0.8312 0.0000
vt 0.1613 0.8301 0.0000
vt 0.1608 0.8229 0.0000
vt 0.1451 0.8283 0.0000
vt 0.3954 0.3589 0.0000
vt 0.3391 0.3751 0.0000
vt 0.3772 0.4589 0.0000
vt 0.4191 0.4292 0.0000
vt 0.2844 0.4124 0.0000
vt 0.3359 0.4865 0.0000
vt 0.2513 0.4387 0.0000
vt 0.2978 0.5159 0.0000
vt 0.2338 0.4877 0.0000
vt 0.2653 0.5533 0.0000
vt 0.2064 0.5822 0.0000
vt 0.2479 0.6107 0.0000
vt 0.2065 0.6524 0.0000
vt 0.2426 0.6678 0.0000
vt 0.2030 0.7179 0.0000
vt 0.2290 0.7312 0.0000
vt 0.2029 0.7584 0.0000
vt 0.2161 0.7736 0.0000
vt 0.1838 0.8068 0.0000
vt 0.1897 0.8171 0.0000
vt 0.1786 0.8228 0.0000
vt 0.1760 0.8234 0.0000
vt 0.1770 0.8264 0.0000
vt 0.1806 0.8246 0.0000
vt 0.1737 0.8257 0.0000
vt 0.1739 0.8281 0.0000
vt 0.4483 0.3516 0.0000
vt 0.4608 0.4074 0.0000
vt 0.6141 0.4081 0.0000
vt 0.5795 0.3996 0.0000
vt 0.5786 0.4383 0.0000
vt 0.6097 0.4416 0.0000
vt 0.6487 0.4325 0.0000
vt 0.6418 0.4594 0.0000
vt 0.6772 0.4572 0.0000
vt 0.6699 0.4795 0.0000
vt 0.6994 0.3956 0.0000
vt 0.7116 0.4667 0.0000
vt 0.7528 0.4287 0.0000
vt 0.5228 0.5367 0.0000
vt 0.5420 0.5699 0.0000
vt 0.5388 0.3979 0.0000
vt 0.5498 0.4359 0.0000
vt 0.4974 0.5448 0.0000
vt 0.5227 0.5826 0.0000
vt 0.5268 0.3486 0.0000
vt 0.4826 0.3479 0.0000
vt 0.4954 0.3902 0.0000
vt 0.5381 0.3720 0.0000
vt 0.1556 0.8156 0.0000
vt 0.1427 0.8248 0.0000
vt 0.1608 0.8367 0.0000
vt 0.1468 0.8320 0.0000
vt 0.1459 0.8392 0.0000
vt 0.1619 0.8446 0.0000
vt 0.4487 0.5049 0.0000
vt 0.4135 0.5257 0.0000
vt 0.3671 0.5536 0.0000
vt 0.3370 0.5699 0.0000
vt 0.3059 0.5752 0.0000
vt 0.2849 0.6188 0.0000
vt 0.2770 0.6832 0.0000
vt 0.2543 0.7442 0.0000
vt 0.2291 0.7884 0.0000
vt 0.1911 0.8253 0.0000
vt 0.1772 0.8378 0.0000
vt 0.1779 0.8296 0.0000
vt 0.1808 0.8267 0.0000
vt 0.1701 0.8149 0.0000
vt 0.1679 0.7966 0.0000
vt 0.1757 0.8301 0.0000
vt 0.4764 0.4800 0.0000
vt 0.6066 0.4753 0.0000
vt 0.5765 0.4641 0.0000
vt 0.6353 0.4871 0.0000
vt 0.6537 0.3824 0.0000
vt 0.6632 0.5020 0.0000
vt 0.5102 0.4313 0.0000
vt 0.5230 0.4746 0.0000
vt 0.1238 0.8122 0.0000
vt 0.1244 0.8206 0.0000
vt 0.1362 0.8293 0.0000
vt 0.1600 0.7849 0.0000
vt 0.1496 0.7994 0.0000
vt 0.1431 0.8392 0.0000
vt 0.1328 0.8459 0.0000
vt 0.1330 0.8459 0.0000
vt 0.1354 0.8282 0.0000
vt 0.1350 0.8275 0.0000
vt 0.1443 0.8297 0.0000
vt 0.1376 0.8436 0.0000
vt 0.1459 0.8317 0.0000
vt 0.1362 0.8426 0.0000
vt 0.1466 0.8327 0.0000
vt 0.1123 0.7946 0.0000
vt 0.1164 0.7942 0.0000
vt 0.1139 0.7749 0.0000
vt 0.1111 0.7739 0.0000
vt 0.1432 0.7875 0.0000
vt 0.1333 0.7659 0.0000
vt 0.1583 0.7803 0.0000
vt 0.1468 0.7587 0.0000
vt 0.1249 0.7485 0.0000
vt 0.1138 0.7618 0.0000
vt 0.1160 0.7637 0.0000
vt 0.1265 0.7515 0.0000
vt 0.1323 0.8387 0.0000
vt 0.1246 0.8373 0.0000
vt 0.1225 0.8414 0.0000
vt 0.1294 0.8444 0.0000
vt 0.1324 0.8491 0.0000
vt 0.1336 0.8489 0.0000
vt 0.1327 0.8348 0.0000
vt 0.1251 0.8352 0.0000
vt 0.1299 0.8410 0.0000
vt 0.1273 0.8487 0.0000
vt 0.1227 0.8368 0.0000
vt 0.1199 0.8395 0.0000
vt 0.1233 0.8353 0.0000
vt 0.1209 0.8354 0.0000
vt 0.1179 0.8364 0.0000
vt 0.1219 0.8355 0.0000
vt 0.1275 0.8526 0.0000
vt 0.1308 0.8504 0.0000
vt 0.1321 0.8496 0.0000
vt 0.1463 0.8325 0.0000
vt 0.1324 0.8339 0.0000
vt 0.1248 0.8348 0.0000
vt 0.1463 0.8319 0.0000
vt 0.1463 0.8322 0.0000
vt 0.1459 0.8321 0.0000
vt 0.1336 0.8493 0.0000
vt 0.1378 0.8441 0.0000
vt 0.1230 0.8351 0.0000
vt 0.1216 0.8352 0.0000
vt 0.1285 0.8535 0.0000
vt 0.1306 0.8507 0.0000
vt 0.1321 0.8501 0.0000
vt 0.1209 0.8351 0.0000
vt 0.1188 0.8329 0.0000
vt 0.1179 0.8351 0.0000
vt 0.1204 0.8315 0.0000
vt 0.1228 0.8302 0.0000
vt 0.1311 0.8266 0.0000
vt 0.1454 0.8235 0.0000
vt 0.1542 0.8235 0.0000
vt 0.1596 0.8291 0.0000
vt 0.1529 0.8376 0.0000
vt 0.1417 0.8487 0.0000
vt 0.1353 0.8531 0.0000
vt 0.1325 0.8539 0.0000
vt 0.1299 0.8539 0.0000
vt 0.1399 0.8533 0.0000
vt 0.1589 0.8519 0.0000
vt 0.1740 0.8545 0.0000
vt 0.1842 0.8583 0.0000
vt 0.1264 0.8636 0.0000
vt 0.1328 0.8809 0.0000
vt 0.1458 0.8784 0.0000
vt 0.1619 0.8806 0.0000
vt 0.1781 0.8854 0.0000
vt 0.1816 0.8957 0.0000
vt 0.1762 0.8970 0.0000
vt 0.1491 0.8890 0.0000
vt 0.1449 0.9067 0.0000
vt 0.1473 0.9064 0.0000
vt 0.1513 0.8951 0.0000
vt 0.1649 0.8963 0.0000
vt 0.1635 0.9105 0.0000
vt 0.1684 0.9090 0.0000
vt 0.1728 0.8960 0.0000
vt 0.1399 0.8918 0.0000
vt 0.1430 0.8849 0.0000
vt 0.1384 0.8856 0.0000
vt 0.1388 0.8906 0.0000
vt 0.1433 0.8901 0.0000
vt 0.1440 0.8912 0.0000
vt 0.1549 0.8976 0.0000
vt 0.1482 0.9095 0.0000
vt 0.1597 0.8985 0.0000
vt 0.1662 0.9168 0.0000
vt 0.1631 0.9159 0.0000
vt 0.1619 0.9185 0.0000
vt 0.1663 0.9197 0.0000
vt 0.1597 0.9125 0.0000
vt 0.1708 0.9106 0.0000
vt 0.1423 0.9092 0.0000
vt 0.1870 0.8909 0.0000
vt 0.1882 0.8992 0.0000
vt 0.1962 0.8580 0.0000
vt 0.1935 0.8596 0.0000
vt 0.1885 0.9080 0.0000
vt 0.1855 0.9073 0.0000
vt 0.1830 0.9221 0.0000
vt 0.1853 0.9234 0.0000
vt 0.1817 0.9044 0.0000
vt 0.1782 0.9041 0.0000
vt 0.1778 0.9212 0.0000
vt 0.1809 0.9203 0.0000
vt 0.1825 0.9274 0.0000
vt 0.1812 0.9265 0.0000
vt 0.1791 0.9287 0.0000
vt 0.1833 0.9297 0.0000
vt 0.1941 0.8993 0.0000
vt 0.1896 0.8627 0.0000
vt 0.2070 0.8585 0.0000
vt 0.2074 0.8534 0.0000
vt 0.1964 0.8952 0.0000
vt 0.1979 0.8980 0.0000
vt 0.2039 0.9003 0.0000
vt 0.2018 0.8970 0.0000
vt 0.1974 0.8913 0.0000
vt 0.2042 0.8925 0.0000
vt 0.2159 0.8515 0.0000
vt 0.2453 0.8666 0.0000
vt 0.2494 0.8638 0.0000
vt 0.2181 0.8474 0.0000
vt 0.2113 0.8934 0.0000
vt 0.2253 0.8976 0.0000
vt 0.2079 0.9017 0.0000
vt 0.2230 0.9034 0.0000
vt 0.2232 0.8991 0.0000
vt 0.2082 0.8992 0.0000
vt 0.2317 0.9079 0.0000
vt 0.2536 0.8949 0.0000
vt 0.2492 0.8938 0.0000
vt 0.2312 0.9020 0.0000
vt 0.1933 0.9241 0.0000
vt 0.1943 0.9225 0.0000
vt 0.1998 0.9213 0.0000
vt 0.1998 0.9226 0.0000
vt 0.1792 0.8207 0.0000
vt 0.1823 0.8235 0.0000
vt 0.1826 0.8274 0.0000
vt 0.1787 0.8314 0.0000
vt 0.1751 0.8322 0.0000
vt 0.1721 0.8290 0.0000
vt 0.1718 0.8250 0.0000
vt 0.1752 0.8216 0.0000
vt 0.6987 0.5170 0.0000
vt 0.7060 0.4915 0.0000
vt 0.5480 0.4719 0.0000
vt 0.7668 0.4739 0.0000
vt 0.7647 0.4588 0.0000
vt 0.7397 0.5268 0.0000
vt 0.7505 0.5051 0.0000
vt 0.7108 0.6351 0.0000
vt 0.7164 0.6239 0.0000
vt 0.7760 0.4731 0.0000
vt 0.8193 0.4637 0.0000
vt 0.8107 0.4547 0.0000
vt 0.7425 0.5289 0.0000
vt 0.8016 0.5967 0.0000
vt 0.8041 0.5850 0.0000
vt 0.9055 0.6615 0.0000
vt 0.9111 0.6671 0.0000
vt 0.9179 0.6291 0.0000
vt 0.9053 0.6281 0.0000
vt 0.7551 0.5079 0.0000
vt 0.8079 0.5522 0.0000
vt 0.8064 0.5388 0.0000
vt 0.8763 0.5899 0.0000
vt 0.8856 0.5886 0.0000
vt 0.8393 0.5471 0.0000
vt 0.8284 0.5537 0.0000
vt 0.8681 0.6183 0.0000
vt 0.8718 0.6239 0.0000
vt 0.8720 0.5315 0.0000
vt 0.8825 0.5265 0.0000
vt 0.8238 0.4768 0.0000
vt 0.8140 0.4865 0.0000
vt 0.8651 0.5599 0.0000
vt 0.8722 0.5691 0.0000
vt 0.8289 0.4216 0.0000
vt 0.8538 0.4408 0.0000
vt 0.8702 0.4463 0.0000
vt 0.8325 0.4119 0.0000
vt 0.7879 0.4411 0.0000
vt 0.8699 0.6014 0.0000
vt 0.8745 0.6756 0.0000
vt 0.8311 0.5837 0.0000
vt 0.8433 0.5764 0.0000
vt 0.8774 0.6832 0.0000
vt 0.4193 0.2082 0.0000
vt 0.4837 0.2184 0.0000
vt 0.4350 0.2532 0.0000
vt 0.4306 0.2386 0.0000
vt 0.4528 0.2558 0.0000
vt 0.4577 0.2401 0.0000
vt 0.4776 0.1874 0.0000
vt 0.4641 0.1762 0.0000
vt 0.1344 0.7471 0.0000
vt 0.1492 0.7564 0.0000
vt 0.1351 0.7451 0.0000
vt 0.1696 0.7854 0.0000
vt 0.1648 0.7774 0.0000
vt 0.1656 0.7771 0.0000
vt 0.8046 0.6727 0.0000
vt 0.8827 0.5972 0.0000
vt 0.8042 0.6819 0.0000
vt 0.8190 0.4285 0.0000
vt 0.8149 0.4280 0.0000
vt 0.7648 0.4604 0.0000
vt 0.6986 0.3724 0.0000
vt 0.6782 0.3539 0.0000
vt 0.8306 0.4057 0.0000
vt 0.8392 0.4016 0.0000
vt 0.7694 0.4127 0.0000
vt 0.7002 0.3474 0.0000
vt 0.7122 0.3540 0.0000
vt 0.6973 0.3404 0.0000
vt 0.6601 0.3794 0.0000
vt 0.7196 0.3511 0.0000
vt 0.7055 0.3835 0.0000
vt 0.7073 0.3753 0.0000
vt 0.6889 0.3397 0.0000
vt 0.7901 0.4252 0.0000
vt 0.7576 0.4369 0.0000
vt 0.7400 0.4338 0.0000
vt 0.7657 0.4114 0.0000
vt 0.7672 0.3963 0.0000
vt 0.7498 0.3913 0.0000
vt 0.7383 0.4013 0.0000
vt 0.7497 0.4112 0.0000
vt 0.7532 0.4020 0.0000
# 906 texture coords

o Gallo
g Gallo
usemtl mat_1
s off
f 3/3/3 2/2/2 1/1/1 
f 4/4/4 3/3/3 1/1/1 
f 6/6/6 5/5/5 2/2/2 
f 3/3/3 6/6/6 2/2/2 
f 8/8/8 7/7/7 5/5/5 
f 6/6/6 8/8/8 5/5/5 
f 10/10/10 9/9/9 7/7/7 
f 8/8/8 10/10/10 7/7/7 
f 12/12/12 11/11/11 9/9/9 
f 10/10/10 12/12/12 9/9/9 
f 14/14/14 13/13/13 11/11/11 
f 12/12/12 14/14/14 11/11/11 
f 16/16/16 15/15/15 13/13/13 
f 14/14/14 16/16/16 13/13/13 
f 18/18/18 17/17/17 15/15/15 
f 16/16/16 18/18/18 15/15/15 
f 20/20/20 19/19/19 17/17/17 
f 18/18/18 20/20/20 17/17/17 
f 22/22/22 21/21/21 19/19/19 
f 20/20/20 22/22/22 19/19/19 
f 25/25/25 24/24/24 23/23/23 
f 26/26/26 25/25/25 23/23/23 
f 29/29/29 28/28/28 27/27/27 
f 30/30/30 29/29/29 27/27/27 
f 32/32/32 31/31/31 27/27/27 
f 28/28/28 32/32/32 27/27/27 
f 35/35/35 34/34/34 33/33/33 
f 36/36/36 35/35/35 33/33/33 
f 39/39/39 38/38/38 37/37/37 
f 40/40/40 39/39/39 37/37/37 
f 43/43/43 42/42/42 41/41/41 
f 44/44/44 43/43/43 41/41/41 
f 46/46/46 45/45/45 42/42/42 
f 43/43/43 46/46/46 42/42/42 
f 48/48/48 47/47/47 45/45/45 
f 46/46/46 48/48/48 45/45/45 
f 50/50/50 49/49/49 47/47/47 
f 48/48/48 50/50/50 47/47/47 
f 52/52/52 51/51/51 49/49/49 
f 50/50/50 52/52/52 49/49/49 
f 55/55/55 54/54/54 53/53/53 
f 56/56/56 55/55/55 53/53/53 
f 58/58/58 57/57/57 54/54/54 
f 55/55/55 58/58/58 54/54/54 
f 60/60/60 59/59/59 57/57/57 
f 58/58/58 60/60/60 57/57/57 
f 62/62/62 61/61/61 59/59/59 
f 60/60/60 62/62/62 59/59/59 
f 64/64/64 63/63/63 61/61/61 
f 62/62/62 64/64/64 61/61/61 
f 66/66/66 65/65/65 63/63/63 
f 64/64/64 66/66/66 63/63/63 
f 68/68/68 67/67/67 65/65/65 
f 66/66/66 68/68/68 65/65/65 
f 70/70/70 69/69/69 67/67/67 
f 68/68/68 70/70/70 67/67/67 
f 72/72/72 71/71/71 69/69/69 
f 70/70/70 72/72/72 69/69/69 
f 72/72/72 74/74/74 73/73/73 
f 75/75/75 72/72/72 73/73/73 
f 78/78/78 77/77/77 76/76/76 
f 79/79/79 78/78/78 76/76/76 
f 82/82/82 81/81/81 80/80/80 
f 83/83/83 82/82/82 80/80/80 
f 84/84/84 82/82/82 83/83/83 
f 85/85/85 84/84/84 83/83/83 
f 86/86/86 84/84/84 85/85/85 
f 87/87/87 86/86/86 85/85/85 
f 88/88/88 86/86/86 87/87/87 
f 89/89/89 88/88/88 87/87/87 
f 90/90/90 88/88/88 89/89/89 
f 91/91/91 90/90/90 89/89/89 
f 92/92/92 90/90/90 91/91/91 
f 93/93/93 92/92/92 91/91/91 
f 94/94/94 92/92/92 93/93/93 
f 95/95/95 94/94/94 93/93/93 
f 96/96/96 94/94/94 95/95/95 
f 97/97/97 96/96/96 95/95/95 
f 98/98/98 96/96/96 97/97/97 
f 99/99/99 98/98/98 97/97/97 
f 102/102/102 101/101/101 100/100/100 
f 103/103/103 102/102/102 100/100/100 
f 104/104/104 102/102/102 103/103/103 
f 105/105/105 104/104/104 103/103/103 
f 81/81/81 107/107/107 106/106/106 
f 80/80/80 81/81/81 106/106/106 
f 110/110/110 109/109/109 108/108/108 
f 111/111/111 110/110/110 108/108/108 
f 109/109/109 113/113/113 112/112/112 
f 108/108/108 109/109/109 112/112/112 
f 113/113/113 115/115/115 114/114/114 
f 112/112/112 113/113/113 114/114/114 
f 118/118/118 117/117/117 116/116/116 
f 114/114/114 118/118/118 116/116/116 
f 120/120/120 119/119/119 51/51/51 
f 52/52/52 120/120/120 51/51/51 
f 122/122/122 121/121/121 110/110/110 
f 111/111/111 122/122/122 110/110/110 
f 124/124/124 123/123/123 119/119/119 
f 120/120/120 124/124/124 119/119/119 
f 127/127/127 126/126/126 125/125/125 
f 128/128/128 127/127/127 125/125/125 
f 56/56/56 53/53/53 123/123/123 
f 124/124/124 56/56/56 123/123/123 
f 107/107/107 127/127/127 128/128/128 
f 106/106/106 107/107/107 128/128/128 
f 130/130/130 129/129/129 77/77/77 
f 78/78/78 130/130/130 77/77/77 
f 133/133/133 132/132/132 131/131/131 
f 134/134/134 133/133/133 131/131/131 
f 55/55/55 56/56/56 135/135/135 
f 136/136/136 55/55/55 135/135/135 
f 136/136/136 135/135/135 81/81/81 
f 82/82/82 136/136/136 81/81/81 
f 20/20/20 18/18/18 83/83/83 
f 80/80/80 20/20/20 83/83/83 
f 58/58/58 55/55/55 136/136/136 
f 137/137/137 58/58/58 136/136/136 
f 137/137/137 136/136/136 82/82/82 
f 84/84/84 137/137/137 82/82/82 
f 18/18/18 16/16/16 85/85/85 
f 83/83/83 18/18/18 85/85/85 
f 60/60/60 58/58/58 137/137/137 
f 138/138/138 60/60/60 137/137/137 
f 138/138/138 137/137/137 84/84/84 
f 86/86/86 138/138/138 84/84/84 
f 16/16/16 14/14/14 87/87/87 
f 85/85/85 16/16/16 87/87/87 
f 62/62/62 60/60/60 138/138/138 
f 139/139/139 62/62/62 138/138/138 
f 139/139/139 138/138/138 86/86/86 
f 88/88/88 139/139/139 86/86/86 
f 14/14/14 12/12/12 89/89/89 
f 87/87/87 14/14/14 89/89/89 
f 64/64/64 62/62/62 139/139/139 
f 140/140/140 64/64/64 139/139/139 
f 140/140/140 139/139/139 88/88/88 
f 90/90/90 140/140/140 88/88/88 
f 12/12/12 10/10/10 91/91/91 
f 89/89/89 12/12/12 91/91/91 
f 66/66/66 64/64/64 140/140/140 
f 141/141/141 66/66/66 140/140/140 
f 141/141/141 140/140/140 90/90/90 
f 92/92/92 141/141/141 90/90/90 
f 10/10/10 8/8/8 93/93/93 
f 91/91/91 10/10/10 93/93/93 
f 68/68/68 66/66/66 141/141/141 
f 142/142/142 68/68/68 141/141/141 
f 142/142/142 141/141/141 92/92/92 
f 94/94/94 142/142/142 92/92/92 
f 8/8/8 6/6/6 95/95/95 
f 93/93/93 8/8/8 95/95/95 
f 70/70/70 68/68/68 142/142/142 
f 143/143/143 70/70/70 142/142/142 
f 143/143/143 142/142/142 94/94/94 
f 96/96/96 143/143/143 94/94/94 
f 6/6/6 3/3/3 97/97/97 
f 95/95/95 6/6/6 97/97/97 
f 72/72/72 70/70/70 143/143/143 
f 144/144/144 72/72/72 143/143/143 
f 144/144/144 143/143/143 96/96/96 
f 98/98/98 144/144/144 96/96/96 
f 3/3/3 4/4/4 99/99/99 
f 97/97/97 3/3/3 99/99/99 
f 74/74/74 72/72/72 144/144/144 
f 145/145/145 74/74/74 144/144/144 
f 147/147/147 146/146/146 101/101/101 
f 102/102/102 147/147/147 101/101/101 
f 4/4/4 149/149/149 148/148/148 
f 99/99/99 4/4/4 148/148/148 
f 132/132/132 74/74/74 145/145/145 
f 131/131/131 132/132/132 145/145/145 
f 150/150/150 147/147/147 102/102/102 
f 104/104/104 150/150/150 102/102/102 
f 149/149/149 130/130/130 78/78/78 
f 148/148/148 149/149/149 78/78/78 
f 56/56/56 124/124/124 151/151/151 
f 135/135/135 56/56/56 151/151/151 
f 135/135/135 151/151/151 107/107/107 
f 81/81/81 135/135/135 107/107/107 
f 22/22/22 20/20/20 80/80/80 
f 106/106/106 22/22/22 80/80/80 
f 50/50/50 48/48/48 152/152/152 
f 153/153/153 50/50/50 152/152/152 
f 153/153/153 152/152/152 109/109/109 
f 110/110/110 153/153/153 109/109/109 
f 35/35/35 36/36/36 111/111/111 
f 108/108/108 35/35/35 111/111/111 
f 48/48/48 46/46/46 154/154/154 
f 152/152/152 48/48/48 154/154/154 
f 152/152/152 154/154/154 113/113/113 
f 109/109/109 152/152/152 113/113/113 
f 155/155/155 35/35/35 108/108/108 
f 112/112/112 155/155/155 108/108/108 
f 46/46/46 43/43/43 156/156/156 
f 154/154/154 46/46/46 156/156/156 
f 154/154/154 156/156/156 115/115/115 
f 113/113/113 154/154/154 115/115/115 
f 116/116/116 155/155/155 112/112/112 
f 114/114/114 116/116/116 112/112/112 
f 157/157/157 121/121/121 122/122/122 
f 157/157/157 122/122/122 126/126/126 
f 127/127/127 157/157/157 126/126/126 
f 28/28/28 29/29/29 128/128/128 
f 125/125/125 28/28/28 128/128/128 
f 151/151/151 158/158/158 157/157/157 
f 151/151/151 157/157/157 127/127/127 
f 107/107/107 151/151/151 127/127/127 
f 29/29/29 22/22/22 106/106/106 
f 128/128/128 29/29/29 106/106/106 
f 160/160/160 159/159/159 129/129/129 
f 161/161/161 160/160/160 129/129/129 
f 162/162/162 130/130/130 149/149/149 
f 163/163/163 162/162/162 149/149/149 
f 161/161/161 129/129/129 130/130/130 
f 162/162/162 161/161/161 130/130/130 
f 165/165/165 164/164/164 133/133/133 
f 166/166/166 165/165/165 133/133/133 
f 168/168/168 167/167/167 77/77/77 
f 169/169/169 168/168/168 77/77/77 
f 167/167/167 171/171/171 170/170/170 
f 172/172/172 167/167/167 170/170/170 
f 173/173/173 166/166/166 133/133/133 
f 134/134/134 173/173/173 133/133/133 
f 176/176/176 175/175/175 174/174/174 
f 177/177/177 176/176/176 174/174/174 
f 169/169/169 77/77/77 129/129/129 
f 159/159/159 169/169/169 129/129/129 
f 178/178/178 176/176/176 177/177/177 
f 179/179/179 178/178/178 177/177/177 
f 180/180/180 178/178/178 179/179/179 
f 181/181/181 180/180/180 179/179/179 
f 184/184/184 183/183/183 182/182/182 
f 185/185/185 184/184/184 182/182/182 
f 188/188/188 187/187/187 186/186/186 
f 189/189/189 188/188/188 186/186/186 
f 190/190/190 170/170/170 171/171/171 
f 191/191/191 190/190/190 171/171/171 
f 189/189/189 186/186/186 192/192/192 
f 193/193/193 189/189/189 192/192/192 
f 191/191/191 171/171/171 194/194/194 
f 195/195/195 191/191/191 194/194/194 
f 134/134/134 131/131/131 79/79/79 
f 76/76/76 134/134/134 79/79/79 
f 186/186/186 187/187/187 165/165/165 
f 166/166/166 186/186/186 165/165/165 
f 192/192/192 186/186/186 166/166/166 
f 173/173/173 192/192/192 166/166/166 
f 196/196/196 188/188/188 189/189/189 
f 197/197/197 196/196/196 189/189/189 
f 197/197/197 189/189/189 193/193/193 
f 198/198/198 197/197/197 193/193/193 
f 200/200/200 199/199/199 196/196/196 
f 197/197/197 200/200/200 196/196/196 
f 201/201/201 200/200/200 197/197/197 
f 198/198/198 201/201/201 197/197/197 
f 194/194/194 171/171/171 167/167/167 
f 168/168/168 194/194/194 167/167/167 
f 76/76/76 77/77/77 167/167/167 
f 172/172/172 76/76/76 167/167/167 
f 202/202/202 191/191/191 195/195/195 
f 203/203/203 202/202/202 195/195/195 
f 204/204/204 190/190/190 191/191/191 
f 202/202/202 204/204/204 191/191/191 
f 205/205/205 192/192/192 173/173/173 
f 206/206/206 205/205/205 173/173/173 
f 207/207/207 193/193/193 192/192/192 
f 205/205/205 207/207/207 192/192/192 
f 208/208/208 134/134/134 76/76/76 
f 209/209/209 208/208/208 76/76/76 
f 209/209/209 76/76/76 172/172/172 
f 210/210/210 209/209/209 172/172/172 
f 211/211/211 170/170/170 190/190/190 
f 212/212/212 211/211/211 190/190/190 
f 206/206/206 173/173/173 134/134/134 
f 208/208/208 206/206/206 134/134/134 
f 213/213/213 201/201/201 198/198/198 
f 214/214/214 213/213/213 198/198/198 
f 214/214/214 198/198/198 193/193/193 
f 207/207/207 214/214/214 193/193/193 
f 210/210/210 172/172/172 170/170/170 
f 211/211/211 210/210/210 170/170/170 
f 216/216/216 215/215/215 202/202/202 
f 203/203/203 216/216/216 202/202/202 
f 217/217/217 204/204/204 202/202/202 
f 215/215/215 217/217/217 202/202/202 
f 190/190/190 204/204/204 217/217/217 
f 212/212/212 190/190/190 217/217/217 
f 218/218/218 200/200/200 201/201/201 
f 213/213/213 218/218/218 201/201/201 
f 220/220/220 219/219/219 218/218/218 
f 213/213/213 220/220/220 218/218/218 
f 221/221/221 220/220/220 213/213/213 
f 214/214/214 221/221/221 213/213/213 
f 222/222/222 221/221/221 214/214/214 
f 207/207/207 222/222/222 214/214/214 
f 223/223/223 222/222/222 207/207/207 
f 205/205/205 223/223/223 207/207/207 
f 224/224/224 223/223/223 205/205/205 
f 206/206/206 224/224/224 205/205/205 
f 225/225/225 224/224/224 206/206/206 
f 208/208/208 225/225/225 206/206/206 
f 226/226/226 225/225/225 208/208/208 
f 209/209/209 226/226/226 208/208/208 
f 227/227/227 226/226/226 209/209/209 
f 210/210/210 227/227/227 209/209/209 
f 228/228/228 227/227/227 210/210/210 
f 211/211/211 228/228/228 210/210/210 
f 229/229/229 228/228/228 211/211/211 
f 212/212/212 229/229/229 211/211/211 
f 230/230/230 229/229/229 212/212/212 
f 217/217/217 230/230/230 212/212/212 
f 231/231/231 230/230/230 217/217/217 
f 215/215/215 231/231/231 217/217/217 
f 216/216/216 231/231/231 215/215/215 
f 132/132/132 133/133/133 232/232/232 
f 233/233/233 132/132/132 232/232/232 
f 74/74/74 132/132/132 233/233/233 
f 234/234/234 74/74/74 233/233/233 
f 235/235/235 73/73/73 74/74/74 
f 234/234/234 235/235/235 74/74/74 
f 164/164/164 236/236/236 232/232/232 
f 133/133/133 164/164/164 232/232/232 
f 237/237/237 232/232/232 236/236/236 
f 238/238/238 237/237/237 236/236/236 
f 239/239/239 233/233/233 232/232/232 
f 237/237/237 239/239/239 232/232/232 
f 240/240/240 234/234/234 233/233/233 
f 239/239/239 240/240/240 233/233/233 
f 240/240/240 242/242/242 241/241/241 
f 245/245/245 244/244/244 243/243/243 
f 246/246/246 245/245/245 243/243/243 
f 249/249/249 248/248/248 247/247/247 
f 250/250/250 249/249/249 247/247/247 
f 253/253/253 252/252/252 251/251/251 
f 254/254/254 253/253/253 251/251/251 
f 255/255/255 237/237/237 254/254/254 
f 251/251/251 255/255/255 254/254/254 
f 238/238/238 253/253/253 254/254/254 
f 237/237/237 238/238/238 254/254/254 
f 237/237/237 255/255/255 256/256/256 
f 243/243/243 237/237/237 256/256/256 
f 240/240/240 239/239/239 247/247/247 
f 248/248/248 240/240/240 247/247/247 
f 244/244/244 239/239/239 237/237/237 
f 243/243/243 244/244/244 237/237/237 
f 245/245/245 258/258/258 257/257/257 
f 244/244/244 245/245/245 257/257/257 
f 239/239/239 259/259/259 247/247/247 
f 248/248/248 242/242/242 240/240/240 
f 262/262/262 261/261/261 260/260/260 
f 263/263/263 262/262/262 260/260/260 
f 264/264/264 250/250/250 247/247/247 
f 259/259/259 264/264/264 247/247/247 
f 249/249/249 265/265/265 242/242/242 
f 248/248/248 249/249/249 242/242/242 
f 266/266/266 258/258/258 245/245/245 
f 246/246/246 266/266/266 245/245/245 
f 259/259/259 239/239/239 244/244/244 
f 257/257/257 259/259/259 244/244/244 
f 246/246/246 243/243/243 256/256/256 
f 266/266/266 246/246/246 256/256/256 
f 235/235/235 234/234/234 240/240/240 
f 267/267/267 235/235/235 240/240/240 
f 268/268/268 267/267/267 240/240/240 
f 241/241/241 268/268/268 240/240/240 
f 73/73/73 269/269/269 75/75/75 
f 270/270/270 269/269/269 73/73/73 
f 235/235/235 270/270/270 73/73/73 
f 273/273/273 272/272/272 271/271/271 
f 274/274/274 273/273/273 271/271/271 
f 277/277/277 276/276/276 275/275/275 
f 278/278/278 277/277/277 275/275/275 
f 276/276/276 273/273/273 274/274/274 
f 275/275/275 276/276/276 274/274/274 
f 281/281/281 280/280/280 279/279/279 
f 282/282/282 281/281/281 279/279/279 
f 241/241/241 242/242/242 278/278/278 
f 275/275/275 241/241/241 278/278/278 
f 268/268/268 241/241/241 275/275/275 
f 274/274/274 268/268/268 275/275/275 
f 283/283/283 268/268/268 274/274/274 
f 271/271/271 283/283/283 274/274/274 
f 285/285/285 284/284/284 270/270/270 
f 286/286/286 285/285/285 270/270/270 
f 289/289/289 288/288/288 287/287/287 
f 290/290/290 289/289/289 287/287/287 
f 291/291/291 285/285/285 286/286/286 
f 292/292/292 291/291/291 286/286/286 
f 268/268/268 283/283/283 290/290/290 
f 287/287/287 268/268/268 290/290/290 
f 267/267/267 268/268/268 287/287/287 
f 292/292/292 267/267/267 287/287/287 
f 235/235/235 267/267/267 292/292/292 
f 286/286/286 235/235/235 292/292/292 
f 270/270/270 235/235/235 286/286/286 
f 295/295/295 294/294/294 293/293/293 
f 296/296/296 295/295/295 293/293/293 
f 296/296/296 293/293/293 297/297/297 
f 298/298/298 296/296/296 297/297/297 
f 301/301/301 300/300/300 299/299/299 
f 302/302/302 301/301/301 299/299/299 
f 305/305/305 304/304/304 303/303/303 
f 306/306/306 305/305/305 303/303/303 
f 291/291/291 292/292/292 287/287/287 
f 288/288/288 291/291/291 287/287/287 
f 298/298/298 297/297/297 300/300/300 
f 301/301/301 298/298/298 300/300/300 
f 293/293/293 294/294/294 284/284/284 
f 285/285/285 293/293/293 284/284/284 
f 299/299/299 300/300/300 288/288/288 
f 289/289/289 299/299/299 288/288/288 
f 297/297/297 293/293/293 285/285/285 
f 291/291/291 297/297/297 285/285/285 
f 300/300/300 297/297/297 291/291/291 
f 288/288/288 300/300/300 291/291/291 
f 307/307/307 290/290/290 283/283/283 
f 308/308/308 307/307/307 283/283/283 
f 309/309/309 299/299/299 289/289/289 
f 310/310/310 309/309/309 289/289/289 
f 310/310/310 289/289/289 290/290/290 
f 307/307/307 310/310/310 290/290/290 
f 308/308/308 309/309/309 310/310/310 
f 307/307/307 308/308/308 310/310/310 
f 311/311/311 98/98/98 99/99/99 
f 312/312/312 311/311/311 99/99/99 
f 313/313/313 144/144/144 98/98/98 
f 311/311/311 313/313/313 98/98/98 
f 314/314/314 145/145/145 144/144/144 
f 313/313/313 314/314/314 144/144/144 
f 315/315/315 131/131/131 145/145/145 
f 314/314/314 315/315/315 145/145/145 
f 316/316/316 79/79/79 131/131/131 
f 315/315/315 316/316/316 131/131/131 
f 317/317/317 78/78/78 79/79/79 
f 316/316/316 317/317/317 79/79/79 
f 318/318/318 148/148/148 78/78/78 
f 317/317/317 318/318/318 78/78/78 
f 312/312/312 99/99/99 148/148/148 
f 318/318/318 312/312/312 148/148/148 
f 101/101/101 311/311/311 312/312/312 
f 100/100/100 101/101/101 312/312/312 
f 146/146/146 313/313/313 311/311/311 
f 101/101/101 146/146/146 311/311/311 
f 147/147/147 314/314/314 313/313/313 
f 146/146/146 147/147/147 313/313/313 
f 150/150/150 315/315/315 314/314/314 
f 147/147/147 150/150/150 314/314/314 
f 104/104/104 316/316/316 315/315/315 
f 150/150/150 104/104/104 315/315/315 
f 105/105/105 317/317/317 316/316/316 
f 104/104/104 105/105/105 316/316/316 
f 103/103/103 318/318/318 317/317/317 
f 105/105/105 103/103/103 317/317/317 
f 100/100/100 312/312/312 318/318/318 
f 103/103/103 100/100/100 318/318/318 
f 43/43/43 44/44/44 319/319/319 
f 156/156/156 43/43/43 319/319/319 
f 115/115/115 320/320/320 118/118/118 
f 114/114/114 115/115/115 118/118/118 
f 156/156/156 319/319/319 320/320/320 
f 115/115/115 156/156/156 320/320/320 
f 52/52/52 50/50/50 153/153/153 
f 321/321/321 52/52/52 153/153/153 
f 120/120/120 52/52/52 321/321/321 
f 158/158/158 120/120/120 321/321/321 
f 124/124/124 120/120/120 158/158/158 
f 151/151/151 124/124/124 158/158/158 
f 321/321/321 153/153/153 110/110/110 
f 121/121/121 321/321/321 110/110/110 
f 158/158/158 321/321/321 121/121/121 
f 157/157/157 158/158/158 121/121/121 
f 36/36/36 126/126/126 122/122/122 
f 111/111/111 36/36/36 122/122/122 
f 32/32/32 28/28/28 125/125/125 
f 32/32/32 125/125/125 126/126/126 
f 36/36/36 32/32/32 126/126/126 
f 36/36/36 33/33/33 31/31/31 
f 32/32/32 36/36/36 31/31/31 
f 322/322/322 117/117/117 118/118/118 
f 323/323/323 322/322/322 118/118/118 
f 324/324/324 320/320/320 319/319/319 
f 325/325/325 324/324/324 319/319/319 
f 326/326/326 44/44/44 41/41/41 
f 327/327/327 326/326/326 41/41/41 
f 325/325/325 319/319/319 44/44/44 
f 326/326/326 325/325/325 44/44/44 
f 323/323/323 118/118/118 320/320/320 
f 324/324/324 323/323/323 320/320/320 
f 329/329/329 328/328/328 323/323/323 
f 330/330/330 329/329/329 323/323/323 
f 332/332/332 331/331/331 325/325/325 
f 333/333/333 332/332/332 325/325/325 
f 336/336/336 335/335/335 334/334/334 
f 337/337/337 336/336/336 334/334/334 
f 339/339/339 338/338/338 324/324/324 
f 340/340/340 339/339/339 324/324/324 
f 343/343/343 342/342/342 341/341/341 
f 344/344/344 343/343/343 341/341/341 
f 345/345/345 344/344/344 341/341/341 
f 346/346/346 345/345/345 341/341/341 
f 342/342/342 331/331/331 346/346/346 
f 341/341/341 342/342/342 346/346/346 
f 349/349/349 348/348/348 347/347/347 
f 350/350/350 349/349/349 347/347/347 
f 348/348/348 338/338/338 351/351/351 
f 347/347/347 348/348/348 351/351/351 
f 352/352/352 350/350/350 347/347/347 
f 351/351/351 352/352/352 347/347/347 
f 355/355/355 354/354/354 353/353/353 
f 356/356/356 355/355/355 353/353/353 
f 328/328/328 356/356/356 353/353/353 
f 357/357/357 328/328/328 353/353/353 
f 359/359/359 358/358/358 334/334/334 
f 335/335/335 359/359/359 334/334/334 
f 360/360/360 333/333/333 325/325/325 
f 361/361/361 360/360/360 325/325/325 
f 362/362/362 337/337/337 334/334/334 
f 358/358/358 362/362/362 334/334/334 
f 21/21/21 363/363/363 19/19/19 
f 364/364/364 363/363/363 21/21/21 
f 30/30/30 364/364/364 21/21/21 
f 30/30/30 27/27/27 364/364/364 
f 366/366/366 365/365/365 21/21/21 
f 22/22/22 366/366/366 21/21/21 
f 367/367/367 366/366/366 22/22/22 
f 29/29/29 367/367/367 22/22/22 
f 368/368/368 367/367/367 29/29/29 
f 30/30/30 368/368/368 29/29/29 
f 365/365/365 368/368/368 30/30/30 
f 21/21/21 365/365/365 30/30/30 
f 369/371/371 366/370/370 367/369/369 
f 370/372/372 369/371/371 367/369/369 
f 371/374/374 365/373/373 366/370/370 
f 369/371/371 371/374/374 366/370/370 
f 372/376/376 368/375/375 365/373/373 
f 371/374/374 372/376/376 365/373/373 
f 370/372/372 367/369/369 368/375/375 
f 372/376/376 370/372/372 368/375/375 
f 24/24/24 374/378/378 373/377/377 
f 375/379/379 24/24/24 373/377/377 
f 378/382/382 377/381/381 376/380/380 
f 379/383/383 378/382/382 376/380/380 
f 23/23/23 381/385/385 380/384/384 
f 382/386/386 23/23/23 380/384/384 
f 385/389/389 384/388/388 383/387/387 
f 386/390/390 385/389/389 383/387/387 
f 375/379/379 388/392/392 387/391/391 
f 389/393/393 375/379/379 387/391/391 
f 388/392/392 391/395/395 390/394/394 
f 387/391/391 388/392/392 390/394/394 
f 391/395/395 381/385/385 392/396/396 
f 390/394/394 391/395/395 392/396/396 
f 381/385/385 375/379/379 389/393/393 
f 392/396/396 381/385/385 389/393/393 
f 373/377/377 388/392/392 375/379/379 
f 395/399/399 394/398/398 393/397/397 
f 396/400/400 395/399/399 393/397/397 
f 374/378/378 24/24/24 25/25/25 
f 380/384/384 381/385/385 391/395/395 
f 382/386/386 26/26/26 23/23/23 
f 399/403/403 398/402/402 397/401/401 
f 400/404/404 399/403/403 397/401/401 
f 401/405/405 375/379/379 381/385/385 
f 402/406/406 401/405/405 381/385/385 
f 403/407/407 24/24/24 375/379/379 
f 401/405/405 403/407/407 375/379/379 
f 404/408/408 23/23/23 24/24/24 
f 403/407/407 404/408/408 24/24/24 
f 402/406/406 381/385/385 23/23/23 
f 404/408/408 402/406/406 23/23/23 
f 405/411/411 391/410/410 388/409/409 
f 406/412/412 405/411/411 388/409/409 
f 407/414/414 26/413/413 391/410/410 
f 405/411/411 407/414/414 391/410/410 
f 408/416/416 25/415/415 26/413/413 
f 407/414/414 408/416/416 26/413/413 
f 406/412/412 388/409/409 25/415/415 
f 408/416/416 406/412/412 25/415/415 
f 409/417/417 391/410/410 26/413/413 
f 410/418/418 409/417/417 26/413/413 
f 411/420/420 380/419/419 391/410/410 
f 409/417/417 411/420/420 391/410/410 
f 412/422/422 382/421/421 380/419/419 
f 411/420/420 412/422/422 380/419/419 
f 410/418/418 26/413/413 382/421/421 
f 412/422/422 410/418/418 382/421/421 
f 413/423/423 25/415/415 388/409/409 
f 414/424/424 413/423/423 388/409/409 
f 415/426/426 374/425/425 25/415/415 
f 413/423/423 415/426/426 25/415/415 
f 416/428/428 373/427/427 374/425/425 
f 415/426/426 416/428/428 374/425/425 
f 414/424/424 388/409/409 373/427/427 
f 416/428/428 414/424/424 373/427/427 
f 419/431/431 418/430/430 417/429/429 
f 420/432/432 419/431/431 417/429/429 
f 418/430/430 422/434/434 421/433/433 
f 417/429/429 418/430/430 421/433/433 
f 422/434/434 424/436/436 423/435/435 
f 421/433/433 422/434/434 423/435/435 
f 424/436/436 419/431/431 420/432/432 
f 423/435/435 424/436/436 420/432/432 
f 427/439/439 426/438/438 425/437/437 
f 428/440/440 427/439/439 425/437/437 
f 426/438/438 430/442/442 429/441/441 
f 425/437/437 426/438/438 429/441/441 
f 430/442/442 432/444/444 431/443/443 
f 429/441/441 430/442/442 431/443/443 
f 432/444/444 427/439/439 428/440/440 
f 431/443/443 432/444/444 428/440/440 
f 435/447/447 434/446/446 433/445/445 
f 436/448/448 435/447/447 433/445/445 
f 434/446/446 438/450/450 437/449/449 
f 433/445/445 434/446/446 437/449/449 
f 438/450/450 440/452/452 439/451/451 
f 437/449/449 438/450/450 439/451/451 
f 440/452/452 435/447/447 436/448/448 
f 439/451/451 440/452/452 436/448/448 
f 442/454/454 441/453/453 401/405/405 
f 402/406/406 442/454/454 401/405/405 
f 441/453/453 443/455/455 403/407/407 
f 401/405/405 441/453/453 403/407/407 
f 443/455/455 444/456/456 404/408/408 
f 403/407/407 443/455/455 404/408/408 
f 444/456/456 442/454/454 402/406/406 
f 404/408/408 444/456/456 402/406/406 
f 420/432/432 417/429/429 405/411/411 
f 406/412/412 420/432/432 405/411/411 
f 417/429/429 421/433/433 407/414/414 
f 405/411/411 417/429/429 407/414/414 
f 421/433/433 423/435/435 408/416/416 
f 407/414/414 421/433/433 408/416/416 
f 423/435/435 420/432/432 406/412/412 
f 408/416/416 423/435/435 406/412/412 
f 428/440/440 425/437/437 409/417/417 
f 410/418/418 428/440/440 409/417/417 
f 425/437/437 429/441/441 411/420/420 
f 409/417/417 425/437/437 411/420/420 
f 429/441/441 431/443/443 412/422/422 
f 411/420/420 429/441/441 412/422/422 
f 431/443/443 428/440/440 410/418/418 
f 412/422/422 431/443/443 410/418/418 
f 436/448/448 433/445/445 413/423/423 
f 414/424/424 436/448/448 413/423/423 
f 433/445/445 437/449/449 415/426/426 
f 413/423/423 433/445/445 415/426/426 
f 437/449/449 439/451/451 416/428/428 
f 415/426/426 437/449/449 416/428/428 
f 439/451/451 436/448/448 414/424/424 
f 416/428/428 439/451/451 414/424/424 
f 445/457/457 418/430/430 419/431/431 
f 446/458/458 445/457/457 419/431/431 
f 447/459/459 422/434/434 418/430/430 
f 445/457/457 447/459/459 418/430/430 
f 448/460/460 424/436/436 422/434/434 
f 447/459/459 448/460/460 422/434/434 
f 446/458/458 419/431/431 424/436/436 
f 448/460/460 446/458/458 424/436/436 
f 449/461/461 441/453/453 442/454/454 
f 450/462/462 449/461/461 442/454/454 
f 451/463/463 443/455/455 441/453/453 
f 449/461/461 451/463/463 441/453/453 
f 452/464/464 444/456/456 443/455/455 
f 451/463/463 452/464/464 443/455/455 
f 450/462/462 442/454/454 444/456/456 
f 452/464/464 450/462/462 444/456/456 
f 453/465/465 434/446/446 435/447/447 
f 454/466/466 453/465/465 435/447/447 
f 455/467/467 438/450/450 434/446/446 
f 453/465/465 455/467/467 434/446/446 
f 456/468/468 440/452/452 438/450/450 
f 455/467/467 456/468/468 438/450/450 
f 454/466/466 435/447/447 440/452/452 
f 456/468/468 454/466/466 440/452/452 
f 457/469/469 426/438/438 427/439/439 
f 458/470/470 457/469/469 427/439/439 
f 459/471/471 430/442/442 426/438/438 
f 457/469/469 459/471/471 426/438/438 
f 460/472/472 432/444/444 430/442/442 
f 459/471/471 460/472/472 430/442/442 
f 458/470/470 427/439/439 432/444/444 
f 460/472/472 458/470/470 432/444/444 
f 377/381/381 445/457/457 446/458/458 
f 376/380/380 377/381/381 446/458/458 
f 378/382/382 447/459/459 445/457/457 
f 377/381/381 378/382/382 445/457/457 
f 379/383/383 448/460/460 447/459/459 
f 378/382/382 379/383/383 447/459/459 
f 376/380/380 446/458/458 448/460/460 
f 379/383/383 376/380/380 448/460/460 
f 384/388/388 449/461/461 450/462/462 
f 383/387/387 384/388/388 450/462/462 
f 385/389/389 451/463/463 449/461/461 
f 384/388/388 385/389/389 449/461/461 
f 386/390/390 452/464/464 451/463/463 
f 385/389/389 386/390/390 451/463/463 
f 383/387/387 450/462/462 452/464/464 
f 386/390/390 383/387/387 452/464/464 
f 394/398/398 453/465/465 454/466/466 
f 393/397/397 394/398/398 454/466/466 
f 395/399/399 455/467/467 453/465/465 
f 394/398/398 395/399/399 453/465/465 
f 396/400/400 456/468/468 455/467/467 
f 395/399/399 396/400/400 455/467/467 
f 393/397/397 454/466/466 456/468/468 
f 396/400/400 393/397/397 456/468/468 
f 398/402/402 457/469/469 458/470/470 
f 397/401/401 398/402/402 458/470/470 
f 399/403/403 459/471/471 457/469/469 
f 398/402/402 399/403/403 457/469/469 
f 400/404/404 460/472/472 459/471/471 
f 399/403/403 400/404/404 459/471/471 
f 397/401/401 458/470/470 460/472/472 
f 400/404/404 397/401/401 460/472/472 
f 184/184/184 185/185/185 175/175/175 
f 176/176/176 184/184/184 175/175/175 
f 183/183/183 184/184/184 176/176/176 
f 178/178/178 183/183/183 176/176/176 
f 461/473/473 183/183/183 178/178/178 
f 180/180/180 461/473/473 178/178/178 
f 462/474/474 461/473/473 180/180/180 
f 463/475/475 462/474/474 180/180/180 
f 177/177/177 174/174/174 160/160/160 
f 161/161/161 177/177/177 160/160/160 
f 181/181/181 179/179/179 162/162/162 
f 163/163/163 181/181/181 162/162/162 
f 179/179/179 177/177/177 161/161/161 
f 162/162/162 179/179/179 161/161/161 
f 464/476/476 149/149/149 4/4/4 
f 1/1/1 464/476/476 4/4/4 
f 465/477/477 163/163/163 149/149/149 
f 464/476/476 465/477/477 149/149/149 
f 463/475/475 180/180/180 181/181/181 
f 466/478/478 463/475/475 181/181/181 
f 466/478/478 181/181/181 163/163/163 
f 465/477/477 466/478/478 163/163/163 
f 305/305/305 306/306/306 295/295/295 
f 296/296/296 305/305/305 295/295/295 
f 304/304/304 305/305/305 296/296/296 
f 298/298/298 304/304/304 296/296/296 
f 303/303/303 304/304/304 301/301/301 
f 302/302/302 303/303/303 301/301/301 
f 301/301/301 304/304/304 298/298/298 
f 263/263/263 260/260/260 249/249/249 
f 250/250/250 263/263/263 249/249/249 
f 262/262/262 263/263/263 250/250/250 
f 264/264/264 262/262/262 250/250/250 
f 260/260/260 261/261/261 265/265/265 
f 249/249/249 260/260/260 265/265/265 
f 279/279/279 280/280/280 272/272/272 
f 273/273/273 279/279/279 272/272/272 
f 281/281/281 282/282/282 276/276/276 
f 277/277/277 281/281/281 276/276/276 
f 282/282/282 279/279/279 273/273/273 
f 276/276/276 282/282/282 273/273/273 
f 390/394/394 371/374/374 369/371/371 
f 387/391/391 390/394/394 369/371/371 
f 392/396/396 372/376/376 371/374/374 
f 390/394/394 392/396/396 371/374/374 
f 389/393/393 370/372/372 372/376/376 
f 392/396/396 389/393/393 372/376/376 
f 387/391/391 369/371/371 370/372/372 
f 389/393/393 387/391/391 370/372/372 
f 325/325/325 326/326/326 467/479/479 
f 361/361/361 325/325/325 467/479/479 
f 359/359/359 468/480/480 360/360/360 
f 361/361/361 359/359/359 360/360/360 
f 326/326/326 327/327/327 469/481/481 
f 467/479/479 326/326/326 469/481/481 
f 361/361/361 467/479/479 358/358/358 
f 359/359/359 361/361/361 358/358/358 
f 467/479/479 469/481/481 362/362/362 
f 358/358/358 467/479/479 362/362/362 
f 335/335/335 336/336/336 468/480/480 
f 359/359/359 335/335/335 468/480/480 
f 345/345/345 346/346/346 331/331/331 
f 332/332/332 345/345/345 331/331/331 
f 340/340/340 324/324/324 342/342/342 
f 343/343/343 340/340/340 342/342/342 
f 324/324/324 325/325/325 331/331/331 
f 342/342/342 324/324/324 331/331/331 
f 352/352/352 351/351/351 338/338/338 
f 339/339/339 352/352/352 338/338/338 
f 330/330/330 323/323/323 348/348/348 
f 349/349/349 330/330/330 348/348/348 
f 323/323/323 324/324/324 338/338/338 
f 348/348/348 323/323/323 338/338/338 
f 322/322/322 471/483/483 470/482/482 
f 472/484/484 322/322/322 470/482/482 
f 35/35/35 155/155/155 473/485/485 
f 474/486/486 35/35/35 473/485/485 
f 475/487/487 117/117/117 322/322/322 
f 472/484/484 475/487/487 322/322/322 
f 477/489/489 476/488/488 117/117/117 
f 475/487/487 477/489/489 117/117/117 
f 116/116/116 479/491/491 478/490/490 
f 155/155/155 116/116/116 478/490/490 
f 480/492/492 155/155/155 478/490/490 
f 481/493/493 480/492/492 478/490/490 
f 481/493/493 478/490/490 479/491/491 
f 482/494/494 481/493/493 479/491/491 
f 117/117/117 476/488/488 37/37/37 
f 38/38/38 117/117/117 37/37/37 
f 479/491/491 116/116/116 483/495/495 
f 482/494/494 479/491/491 483/495/495 
f 472/484/484 470/482/482 477/489/489 
f 475/487/487 472/484/484 477/489/489 
f 473/485/485 155/155/155 480/492/492 
f 484/496/496 473/485/485 480/492/492 
f 474/486/486 473/485/485 484/496/496 
f 485/497/497 474/486/486 484/496/496 
f 35/35/35 474/486/486 485/497/497 
f 34/34/34 35/35/35 485/497/497 
f 483/495/495 116/116/116 39/39/39 
f 40/40/40 483/495/495 39/39/39 
f 117/117/117 38/38/38 39/39/39 
f 116/116/116 117/117/117 39/39/39 
f 355/355/355 356/356/356 328/328/328 
f 329/329/329 355/355/355 328/328/328 
f 353/353/353 354/354/354 486/498/498 
f 357/357/357 353/353/353 486/498/498 
f 322/322/322 323/323/323 328/328/328 
f 357/357/357 322/322/322 328/328/328 
f 487/499/499 471/483/483 322/322/322 
f 488/500/500 487/499/499 322/322/322 
f 488/500/500 322/322/322 357/357/357 
f 489/501/501 488/500/500 357/357/357 
f 489/501/501 357/357/357 486/498/498 
f 490/502/502 489/501/501 486/498/498 
f 493/505/505 492/504/504 491/503/503 
f 494/506/506 493/505/505 491/503/503 
f 493/505/505 494/506/506 487/499/499 
f 488/500/500 493/505/505 487/499/499 
f 492/504/504 493/505/505 488/500/500 
f 489/501/501 492/504/504 488/500/500 
f 491/503/503 492/504/504 489/501/501 
f 490/502/502 491/503/503 489/501/501 
f 183/183/183 461/473/473 462/474/474 
f 182/182/182 183/183/183 462/474/474 
f 496/509/509 495/508/508 1/507/507 
f 2/510/510 496/509/509 1/507/507 
f 497/511/511 496/509/509 2/510/510 
f 5/512/512 497/511/511 2/510/510 
f 498/513/513 497/511/511 5/512/512 
f 7/514/514 498/513/513 5/512/512 
f 499/515/515 498/513/513 7/514/514 
f 9/516/516 499/515/515 7/514/514 
f 500/517/517 499/515/515 9/516/516 
f 11/518/518 500/517/517 9/516/516 
f 501/519/519 500/517/517 11/518/518 
f 13/520/520 501/519/519 11/518/518 
f 502/521/521 501/519/519 13/520/520 
f 15/522/522 502/521/521 13/520/520 
f 503/523/523 502/521/521 15/522/522 
f 17/524/524 503/523/523 15/522/522 
f 504/525/525 503/523/523 17/524/524 
f 19/526/526 504/525/525 17/524/524 
f 505/527/527 504/525/525 19/526/526 
f 506/528/528 505/527/527 19/526/526 
f 509/25/531 508/26/530 507/23/529 
f 510/24/532 509/25/531 507/23/529 
f 512/531/535 511/530/534 27/529/533 
f 513/532/536 512/531/535 27/529/533 
f 514/533/537 513/532/536 27/529/533 
f 31/534/538 514/533/537 27/529/533 
f 516/537/541 515/536/540 33/535/539 
f 34/538/542 516/537/541 33/535/539 
f 517/541/545 40/540/544 37/539/543 
f 518/542/546 517/541/545 37/539/543 
f 520/545/549 519/544/548 41/543/547 
f 42/546/550 520/545/549 41/543/547 
f 521/547/551 520/545/549 42/546/550 
f 45/548/552 521/547/551 42/546/550 
f 522/549/553 521/547/551 45/548/552 
f 47/550/554 522/549/553 45/548/552 
f 523/551/555 522/549/553 47/550/554 
f 49/552/556 523/551/555 47/550/554 
f 524/553/557 523/551/555 49/552/556 
f 51/554/558 524/553/557 49/552/556 
f 526/557/561 525/556/560 53/555/559 
f 54/558/562 526/557/561 53/555/559 
f 527/559/563 526/557/561 54/558/562 
f 57/560/564 527/559/563 54/558/562 
f 528/561/565 527/559/563 57/560/564 
f 59/562/566 528/561/565 57/560/564 
f 529/563/567 528/561/565 59/562/566 
f 61/564/568 529/563/567 59/562/566 
f 530/565/569 529/563/567 61/564/568 
f 63/566/570 530/565/569 61/564/568 
f 531/567/571 530/565/569 63/566/570 
f 65/568/572 531/567/571 63/566/570 
f 532/569/573 531/567/571 65/568/572 
f 67/570/574 532/569/573 65/568/572 
f 533/571/575 532/569/573 67/570/574 
f 69/572/576 533/571/575 67/570/574 
f 534/573/577 533/571/575 69/572/576 
f 71/574/578 534/573/577 69/572/576 
f 534/573/577 536/576/580 535/575/579 
f 537/577/581 534/573/577 535/575/579 
f 540/580/584 539/579/583 538/578/582 
f 541/581/585 540/580/584 538/578/582 
f 544/584/588 543/583/587 542/582/586 
f 545/585/589 544/584/588 542/582/586 
f 547/587/591 546/586/590 543/583/587 
f 544/584/588 547/587/591 543/583/587 
f 549/589/593 548/588/592 546/586/590 
f 547/587/591 549/589/593 546/586/590 
f 551/591/595 550/590/594 548/588/592 
f 549/589/593 551/591/595 548/588/592 
f 553/593/597 552/592/596 550/590/594 
f 551/591/595 553/593/597 550/590/594 
f 555/595/599 554/594/598 552/592/596 
f 553/593/597 555/595/599 552/592/596 
f 557/597/601 556/596/600 554/594/598 
f 555/595/599 557/597/601 554/594/598 
f 559/599/603 558/598/602 556/596/600 
f 557/597/601 559/599/603 556/596/600 
f 561/601/605 560/600/604 558/598/602 
f 559/599/603 561/601/605 558/598/602 
f 564/604/608 563/603/607 562/602/606 
f 565/605/609 564/604/608 562/602/606 
f 567/607/611 566/606/610 563/603/607 
f 564/604/608 567/607/611 563/603/607 
f 545/585/589 542/582/586 568/608/612 
f 569/609/613 545/585/589 568/608/612 
f 572/612/616 571/611/615 570/610/614 
f 573/613/617 572/612/616 570/610/614 
f 573/613/617 570/610/614 574/614/618 
f 575/615/619 573/613/617 574/614/618 
f 575/615/619 574/614/618 576/616/620 
f 577/617/621 575/615/619 576/616/620 
f 579/619/623 576/616/620 578/618/622 
f 580/620/624 579/619/623 578/618/622 
f 581/621/625 524/553/557 51/554/558 
f 119/622/626 581/621/625 51/554/558 
f 582/623/627 571/611/615 572/612/616 
f 583/624/628 582/623/627 572/612/616 
f 584/625/629 581/621/625 119/622/626 
f 123/626/630 584/625/629 119/622/626 
f 587/629/633 586/628/632 585/627/631 
f 588/630/634 587/629/633 585/627/631 
f 525/556/560 584/625/629 123/626/630 
f 53/555/559 525/556/560 123/626/630 
f 569/609/613 568/608/612 586/628/632 
f 587/629/633 569/609/613 586/628/632 
f 589/631/635 540/580/584 541/581/585 
f 590/632/636 589/631/635 541/581/585 
f 593/635/639 592/634/638 591/633/637 
f 594/636/640 593/635/639 591/633/637 
f 526/557/561 596/638/642 595/637/641 
f 525/556/560 526/557/561 595/637/641 
f 596/638/642 544/584/588 545/585/589 
f 595/637/641 596/638/642 545/585/589 
f 504/525/525 542/582/586 543/583/587 
f 503/523/523 504/525/525 543/583/587 
f 527/559/563 597/639/643 596/638/642 
f 526/557/561 527/559/563 596/638/642 
f 597/639/643 547/587/591 544/584/588 
f 596/638/642 597/639/643 544/584/588 
f 503/523/523 543/583/587 546/586/590 
f 502/521/521 503/523/523 546/586/590 
f 528/561/565 598/640/644 597/639/643 
f 527/559/563 528/561/565 597/639/643 
f 598/640/644 549/589/593 547/587/591 
f 597/639/643 598/640/644 547/587/591 
f 502/521/521 546/586/590 548/588/592 
f 501/519/519 502/521/521 548/588/592 
f 529/563/567 599/641/645 598/640/644 
f 528/561/565 529/563/567 598/640/644 
f 599/641/645 551/591/595 549/589/593 
f 598/640/644 599/641/645 549/589/593 
f 501/519/519 548/588/592 550/590/594 
f 500/517/517 501/519/519 550/590/594 
f 530/565/569 600/642/646 599/641/645 
f 529/563/567 530/565/569 599/641/645 
f 600/642/646 553/593/597 551/591/595 
f 599/641/645 600/642/646 551/591/595 
f 500/517/517 550/590/594 552/592/596 
f 499/515/515 500/517/517 552/592/596 
f 531/567/571 601/643/647 600/642/646 
f 530/565/569 531/567/571 600/642/646 
f 601/643/647 555/595/599 553/593/597 
f 600/642/646 601/643/647 553/593/597 
f 499/515/515 552/592/596 554/594/598 
f 498/513/513 499/515/515 554/594/598 
f 532/569/573 602/644/648 601/643/647 
f 531/567/571 532/569/573 601/643/647 
f 602/644/648 557/597/601 555/595/599 
f 601/643/647 602/644/648 555/595/599 
f 498/513/513 554/594/598 556/596/600 
f 497/511/511 498/513/513 556/596/600 
f 533/571/575 603/645/649 602/644/648 
f 532/569/573 533/571/575 602/644/648 
f 603/645/649 559/599/603 557/597/601 
f 602/644/648 603/645/649 557/597/601 
f 497/511/511 556/596/600 558/598/602 
f 496/509/509 497/511/511 558/598/602 
f 534/573/577 604/646/650 603/645/649 
f 533/571/575 534/573/577 603/645/649 
f 604/646/650 561/601/605 559/599/603 
f 603/645/649 604/646/650 559/599/603 
f 496/509/509 558/598/602 560/600/604 
f 495/508/508 496/509/509 560/600/604 
f 537/577/581 605/647/651 604/646/650 
f 534/573/577 537/577/581 604/646/650 
f 606/648/652 564/604/608 565/605/609 
f 607/649/653 606/648/652 565/605/609 
f 495/508/508 560/600/604 608/650/654 
f 609/651/655 495/508/508 608/650/654 
f 594/636/640 591/633/637 605/647/651 
f 537/577/581 594/636/640 605/647/651 
f 610/652/656 567/607/611 564/604/608 
f 606/648/652 610/652/656 564/604/608 
f 609/651/655 608/650/654 540/580/584 
f 589/631/635 609/651/655 540/580/584 
f 525/556/560 595/637/641 611/653/657 
f 584/625/629 525/556/560 611/653/657 
f 595/637/641 545/585/589 569/609/613 
f 611/653/657 595/637/641 569/609/613 
f 505/527/527 568/608/612 542/582/586 
f 504/525/525 505/527/527 542/582/586 
f 523/551/555 613/655/659 612/654/658 
f 522/549/553 523/551/555 612/654/658 
f 613/655/659 572/612/616 573/613/617 
f 612/654/658 613/655/659 573/613/617 
f 516/537/541 570/610/614 571/611/615 
f 515/536/540 516/537/541 571/611/615 
f 522/549/553 612/654/658 614/656/660 
f 521/547/551 522/549/553 614/656/660 
f 612/654/658 573/613/617 575/615/619 
f 614/656/660 612/654/658 575/615/619 
f 615/657/661 574/614/618 570/610/614 
f 516/537/541 615/657/661 570/610/614 
f 521/547/551 614/656/660 616/658/662 
f 520/545/549 521/547/551 616/658/662 
f 614/656/660 575/615/619 577/617/621 
f 616/658/662 614/656/660 577/617/621 
f 578/618/622 576/616/620 574/614/618 
f 615/657/661 578/618/622 574/614/618 
f 583/624/628 617/659/663 582/623/627 
f 617/659/663 587/629/633 588/630/634 
f 582/623/627 617/659/663 588/630/634 
f 513/532/536 585/627/631 586/628/632 
f 512/531/535 513/532/536 586/628/632 
f 618/660/664 611/653/657 617/659/663 
f 611/653/657 569/609/613 587/629/633 
f 617/659/663 611/653/657 587/629/633 
f 512/531/535 586/628/632 568/608/612 
f 505/527/527 512/531/535 568/608/612 
f 160/662/666 619/661/665 590/632/636 
f 159/663/667 160/662/666 590/632/636 
f 621/665/669 620/664/668 609/651/655 
f 589/631/635 621/665/669 609/651/655 
f 619/661/665 621/665/669 589/631/635 
f 590/632/636 619/661/665 589/631/635 
f 165/667/671 622/666/670 593/635/639 
f 164/668/672 165/667/671 593/635/639 
f 168/670/674 169/669/673 541/581/585 
f 623/671/675 168/670/674 541/581/585 
f 623/671/675 625/673/677 624/672/676 
f 626/674/678 623/671/675 624/672/676 
f 627/675/679 592/634/638 593/635/639 
f 622/666/670 627/675/679 593/635/639 
f 629/678/682 628/677/681 174/676/680 
f 175/679/683 629/678/682 174/676/680 
f 169/669/673 159/663/667 590/632/636 
f 541/581/585 169/669/673 590/632/636 
f 631/681/685 630/680/684 628/677/681 
f 629/678/682 631/681/685 628/677/681 
f 633/683/687 632/682/686 630/680/684 
f 631/681/685 633/683/687 630/680/684 
f 634/686/690 185/685/689 182/684/688 
f 635/687/691 634/686/690 182/684/688 
f 188/690/694 637/689/693 636/688/692 
f 187/691/695 188/690/694 636/688/692 
f 639/693/697 638/692/696 626/674/678 
f 624/672/676 639/693/697 626/674/678 
f 637/689/693 641/695/699 640/694/698 
f 636/688/692 637/689/693 640/694/698 
f 638/692/696 195/697/701 194/696/700 
f 626/674/678 638/692/696 194/696/700 
f 592/634/638 538/578/582 539/579/583 
f 591/633/637 592/634/638 539/579/583 
f 636/688/692 622/666/670 165/667/671 
f 187/691/695 636/688/692 165/667/671 
f 640/694/698 627/675/679 622/666/670 
f 636/688/692 640/694/698 622/666/670 
f 196/699/703 642/698/702 637/689/693 
f 188/690/694 196/699/703 637/689/693 
f 642/698/702 643/700/704 641/695/699 
f 637/689/693 642/698/702 641/695/699 
f 644/701/705 642/698/702 196/699/703 
f 199/702/706 644/701/705 196/699/703 
f 645/703/707 643/700/704 642/698/702 
f 644/701/705 645/703/707 642/698/702 
f 194/696/700 168/670/674 623/671/675 
f 626/674/678 194/696/700 623/671/675 
f 538/578/582 625/673/677 623/671/675 
f 541/581/585 538/578/582 623/671/675 
f 646/705/709 203/704/708 195/697/701 
f 638/692/696 646/705/709 195/697/701 
f 647/706/710 646/705/709 638/692/696 
f 639/693/697 647/706/710 638/692/696 
f 649/708/712 648/707/711 627/675/679 
f 640/694/698 649/708/712 627/675/679 
f 650/709/713 649/708/712 640/694/698 
f 641/695/699 650/709/713 640/694/698 
f 652/711/715 651/710/714 538/578/582 
f 592/634/638 652/711/715 538/578/582 
f 651/710/714 653/712/716 625/673/677 
f 538/578/582 651/710/714 625/673/677 
f 655/714/718 654/713/717 639/693/697 
f 624/672/676 655/714/718 639/693/697 
f 648/707/711 652/711/715 592/634/638 
f 627/675/679 648/707/711 592/634/638 
f 657/716/720 656/715/719 643/700/704 
f 645/703/707 657/716/720 643/700/704 
f 656/715/719 650/709/713 641/695/699 
f 643/700/704 656/715/719 641/695/699 
f 653/712/716 655/714/718 624/672/676 
f 625/673/677 653/712/716 624/672/676 
f 216/717/721 203/704/708 646/705/709 
f 658/718/722 216/717/721 646/705/709 
f 659/719/723 658/718/722 646/705/709 
f 647/706/710 659/719/723 646/705/709 
f 639/693/697 654/713/717 659/719/723 
f 647/706/710 639/693/697 659/719/723 
f 644/701/705 660/720/724 657/716/720 
f 645/703/707 644/701/705 657/716/720 
f 220/721/725 657/716/720 660/720/724 
f 219/722/726 220/721/725 660/720/724 
f 221/723/727 656/715/719 657/716/720 
f 220/721/725 221/723/727 657/716/720 
f 222/724/728 650/709/713 656/715/719 
f 221/723/727 222/724/728 656/715/719 
f 223/725/729 649/708/712 650/709/713 
f 222/724/728 223/725/729 650/709/713 
f 224/726/730 648/707/711 649/708/712 
f 223/725/729 224/726/730 649/708/712 
f 225/727/731 652/711/715 648/707/711 
f 224/726/730 225/727/731 648/707/711 
f 226/728/732 651/710/714 652/711/715 
f 225/727/731 226/728/732 652/711/715 
f 227/729/733 653/712/716 651/710/714 
f 226/728/732 227/729/733 651/710/714 
f 228/730/734 655/714/718 653/712/716 
f 227/729/733 228/730/734 653/712/716 
f 229/731/735 654/713/717 655/714/718 
f 228/730/734 229/731/735 655/714/718 
f 230/732/736 659/719/723 654/713/717 
f 229/731/735 230/732/736 654/713/717 
f 231/733/737 658/718/722 659/719/723 
f 230/732/736 231/733/737 659/719/723 
f 231/733/737 216/717/721 658/718/722 
f 594/636/640 662/735/739 661/734/738 
f 593/635/639 594/636/640 661/734/738 
f 537/577/581 663/736/740 662/735/739 
f 594/636/640 537/577/581 662/735/739 
f 664/737/741 663/736/740 537/577/581 
f 535/575/579 664/737/741 537/577/581 
f 164/668/672 593/635/639 661/734/738 
f 236/738/742 164/668/672 661/734/738 
f 665/740/744 238/739/743 236/738/742 
f 661/734/738 665/740/744 236/738/742 
f 666/741/745 665/740/744 661/734/738 
f 662/735/739 666/741/745 661/734/738 
f 667/742/746 666/741/745 662/735/739 
f 663/736/740 667/742/746 662/735/739 
f 242/744/748 667/742/746 668/743/747 
f 671/747/751 670/746/750 669/745/749 
f 672/748/752 671/747/751 669/745/749 
f 675/751/755 674/750/754 673/749/753 
f 676/752/756 675/751/755 673/749/753 
f 253/755/759 677/754/758 251/753/757 
f 251/753/757 252/756/760 253/755/759 
f 677/754/758 665/740/744 255/757/761 
f 251/753/757 677/754/758 255/757/761 
f 238/739/743 665/740/744 677/754/758 
f 253/755/759 238/739/743 677/754/758 
f 665/740/744 669/745/749 256/758/762 
f 255/757/761 665/740/744 256/758/762 
f 667/742/746 676/752/756 673/749/753 
f 666/741/745 667/742/746 673/749/753 
f 672/748/752 669/745/749 665/740/744 
f 666/741/745 672/748/752 665/740/744 
f 671/747/751 672/748/752 257/759/763 
f 258/760/764 671/747/751 257/759/763 
f 259/761/765 666/741/745 673/749/753 
f 242/744/748 676/752/756 667/742/746 
f 262/764/768 679/763/767 678/762/766 
f 261/765/769 262/764/768 678/762/766 
f 264/766/770 259/761/765 673/749/753 
f 674/750/754 264/766/770 673/749/753 
f 675/751/755 676/752/756 242/744/748 
f 265/767/771 675/751/755 242/744/748 
f 266/768/772 670/746/750 671/747/751 
f 258/760/764 266/768/772 671/747/751 
f 259/761/765 257/759/763 672/748/752 
f 666/741/745 259/761/765 672/748/752 
f 670/746/750 266/768/772 256/758/762 
f 669/745/749 670/746/750 256/758/762 
f 664/737/741 680/769/773 667/742/746 
f 663/736/740 664/737/741 667/742/746 
f 681/770/774 668/743/747 667/742/746 
f 680/769/773 681/770/774 667/742/746 
f 71/574/578 269/771/775 536/576/580 
f 534/573/577 71/574/578 536/576/580 
f 270/772/776 664/737/741 535/575/579 
f 269/771/775 270/772/776 535/575/579 
f 683/775/779 682/774/778 271/773/777 
f 272/776/780 683/775/779 271/773/777 
f 277/779/783 278/778/782 684/777/781 
f 685/780/784 277/779/783 684/777/781 
f 685/780/784 684/777/781 682/774/778 
f 683/775/779 685/780/784 682/774/778 
f 281/783/787 687/782/786 686/781/785 
f 280/784/788 281/783/787 686/781/785 
f 668/743/747 684/777/781 278/778/782 
f 242/744/748 668/743/747 278/778/782 
f 681/770/774 682/774/778 684/777/781 
f 668/743/747 681/770/774 684/777/781 
f 283/785/789 271/773/777 682/774/778 
f 681/770/774 283/785/789 682/774/778 
f 689/787/791 688/786/790 270/772/776 
f 284/788/792 689/787/791 270/772/776 
f 692/791/795 691/790/794 690/789/793 
f 693/792/796 692/791/795 690/789/793 
f 695/794/798 694/793/797 688/786/790 
f 689/787/791 695/794/798 688/786/790 
f 681/770/774 690/789/793 691/790/794 
f 283/785/789 681/770/774 691/790/794 
f 680/769/773 694/793/797 690/789/793 
f 681/770/774 680/769/773 690/789/793 
f 664/737/741 688/786/790 694/793/797 
f 680/769/773 664/737/741 694/793/797 
f 664/737/741 270/772/776 688/786/790 
f 295/797/801 697/796/800 696/795/799 
f 294/798/802 295/797/801 696/795/799 
f 697/796/800 699/800/804 698/799/803 
f 696/795/799 697/796/800 698/799/803 
f 700/803/807 302/802/806 299/801/805 
f 701/804/808 700/803/807 299/801/805 
f 702/807/811 306/806/810 303/805/809 
f 703/808/812 702/807/811 303/805/809 
f 695/794/798 693/792/796 690/789/793 
f 694/793/797 695/794/798 690/789/793 
f 699/800/804 700/803/807 701/804/808 
f 698/799/803 699/800/804 701/804/808 
f 696/795/799 689/787/791 284/788/792 
f 294/798/802 696/795/799 284/788/792 
f 299/801/805 692/791/795 693/792/796 
f 701/804/808 299/801/805 693/792/796 
f 698/799/803 695/794/798 689/787/791 
f 696/795/799 698/799/803 689/787/791 
f 701/804/808 693/792/796 695/794/798 
f 698/799/803 701/804/808 695/794/798 
f 704/810/814 308/809/813 283/785/789 
f 691/790/794 704/810/814 283/785/789 
f 309/812/816 705/811/815 692/791/795 
f 299/801/805 309/812/816 692/791/795 
f 705/811/815 704/810/814 691/790/794 
f 692/791/795 705/811/815 691/790/794 
f 308/809/813 704/810/814 705/811/815 
f 309/812/816 308/809/813 705/811/815 
f 707/814/818 706/813/817 560/600/604 
f 561/601/605 707/814/818 560/600/604 
f 708/815/819 707/814/818 561/601/605 
f 604/646/650 708/815/819 561/601/605 
f 709/816/820 708/815/819 604/646/650 
f 605/647/651 709/816/820 604/646/650 
f 710/817/821 709/816/820 605/647/651 
f 591/633/637 710/817/821 605/647/651 
f 711/818/822 710/817/821 591/633/637 
f 539/579/583 711/818/822 591/633/637 
f 712/819/823 711/818/822 539/579/583 
f 540/580/584 712/819/823 539/579/583 
f 713/820/824 712/819/823 540/580/584 
f 608/650/654 713/820/824 540/580/584 
f 706/813/817 713/820/824 608/650/654 
f 560/600/604 706/813/817 608/650/654 
f 565/605/609 562/602/606 706/813/817 
f 707/814/818 565/605/609 706/813/817 
f 607/649/653 565/605/609 707/814/818 
f 708/815/819 607/649/653 707/814/818 
f 606/648/652 607/649/653 708/815/819 
f 709/816/820 606/648/652 708/815/819 
f 610/652/656 606/648/652 709/816/820 
f 710/817/821 610/652/656 709/816/820 
f 567/607/611 610/652/656 710/817/821 
f 711/818/822 567/607/611 710/817/821 
f 566/606/610 567/607/611 711/818/822 
f 712/819/823 566/606/610 711/818/822 
f 563/603/607 566/606/610 712/819/823 
f 713/820/824 563/603/607 712/819/823 
f 562/602/606 563/603/607 713/820/824 
f 706/813/817 562/602/606 713/820/824 
f 520/545/549 616/658/662 714/821/825 
f 519/544/548 520/545/549 714/821/825 
f 577/617/621 576/616/620 579/619/623 
f 715/822/826 577/617/621 579/619/623 
f 616/658/662 577/617/621 715/822/826 
f 714/821/825 616/658/662 715/822/826 
f 524/553/557 716/823/827 613/655/659 
f 523/551/555 524/553/557 613/655/659 
f 581/621/625 618/660/664 716/823/827 
f 524/553/557 581/621/625 716/823/827 
f 584/625/629 611/653/657 618/660/664 
f 581/621/625 584/625/629 618/660/664 
f 716/823/827 583/624/628 572/612/616 
f 613/655/659 716/823/827 572/612/616 
f 618/660/664 617/659/663 583/624/628 
f 716/823/827 618/660/664 583/624/628 
f 515/536/540 571/611/615 582/623/627 
f 588/630/634 515/536/540 582/623/627 
f 513/532/536 514/533/537 585/627/631 
f 514/533/537 515/536/540 588/630/634 
f 585/627/631 514/533/537 588/630/634 
f 515/536/540 514/533/537 31/534/538 
f 33/535/539 515/536/540 31/534/538 
f 718/825/829 717/824/828 579/619/623 
f 580/620/624 718/825/829 579/619/623 
f 720/827/831 719/826/830 714/821/825 
f 715/822/826 720/827/831 714/821/825 
f 721/829/833 327/828/832 41/543/547 
f 519/544/548 721/829/833 41/543/547 
f 719/826/830 721/829/833 519/544/548 
f 714/821/825 719/826/830 519/544/548 
f 717/824/828 720/827/831 715/822/826 
f 579/619/623 717/824/828 715/822/826 
f 329/831/835 330/830/834 717/824/828 
f 722/832/836 329/831/835 717/824/828 
f 332/834/838 333/833/837 719/826/830 
f 723/835/839 332/834/838 719/826/830 
f 336/838/842 337/837/841 724/836/840 
f 725/839/843 336/838/842 724/836/840 
f 339/841/845 340/840/844 720/827/831 
f 726/842/846 339/841/845 720/827/831 
f 343/845/849 344/844/848 727/843/847 
f 728/846/850 343/845/849 727/843/847 
f 345/848/852 729/847/851 727/843/847 
f 344/844/848 345/848/852 727/843/847 
f 728/846/850 727/843/847 729/847/851 
f 723/835/839 728/846/850 729/847/851 
f 349/851/855 350/850/854 730/849/853 
f 731/852/856 349/851/855 730/849/853 
f 731/852/856 730/849/853 732/853/857 
f 726/842/846 731/852/856 732/853/857 
f 352/854/858 732/853/857 730/849/853 
f 350/850/854 352/854/858 730/849/853 
f 355/857/861 734/856/860 733/855/859 
f 354/858/862 355/857/861 733/855/859 
f 722/832/836 735/859/863 733/855/859 
f 734/856/860 722/832/836 733/855/859 
f 736/860/864 725/839/843 724/836/840 
f 737/861/865 736/860/864 724/836/840 
f 360/863/867 738/862/866 719/826/830 
f 333/833/837 360/863/867 719/826/830 
f 362/864/868 737/861/865 724/836/840 
f 337/837/841 362/864/868 724/836/840 
f 363/865/869 506/528/528 19/526/526 
f 364/866/870 511/530/534 506/528/528 
f 363/865/869 364/866/870 506/528/528 
f 27/529/533 511/530/534 364/866/870 
f 739/867/871 505/527/527 506/528/528 
f 740/868/872 739/867/871 506/528/528 
f 741/869/873 512/531/535 505/527/527 
f 739/867/871 741/869/873 505/527/527 
f 742/870/874 511/530/534 512/531/535 
f 741/869/873 742/870/874 512/531/535 
f 740/868/872 506/528/528 511/530/534 
f 742/870/874 740/868/872 511/530/534 
f 744/371/877 743/372/876 741/369/875 
f 739/370/878 744/371/877 741/369/875 
f 745/374/879 744/371/877 739/370/878 
f 740/373/880 745/374/879 739/370/878 
f 746/871/881 745/374/879 740/373/880 
f 742/872/882 746/871/881 740/373/880 
f 743/372/876 746/871/881 742/872/882 
f 741/369/875 743/372/876 742/872/882 
f 510/24/532 748/379/884 747/377/883 
f 749/378/885 510/24/532 747/377/883 
f 752/382/888 751/383/887 750/380/886 
f 753/381/889 752/382/888 750/380/886 
f 507/23/529 755/386/891 754/384/890 
f 756/385/892 507/23/529 754/384/890 
f 759/389/895 758/390/894 757/387/893 
f 760/388/896 759/389/895 757/387/893 
f 748/379/884 762/393/898 761/391/897 
f 763/392/899 748/379/884 761/391/897 
f 763/392/899 761/391/897 764/394/900 
f 765/395/901 763/392/899 764/394/900 
f 765/395/901 764/394/900 766/396/902 
f 756/385/892 765/395/901 766/396/902 
f 756/385/892 766/396/902 762/393/898 
f 748/379/884 756/385/892 762/393/898 
f 763/392/899 747/377/883 748/379/884 
f 769/399/905 768/400/904 767/397/903 
f 770/398/906 769/399/905 767/397/903 
f 510/24/532 749/378/885 509/25/531 
f 756/385/892 754/384/890 765/395/901 
f 508/26/530 755/386/891 507/23/529 
f 773/403/909 772/404/908 771/401/907 
f 774/402/910 773/403/909 771/401/907 
f 776/405/912 775/406/911 756/385/892 
f 748/379/884 776/405/912 756/385/892 
f 777/407/913 776/405/912 748/379/884 
f 510/24/532 777/407/913 748/379/884 
f 778/408/914 777/407/913 510/24/532 
f 507/23/529 778/408/914 510/24/532 
f 775/406/911 778/408/914 507/23/529 
f 756/385/892 775/406/911 507/23/529 
f 780/411/917 779/412/916 763/409/915 
f 765/410/918 780/411/917 763/409/915 
f 781/414/919 780/411/917 765/410/918 
f 508/413/920 781/414/919 765/410/918 
f 782/416/921 781/414/919 508/413/920 
f 509/415/922 782/416/921 508/413/920 
f 779/412/916 782/416/921 509/415/922 
f 763/409/915 779/412/916 509/415/922 
f 784/417/924 783/418/923 508/413/920 
f 765/410/918 784/417/924 508/413/920 
f 785/420/925 784/417/924 765/410/918 
f 754/419/926 785/420/925 765/410/918 
f 786/422/927 785/420/925 754/419/926 
f 755/421/928 786/422/927 754/419/926 
f 783/418/923 786/422/927 755/421/928 
f 508/413/920 783/418/923 755/421/928 
f 788/423/930 787/424/929 763/409/915 
f 509/415/922 788/423/930 763/409/915 
f 789/426/931 788/423/930 509/415/922 
f 749/425/932 789/426/931 509/415/922 
f 790/428/933 789/426/931 749/425/932 
f 747/427/934 790/428/933 749/425/932 
f 787/424/929 790/428/933 747/427/934 
f 763/409/915 787/424/929 747/427/934 
f 793/431/937 792/432/936 791/429/935 
f 794/430/938 793/431/937 791/429/935 
f 794/430/938 791/429/935 795/433/939 
f 796/434/940 794/430/938 795/433/939 
f 796/434/940 795/433/939 797/435/941 
f 798/436/942 796/434/940 797/435/941 
f 798/436/942 797/435/941 792/432/936 
f 793/431/937 798/436/942 792/432/936 
f 801/439/945 800/440/944 799/437/943 
f 802/438/946 801/439/945 799/437/943 
f 802/438/946 799/437/943 803/441/947 
f 804/442/948 802/438/946 803/441/947 
f 804/442/948 803/441/947 805/443/949 
f 806/444/950 804/442/948 805/443/949 
f 806/444/950 805/443/949 800/440/944 
f 801/439/945 806/444/950 800/440/944 
f 809/447/953 808/448/952 807/445/951 
f 810/446/954 809/447/953 807/445/951 
f 810/446/954 807/445/951 811/449/955 
f 812/450/956 810/446/954 811/449/955 
f 812/450/956 811/449/955 813/451/957 
f 814/452/958 812/450/956 813/451/957 
f 814/452/958 813/451/957 808/448/952 
f 809/447/953 814/452/958 808/448/952 
f 815/454/959 775/406/911 776/405/912 
f 816/453/960 815/454/959 776/405/912 
f 816/453/960 776/405/912 777/407/913 
f 817/455/961 816/453/960 777/407/913 
f 817/455/961 777/407/913 778/408/914 
f 818/456/962 817/455/961 778/408/914 
f 818/456/962 778/408/914 775/406/911 
f 815/454/959 818/456/962 775/406/911 
f 792/432/936 779/412/916 780/411/917 
f 791/429/935 792/432/936 780/411/917 
f 791/429/935 780/411/917 781/414/919 
f 795/433/939 791/429/935 781/414/919 
f 795/433/939 781/414/919 782/416/921 
f 797/435/941 795/433/939 782/416/921 
f 797/435/941 782/416/921 779/412/916 
f 792/432/936 797/435/941 779/412/916 
f 800/440/944 783/418/923 784/417/924 
f 799/437/943 800/440/944 784/417/924 
f 799/437/943 784/417/924 785/420/925 
f 803/441/947 799/437/943 785/420/925 
f 803/441/947 785/420/925 786/422/927 
f 805/443/949 803/441/947 786/422/927 
f 805/443/949 786/422/927 783/418/923 
f 800/440/944 805/443/949 783/418/923 
f 808/448/952 787/424/929 788/423/930 
f 807/445/951 808/448/952 788/423/930 
f 807/445/951 788/423/930 789/426/931 
f 811/449/955 807/445/951 789/426/931 
f 811/449/955 789/426/931 790/428/933 
f 813/451/957 811/449/955 790/428/933 
f 813/451/957 790/428/933 787/424/929 
f 808/448/952 813/451/957 787/424/929 
f 820/457/964 819/458/963 793/431/937 
f 794/430/938 820/457/964 793/431/937 
f 821/459/965 820/457/964 794/430/938 
f 796/434/940 821/459/965 794/430/938 
f 822/460/966 821/459/965 796/434/940 
f 798/436/942 822/460/966 796/434/940 
f 819/458/963 822/460/966 798/436/942 
f 793/431/937 819/458/963 798/436/942 
f 824/461/968 823/462/967 815/454/959 
f 816/453/960 824/461/968 815/454/959 
f 825/463/969 824/461/968 816/453/960 
f 817/455/961 825/463/969 816/453/960 
f 826/464/970 825/463/969 817/455/961 
f 818/456/962 826/464/970 817/455/961 
f 823/462/967 826/464/970 818/456/962 
f 815/454/959 823/462/967 818/456/962 
f 828/465/972 827/466/971 809/447/953 
f 810/446/954 828/465/972 809/447/953 
f 829/467/973 828/465/972 810/446/954 
f 812/450/956 829/467/973 810/446/954 
f 830/468/974 829/467/973 812/450/956 
f 814/452/958 830/468/974 812/450/956 
f 827/466/971 830/468/974 814/452/958 
f 809/447/953 827/466/971 814/452/958 
f 832/469/976 831/470/975 801/439/945 
f 802/438/946 832/469/976 801/439/945 
f 833/471/977 832/469/976 802/438/946 
f 804/442/948 833/471/977 802/438/946 
f 834/472/978 833/471/977 804/442/948 
f 806/444/950 834/472/978 804/442/948 
f 831/470/975 834/472/978 806/444/950 
f 801/439/945 831/470/975 806/444/950 
f 753/381/889 750/380/886 819/458/963 
f 820/457/964 753/381/889 819/458/963 
f 752/382/888 753/381/889 820/457/964 
f 821/459/965 752/382/888 820/457/964 
f 751/383/887 752/382/888 821/459/965 
f 822/460/966 751/383/887 821/459/965 
f 750/380/886 751/383/887 822/460/966 
f 819/458/963 750/380/886 822/460/966 
f 760/388/896 757/387/893 823/462/967 
f 824/461/968 760/388/896 823/462/967 
f 759/389/895 760/388/896 824/461/968 
f 825/463/969 759/389/895 824/461/968 
f 758/390/894 759/389/895 825/463/969 
f 826/464/970 758/390/894 825/463/969 
f 757/387/893 758/390/894 826/464/970 
f 823/462/967 757/387/893 826/464/970 
f 770/398/906 767/397/903 827/466/971 
f 828/465/972 770/398/906 827/466/971 
f 769/399/905 770/398/906 828/465/972 
f 829/467/973 769/399/905 828/465/972 
f 768/400/904 769/399/905 829/467/973 
f 830/468/974 768/400/904 829/467/973 
f 767/397/903 768/400/904 830/468/974 
f 827/466/971 767/397/903 830/468/974 
f 774/402/910 771/401/907 831/470/975 
f 832/469/976 774/402/910 831/470/975 
f 773/403/909 774/402/910 832/469/976 
f 833/471/977 773/403/909 832/469/976 
f 772/404/908 773/403/909 833/471/977 
f 834/472/978 772/404/908 833/471/977 
f 771/401/907 772/404/908 834/472/978 
f 831/470/975 771/401/907 834/472/978 
f 634/686/690 629/678/682 175/679/683 
f 185/685/689 634/686/690 175/679/683 
f 635/687/691 631/681/685 629/678/682 
f 634/686/690 635/687/691 629/678/682 
f 835/873/979 633/683/687 631/681/685 
f 635/687/691 835/873/979 631/681/685 
f 462/875/981 463/874/980 633/683/687 
f 835/873/979 462/875/981 633/683/687 
f 628/677/681 619/661/665 160/662/666 
f 174/676/680 628/677/681 160/662/666 
f 632/682/686 620/664/668 621/665/669 
f 630/680/684 632/682/686 621/665/669 
f 630/680/684 621/665/669 619/661/665 
f 628/677/681 630/680/684 619/661/665 
f 464/876/982 1/507/507 495/508/508 
f 609/651/655 464/876/982 495/508/508 
f 465/877/983 464/876/982 609/651/655 
f 620/664/668 465/877/983 609/651/655 
f 463/874/980 466/878/984 632/682/686 
f 633/683/687 463/874/980 632/682/686 
f 466/878/984 465/877/983 620/664/668 
f 632/682/686 466/878/984 620/664/668 
f 702/807/811 697/796/800 295/797/801 
f 306/806/810 702/807/811 295/797/801 
f 703/808/812 699/800/804 697/796/800 
f 702/807/811 703/808/812 697/796/800 
f 303/805/809 302/802/806 700/803/807 
f 703/808/812 303/805/809 700/803/807 
f 703/808/812 700/803/807 699/800/804 
f 679/763/767 674/750/754 675/751/755 
f 678/762/766 679/763/767 675/751/755 
f 262/764/768 264/766/770 674/750/754 
f 679/763/767 262/764/768 674/750/754 
f 678/762/766 675/751/755 265/767/771 
f 261/765/769 678/762/766 265/767/771 
f 686/781/785 683/775/779 272/776/780 
f 280/784/788 686/781/785 272/776/780 
f 281/783/787 277/779/783 685/780/784 
f 687/782/786 281/783/787 685/780/784 
f 687/782/786 685/780/784 683/775/779 
f 686/781/785 687/782/786 683/775/779 
f 764/394/900 761/391/897 744/371/877 
f 745/374/879 764/394/900 744/371/877 
f 766/396/902 764/394/900 745/374/879 
f 746/871/881 766/396/902 745/374/879 
f 762/393/898 766/396/902 746/871/881 
f 743/372/876 762/393/898 746/871/881 
f 761/391/897 762/393/898 743/372/876 
f 744/371/877 761/391/897 743/372/876 
f 719/826/830 738/862/866 836/879/985 
f 721/829/833 719/826/830 836/879/985 
f 736/860/864 738/862/866 360/863/867 
f 468/880/986 736/860/864 360/863/867 
f 721/829/833 836/879/985 469/881/987 
f 327/828/832 721/829/833 469/881/987 
f 738/862/866 736/860/864 737/861/865 
f 836/879/985 738/862/866 737/861/865 
f 836/879/985 737/861/865 362/864/868 
f 469/881/987 836/879/985 362/864/868 
f 725/839/843 736/860/864 468/880/986 
f 336/838/842 725/839/843 468/880/986 
f 345/848/852 332/834/838 723/835/839 
f 729/847/851 345/848/852 723/835/839 
f 340/840/844 343/845/849 728/846/850 
f 720/827/831 340/840/844 728/846/850 
f 720/827/831 728/846/850 723/835/839 
f 719/826/830 720/827/831 723/835/839 
f 352/854/858 339/841/845 726/842/846 
f 732/853/857 352/854/858 726/842/846 
f 330/830/834 349/851/855 731/852/856 
f 717/824/828 330/830/834 731/852/856 
f 717/824/828 731/852/856 726/842/846 
f 720/827/831 717/824/828 726/842/846 
f 718/825/829 837/883/989 470/882/988 
f 471/884/990 718/825/829 470/882/988 
f 516/537/541 839/886/992 838/885/991 
f 615/657/661 516/537/541 838/885/991 
f 840/887/993 837/883/989 718/825/829 
f 580/620/624 840/887/993 718/825/829 
f 477/888/994 840/887/993 580/620/624 
f 476/889/995 477/888/994 580/620/624 
f 578/618/622 615/657/661 841/890/996 
f 842/891/997 578/618/622 841/890/996 
f 480/893/999 481/892/998 841/890/996 
f 615/657/661 480/893/999 841/890/996 
f 481/892/998 482/894/1000 842/891/997 
f 841/890/996 481/892/998 842/891/997 
f 580/620/624 518/542/546 37/539/543 
f 476/889/995 580/620/624 37/539/543 
f 842/891/997 482/894/1000 483/895/1001 
f 578/618/622 842/891/997 483/895/1001 
f 837/883/989 840/887/993 477/888/994 
f 470/882/988 837/883/989 477/888/994 
f 838/885/991 484/896/1002 480/893/999 
f 615/657/661 838/885/991 480/893/999 
f 839/886/992 485/897/1003 484/896/1002 
f 838/885/991 839/886/992 484/896/1002 
f 516/537/541 34/538/542 485/897/1003 
f 839/886/992 516/537/541 485/897/1003 
f 483/895/1001 40/540/544 517/541/545 
f 578/618/622 483/895/1001 517/541/545 
f 580/620/624 578/618/622 517/541/545 
f 518/542/546 580/620/624 517/541/545 
f 355/857/861 329/831/835 722/832/836 
f 734/856/860 355/857/861 722/832/836 
f 733/855/859 735/859/863 486/898/1004 
f 354/858/862 733/855/859 486/898/1004 
f 718/825/829 735/859/863 722/832/836 
f 717/824/828 718/825/829 722/832/836 
f 487/900/1006 843/899/1005 718/825/829 
f 471/884/990 487/900/1006 718/825/829 
f 843/899/1005 844/901/1007 735/859/863 
f 718/825/829 843/899/1005 735/859/863 
f 844/901/1007 490/902/1008 486/898/1004 
f 735/859/863 844/901/1007 486/898/1004 
f 845/905/1011 494/904/1010 491/903/1009 
f 846/906/1012 845/905/1011 491/903/1009 
f 845/905/1011 843/899/1005 487/900/1006 
f 494/904/1010 845/905/1011 487/900/1006 
f 846/906/1012 844/901/1007 843/899/1005 
f 845/905/1011 846/906/1012 843/899/1005 
f 491/903/1009 490/902/1008 844/901/1007 
f 846/906/1012 491/903/1009 844/901/1007 
f 635/687/691 182/684/688 462/875/981 
f 835/873/979 635/687/691 462/875/981 
f 71/71/71 72/72/72 75/75/75 
f 269/269/269 71/71/71 75/75/75 
f 269/771/775 535/575/579 536/576/580 
f 219/219/219 199/199/199 200/200/200 
f 218/218/218 219/219/219 200/200/200 
f 199/702/706 219/722/726 660/720/724 
f 644/701/705 199/702/706 660/720/724 
# 0 polygons - 1688 triangles

