# Blender 5.1.0
# www.blender.org
mtllib sonic.mtl
o Sonic:CHR_NML_SNC1
v 3.479067 -0.726254 2.636288
v 3.237874 -0.732896 2.877067
v 3.370975 -0.733924 2.932110
v 3.116113 -0.723843 2.503812
v 3.504117 -0.734983 2.987134
v 3.450475 -0.717740 2.294313
v 3.771316 -0.681832 2.907560
v 3.585934 -0.718633 2.343822
v 3.851837 -0.678285 2.775185
v 3.721392 -0.719526 2.393332
v 3.874179 -0.674339 2.621542
v 3.016020 -0.730967 2.775697
v 3.222283 -0.716275 2.210855
v 2.702915 -0.649139 2.364067
v 2.698938 -0.652266 2.488440
v 2.790193 -0.645837 2.238631
v 3.400230 0.700733 3.033601
v 3.394205 0.661730 3.049380
v 3.449386 0.703453 3.088320
v 3.444304 0.697333 3.155715
v 3.440127 0.655025 3.162863
v 3.425706 0.429647 3.193185
v 3.379512 0.420953 3.088828
v 3.453680 0.759285 3.147506
v 3.319182 0.437953 3.246044
v 3.337767 0.675060 3.204258
v 3.373703 0.306839 3.102799
v 3.341311 0.731066 3.195595
v 3.343810 0.782925 3.189716
v 3.310272 0.323539 3.268506
v 3.267666 0.430852 3.138131
v 3.263578 0.357556 3.147592
v 3.416595 0.224284 3.224180
v 3.368876 0.215717 3.114320
v 3.285744 0.718790 3.088166
v 3.275401 0.782542 3.079973
v 3.283151 0.670052 3.095837
v 3.260950 0.300267 3.154370
v 3.399258 -0.153616 3.286481
v 3.350162 -0.174313 3.167809
v 3.304450 0.232606 3.282664
v 3.227249 -0.152463 3.224507
v 3.282401 -0.131596 3.345866
v 3.286434 0.772095 2.948285
v 3.414878 0.702242 2.993495
v 3.429529 0.702676 2.953364
v 3.362648 0.788328 2.841043
v 3.659359 0.675033 3.082110
v 3.656179 0.723272 3.138114
v 3.518683 0.812165 3.136595
v 3.502324 0.706964 2.943347
v 3.689835 0.774783 3.095654
v 3.895475 0.691000 3.168716
v 3.495305 1.055887 3.260535
v 3.692245 0.725664 3.039347
v 3.584720 0.816544 2.955750
v 3.542857 0.765200 2.903291
v 3.584376 1.015972 3.135651
v 3.600554 0.853347 3.064955
v 3.331382 1.023409 3.227704
v 3.642863 1.065673 2.856439
v 3.485642 0.792331 2.801299
v 3.613597 1.017895 3.073703
v 3.676922 0.989603 3.320703
v 3.630952 1.163541 3.083567
v 3.737582 1.095823 3.252591
v 3.483612 1.165558 3.298217
v 3.326847 1.226481 3.245950
v 3.631176 1.019076 3.007486
v 3.496853 1.034384 2.774552
v 3.816195 0.983746 3.399971
v 3.636821 1.036955 3.403509
v 3.738704 0.929231 3.453829
v 3.502535 1.308505 3.308622
v 3.338505 1.355442 3.218446
v 3.822422 1.101450 3.020253
v 3.779849 1.202071 3.301374
v 3.884510 1.209012 3.014753
v 3.675543 1.316657 3.186527
v 3.728980 1.320201 3.040188
v 3.538750 1.413843 3.055961
v 3.656479 1.177023 2.824812
v 3.821552 0.999195 2.924625
v 3.843476 1.050661 2.837574
v 3.891593 0.805665 3.576232
v 3.854616 1.067406 3.425758
v 3.653728 1.185347 3.448498
v 3.763093 1.042714 3.520369
v 3.362705 1.413965 3.154250
v 3.919745 1.266344 2.917351
v 4.023904 1.078634 2.962153
v 3.514127 1.412151 3.174210
v 3.743170 1.254633 3.400911
v 3.501969 1.238095 2.766369
v 3.973636 0.943484 2.866782
v 3.883068 1.200557 2.820439
v 4.015225 1.059436 2.829890
v 3.819217 1.081503 3.487960
v 3.596103 1.417588 2.949713
v 3.979216 0.994557 2.953530
v 3.415056 1.434950 3.011304
v 3.675423 1.319971 2.835158
v 3.491159 1.365566 2.800394
v 4.153181 0.823014 2.859859
v 4.036672 1.095925 2.892447
v 3.467410 1.420909 2.867511
v 3.435692 0.664481 2.935766
v 3.541939 0.703808 2.888337
v 3.544008 0.661915 2.878380
v 3.556023 0.438289 2.836305
v 3.453617 0.425868 2.885889
v 3.488326 0.740816 2.792984
v 3.508466 0.450507 2.727680
v 3.492069 0.685293 2.781692
v 3.459951 0.312559 2.866601
v 3.376830 0.724831 2.838724
v 3.399674 0.439607 2.776619
v 3.517902 0.337309 2.699898
v 3.403785 0.366854 2.763630
v 3.572221 0.234605 2.797992
v 3.465101 0.222098 2.850802
v 3.380547 0.676512 2.829113
v 3.407033 0.309955 2.754313
v 3.604980 -0.139972 2.723099
v 3.491322 -0.164952 2.781234
v 3.523987 0.247165 2.681450
v 3.433492 -0.138785 2.659700
v 3.553509 -0.113616 2.603420
v 3.403373 -0.274276 3.023292
v 3.118319 -0.275744 3.064026
v 3.598924 -0.278175 3.202222
v 3.492256 -0.285199 3.492216
v 3.023534 -0.282224 3.331805
v 3.224369 -0.286147 3.513505
v 3.393572 -0.005653 3.048611
v 3.558795 -0.008759 3.222479
v 3.475926 -0.014257 3.449511
v 3.321083 0.037377 3.245253
v 3.229475 -0.016338 3.489612
v 3.075734 -0.013381 3.324311
v 3.154579 -0.008068 3.104795
v 2.563156 -0.661272 2.860286
v 2.486046 -0.663522 2.957975
v 2.991904 -0.732566 2.841740
v 2.893236 -0.738624 3.114172
v 2.785638 -0.745234 3.406631
v 2.471959 -0.666943 3.110133
v 3.226900 -0.733624 2.907119
v 3.013938 -0.746691 3.489792
v 3.256190 -0.741035 3.246648
v 3.364165 -0.734376 2.950759
v 3.501450 -0.735160 2.994439
v 3.149441 -0.747582 3.539183
v 3.653729 -0.689631 3.229577
v 3.284943 -0.748472 3.588573
v 3.630001 -0.692997 3.382695
v 3.548072 -0.695967 3.514603
v 3.154628 -0.255511 3.106127
v 3.202653 -0.475914 2.968955
v 3.536880 -0.257665 3.231851
v 3.644093 -0.481052 3.221783
v 3.539902 -0.487934 3.505916
v 3.453249 -0.265836 3.460830
v 3.035951 -0.485013 3.426991
v 3.082633 -0.262577 3.303891
v 2.807948 -0.485290 3.350360
v 2.848762 -0.378913 3.240525
v 2.937614 -0.373021 2.997200
v 2.969527 -0.474922 2.907861
v 2.799938 -0.462409 3.346542
v 3.049088 -0.463719 3.438432
v 2.779236 -0.699619 3.400583
v 3.028481 -0.701311 3.491285
v 3.359489 1.346162 3.191033
v 3.351119 1.376026 3.211664
v 3.314705 1.345296 3.208297
v 3.222420 1.338900 3.441837
v 3.262778 1.377382 3.457505
v 3.384628 1.344851 3.233819
v 3.241548 1.377772 3.515862
v 3.182318 1.336365 3.545019
v 3.307790 1.338097 3.472991
v 3.353432 1.306176 3.213612
v 3.225164 1.378750 3.561691
v 3.067844 1.327994 3.821792
v 3.266735 1.290389 3.456844
v 3.287959 1.336865 3.531818
v 3.121724 1.380548 3.842638
v 3.245602 1.286890 3.515141
v 3.272173 1.335753 3.577815
v 3.181708 1.327090 3.863416
v 3.228780 1.283604 3.560707
v 3.127050 1.262183 3.841885
v 3.141767 1.346091 3.766794
v 3.123230 1.160541 3.812640
v 3.266474 1.253517 3.867198
v 3.074727 1.157325 3.945467
v 3.217971 1.250300 4.000025
v 3.061490 1.338939 4.011872
v 3.257141 1.439366 3.868291
v 3.208639 1.436149 4.001119
v 3.062297 1.519147 3.949758
v 2.914299 1.416563 3.893198
v 2.930491 1.237117 3.894731
v 3.110832 1.522366 3.816841
v 2.962812 1.419780 3.760340
v 2.978994 1.240334 3.761904
v 2.760497 1.223427 4.234610
v 2.805900 1.150019 4.280760
v 2.826911 1.246168 4.132298
v 2.908045 1.166265 4.208445
v 2.846961 1.161140 4.332726
v 2.830907 1.245613 4.336048
v 2.917447 1.262147 4.184568
v 2.922292 1.256148 4.380448
v 2.937901 1.166764 4.364049
v 2.821974 1.409058 4.267750
v 3.073402 1.205127 4.275188
v 3.094839 1.267876 4.238101
v 2.933589 1.425344 4.320652
v 3.028194 1.186479 4.379887
v 3.027611 1.254139 4.391785
v 3.189797 1.290729 4.247301
v 3.130639 1.232394 4.357292
v 3.079407 1.402410 4.335833
v 3.142834 1.228165 4.285341
v 3.215154 1.342076 4.113214
v 3.180455 1.368193 3.951266
v 3.070570 1.425751 3.912434
v 2.816965 1.341340 4.116964
v 2.844912 1.319740 3.971281
v 2.960497 1.322500 3.869639
v 2.885256 1.239298 3.943726
v 2.795271 1.165757 4.045661
v 2.842738 1.166730 3.990521
v 2.788948 1.188964 4.114054
v 3.096387 1.273742 3.918180
v 3.375732 -0.243139 2.501223
v 3.422781 -0.459358 2.367635
v 3.760314 -0.245471 2.619914
v 3.859091 -0.466765 2.631801
v 3.676674 -0.248394 2.849017
v 3.755672 -0.473652 2.916217
v 3.255136 -0.472433 2.825229
v 3.303313 -0.245650 2.698943
v 3.440501 -0.271813 2.921615
v 3.705363 -0.271116 2.910731
v 3.248744 -0.267095 2.706850
v 3.810664 -0.264082 2.620239
v 3.348816 -0.260651 2.441001
v 3.619505 -0.259942 2.431403
v 3.445122 -0.002234 2.907439
v 3.683517 -0.000488 2.880922
v 3.515659 0.050282 2.712398
v 3.766444 0.005010 2.653911
v 3.603813 0.008488 2.464465
v 3.379720 0.006779 2.491828
v 3.298559 0.001481 2.710499
v 3.461851 -0.672570 2.304477
v 3.439866 -0.437802 2.368267
v 3.212780 -0.670866 2.213299
v 3.190108 -0.436533 2.278040
v 3.199050 -0.459352 2.279305
v 3.157866 -0.358414 2.394026
v 3.069015 -0.364306 2.637351
v 3.037472 -0.470416 2.721789
v 3.298683 1.665235 2.652781
v 3.367386 1.663063 2.625355
v 3.356464 1.761155 2.610812
v 3.423854 1.876693 2.549154
v 3.569390 1.680645 2.593879
v 3.419673 1.607526 2.643844
v 3.381399 1.878424 2.579824
v 3.444688 1.548283 2.673902
v 3.367667 2.035198 2.579516
v 3.599091 1.909324 2.536049
v 3.420105 2.033220 2.530530
v 3.365459 2.124355 2.526084
v 3.333056 2.093351 2.597682
v 3.513575 2.184180 2.544814
v 3.287814 2.155535 2.540644
v 3.259742 2.116826 2.616095
v 3.410660 2.314693 2.595788
v 3.151792 2.160217 2.596045
v 3.294884 2.193212 2.539593
v 3.180245 2.092324 2.661899
v 3.326474 2.369317 2.660619
v 3.073399 2.114883 2.641479
v 3.159555 2.201524 2.620926
v 3.177547 2.225522 2.657574
v 3.236474 2.392648 2.734893
v 3.127195 2.026637 2.699123
v 3.035669 2.138001 2.747495
v 3.056934 2.357402 2.902874
v 3.075898 2.175572 2.663526
v 3.036035 2.050987 2.672284
v 3.106637 1.999903 2.705885
v 2.947404 2.164998 2.858218
v 2.944020 2.131922 2.998481
v 3.085511 2.382636 3.148313
v 3.036163 2.102398 2.700009
v 2.993563 1.964513 2.710577
v 3.078194 1.862318 2.746380
v 2.901181 2.026107 2.995731
v 3.002784 2.032846 2.717485
v 2.913482 1.965092 2.840990
v 2.993252 2.213299 3.162278
v 3.106872 2.354753 3.262011
v 2.966439 1.811306 2.777878
v 3.057380 1.755425 2.796431
v 2.914369 2.094320 3.033548
v 2.890745 1.957694 2.992149
v 2.897217 2.041781 3.052445
v 3.007511 2.174153 3.326581
v 3.130356 2.296104 3.363415
v 2.952124 1.734091 2.849506
v 3.000834 1.719565 2.866941
v 2.920121 2.165241 3.090130
v 2.973652 1.991083 3.070071
v 2.904956 2.103711 3.102768
v 2.984604 2.017180 3.089618
v 3.053861 2.103689 3.379412
v 3.178273 2.161943 3.463057
v 2.998109 1.751494 2.958746
v 2.915735 1.807943 2.916734
v 2.956261 2.188041 3.177656
v 2.980126 1.855814 3.014946
v 3.000178 2.080382 3.155022
v 3.099940 2.011987 3.407318
v 3.242319 1.885663 3.513088
v 2.934944 2.145836 3.189895
v 3.003368 2.136670 3.319615
v 3.117244 1.856358 3.388823
v 3.260416 1.660153 3.440021
v 3.075675 2.076282 3.302533
v 3.091354 2.016873 3.336215
v 3.031096 2.101662 3.242254
v 3.126466 1.647085 3.285128
v 3.179230 1.591579 3.302310
v 3.218645 1.533291 3.292933
v 3.104500 1.860060 3.338127
v 3.107216 1.744625 3.293391
v 3.091551 1.651498 3.220024
v 3.321636 2.594803 2.416248
v 3.852753 2.473298 2.846287
v 4.373220 2.328722 2.783426
v 4.047652 2.375637 2.954420
v 4.447339 2.181698 2.965157
v 4.694723 2.112485 2.761336
v 4.002905 2.168092 3.041782
v 4.936868 1.749626 2.737931
v 4.432482 2.001822 2.950392
v 4.001716 1.901305 2.929661
v 4.461020 1.860553 2.752899
v 4.061599 1.876855 2.769104
v 3.900085 1.867802 2.567877
v 4.447541 1.982959 2.550658
v 3.490969 1.600478 3.679812
v 3.493672 1.840849 3.680862
v 3.383949 2.116536 3.680707
v 3.733433 1.679640 3.822055
v 3.836017 1.403687 3.857074
v 3.265232 2.282927 3.550236
v 2.942266 2.569643 3.455173
v 3.611290 2.069365 3.862116
v 3.899490 1.946612 4.051525
v 3.371284 2.451095 3.405680
v 3.279383 2.496827 3.188233
v 3.700736 2.333777 3.823970
v 3.931263 2.158327 4.053371
v 4.397991 1.713887 4.213676
v 3.249297 2.522814 2.977122
v 3.627339 2.458349 3.463596
v 3.620332 2.613478 3.394015
v 4.222208 2.081148 4.055345
v 3.987171 2.303119 3.840643
v 3.466909 2.621352 3.058970
v 3.408680 2.505402 2.834145
v 4.031708 2.481314 3.496819
v 3.847568 2.362368 3.502360
v 3.619729 2.467572 2.725298
v 3.634344 2.307407 2.539403
v 3.692591 2.692080 3.143092
v 3.800160 2.625404 2.901545
v 4.033802 2.665967 3.430063
v 4.407887 2.560559 3.488616
v 3.811767 2.144909 2.509103
v 4.142933 2.363104 2.612990
v 4.436022 2.638993 3.413275
v 4.627903 2.508644 3.480185
v 4.138788 2.672930 3.142552
v 4.087210 2.722773 3.287933
v 3.901091 1.627678 2.556671
v 4.183062 2.491352 3.082330
v 4.464252 2.564297 3.334260
v 4.103215 2.101990 2.514952
v 4.176909 1.709051 2.607570
v 4.282226 1.433280 2.635106
v 4.469728 2.194038 2.578755
v 3.166308 1.423241 2.920189
v 3.039756 1.480975 2.875376
v 3.135497 1.430532 3.012489
v 3.009274 1.499731 2.989860
v 3.108759 1.459934 3.121156
v 3.280653 1.450824 3.208015
v 3.374813 1.415308 2.996134
v 2.959442 1.571836 2.948997
v 3.202075 1.434948 2.830159
v 2.965212 1.590482 2.850808
v 3.089885 1.505077 2.769104
v 3.024329 1.576140 2.771300
v 3.098369 1.549188 3.240105
v 2.988035 1.546322 3.091624
v 2.976598 1.621907 2.825455
v 2.957102 1.620615 2.878847
v 3.251155 1.469377 2.731196
v 3.138455 1.556298 2.679689
v 3.438707 1.461306 2.775174
v 2.975519 1.620221 3.078136
v 3.043468 1.633672 3.226548
v 3.001550 1.641069 2.791391
v 2.966858 1.650060 2.852852
v 2.953947 1.637912 2.921754
v 3.318427 1.563782 2.637465
v 3.119043 1.629740 2.685087
v 3.266389 1.648457 2.616069
v 3.040873 1.633558 3.109057
v 3.021238 1.654589 2.872818
v 3.188734 1.643364 2.704130
v 3.017312 1.625925 3.008377
v 3.105990 1.631806 2.765528
v 4.163196 2.162854 3.743296
v 3.872849 2.159466 3.397949
v 4.145130 1.982764 3.737321
v 3.803888 1.888185 3.471425
v 4.041963 1.832761 3.900509
v 3.746661 1.855968 3.631579
v 4.144925 2.306614 3.298930
v 4.436522 2.442330 3.408695
v 3.865763 1.531218 3.016519
v 4.057356 1.495380 2.981396
v 4.245403 1.727837 2.932317
v 4.190585 1.794169 2.764266
v 4.278866 1.346371 2.916239
v 4.347112 1.489837 2.881532
v 4.369830 1.564716 2.756682
v 4.522983 1.126130 2.772320
v 3.761622 1.524312 3.301714
v 3.886094 1.484022 3.450406
v 3.994680 1.711209 3.618935
v 4.015868 1.328929 3.636472
v 3.843485 1.771150 3.714817
v 4.043473 1.469700 3.713064
v 4.113317 1.098961 3.894214
v 3.979270 1.538814 3.826252
v 3.694003 1.382716 2.254464
v 3.855491 1.292581 2.254141
v 3.712247 1.199605 2.199583
v 3.760750 1.202822 2.066755
v 3.903994 1.295797 2.121313
v 3.846159 1.478430 2.255234
v 3.790562 1.387291 2.015269
v 3.699828 1.561428 2.203844
v 3.551830 1.458844 2.147284
v 3.568012 1.279398 2.148847
v 3.894662 1.481646 2.122406
v 3.748363 1.564647 2.070927
v 3.616515 1.282615 2.016019
v 3.600344 1.462062 2.014426
v 3.705614 1.286108 1.646355
v 3.690160 1.303420 1.768244
v 3.771207 1.214039 1.637212
v 3.802501 1.225586 1.758927
v 3.792819 1.320202 1.787314
v 3.835908 1.226728 1.624442
v 3.824451 1.311505 1.615173
v 3.971350 1.264679 1.816108
v 3.962881 1.325445 1.860922
v 3.922776 1.322500 1.640568
v 3.925547 1.232265 1.659329
v 3.771081 1.472004 1.668567
v 4.041075 1.347186 1.916030
v 4.004497 1.251228 1.706228
v 3.890265 1.488792 1.700742
v 4.010659 1.319336 1.699655
v 4.030632 1.287044 1.854056
v 4.067580 1.294532 1.791427
v 4.011924 1.464255 1.782084
v 3.973308 1.392357 2.036968
v 3.842059 1.412071 2.139428
v 3.732109 1.469625 2.100774
v 3.671192 1.397992 1.777616
v 3.599076 1.369756 1.905963
v 3.621971 1.366369 2.058157
v 3.613439 1.287591 1.949558
v 3.757926 1.317615 2.106520
v 3.611416 1.219884 1.810604
v 3.650266 1.246087 1.755285
v 3.612191 1.217760 1.883332
v 3.489697 1.354798 2.834450
v 3.466579 1.355368 2.792383
v 3.496117 1.385643 2.814576
v 3.546510 1.360394 2.554299
v 3.586868 1.398875 2.569968
v 3.608210 1.402089 2.511740
v 3.582334 1.362895 2.449554
v 3.536502 1.354923 2.817905
v 3.625180 1.405279 2.466226
v 3.673170 1.368140 2.164073
v 3.631880 1.359591 2.585453
v 3.726985 1.420689 2.185098
v 3.500231 1.315912 2.811595
v 3.654620 1.361182 2.527697
v 3.672189 1.362282 2.482350
v 3.787077 1.367238 2.205578
v 3.590825 1.311883 2.569306
v 3.628796 1.310133 2.465242
v 3.732419 1.302331 2.184048
v 3.612263 1.311207 2.511019
v 3.201095 0.990394 3.095418
v 3.155596 1.161281 3.115268
v 3.191341 0.977939 2.918546
v 3.154227 1.288167 3.107739
v 3.150044 1.165713 2.908014
v 3.162263 1.292963 2.915557
v 3.287843 1.170052 2.753102
v 3.191441 1.343884 3.038732
v 3.279968 1.296506 2.763391
v 3.237494 1.381376 2.945169
v 3.263116 1.348638 2.842445
v 3.312523 0.997784 2.790268
v 3.332668 1.355711 3.213324
v 3.215219 1.361340 3.110502
v 3.327254 1.368770 2.803688
v 3.483392 1.365707 2.800557
v 2.549773 -0.480973 3.156992
v 2.651444 -0.475771 2.878161
v 3.073723 1.226207 4.006134
v 2.937731 1.214081 4.033931
v 3.156747 1.270750 4.154406
v 2.914859 1.125794 4.070044
v 2.927761 1.145636 4.114935
v 2.915042 1.224804 4.139550
v 2.876985 -0.459272 2.260902
v 2.775082 -0.467571 2.539573
v 2.817139 1.607013 2.797138
v 2.841854 1.650160 2.754578
v 2.807958 1.647912 2.847406
v 2.776260 1.660653 2.783510
v 2.831131 1.689172 2.804237
v 3.743769 1.428175 2.735790
v 3.598438 1.422952 3.077977
v 3.991939 1.352865 2.733066
v 4.230924 1.255705 2.745415
v 3.489120 1.411287 3.433158
v 3.825315 1.506600 3.162848
v 4.038327 1.718942 3.245773
v 4.285466 1.978357 3.105482
v 3.678346 1.332067 3.591858
v 4.307381 1.787224 3.345673
v 4.501814 2.023859 3.263402
v 4.132942 1.968241 3.523178
v 3.870596 1.231808 3.732195
v 4.674208 1.728264 3.478195
v 4.399409 2.017067 3.543845
v 4.252760 2.170586 3.133382
v 4.395846 2.165589 3.387140
v 4.122899 2.161973 3.489014
v 4.529768 2.005793 3.432173
v 3.797980 1.274240 2.022715
v 3.956279 1.323775 1.964842
v 3.712063 1.265435 1.913379
v 3.719206 1.179139 1.867295
v 3.762568 1.281013 1.818554
v 3.757677 1.200676 1.842165
v 3.189365 1.997695 2.616605
v 3.259742 2.116826 2.616095
v 3.180245 2.092324 2.661899
v 3.333056 2.093351 2.597682
v 3.127195 2.026637 2.699123
v 3.367667 2.035198 2.579516
v 3.106637 1.999903 2.705885
v 3.381399 1.878424 2.579824
v 3.078194 1.862318 2.746380
v 3.193765 1.868362 2.622150
v 3.204002 1.769716 2.638652
v 3.356464 1.761155 2.610812
v 3.057380 1.755425 2.796431
v 3.298683 1.665235 2.652781
v 3.105990 1.631806 2.765528
v 3.021238 1.654589 2.872818
v 3.000834 1.719565 2.866941
v 3.188735 1.643333 2.704129
v 2.998109 1.751494 2.958746
v 3.017312 1.625925 3.008377
v 3.008407 1.756744 3.174299
v 2.988411 1.854743 3.184523
v 2.980126 1.855814 3.014946
v 3.040873 1.633526 3.109057
v 2.979457 1.983773 3.191449
v 2.973652 1.991083 3.070071
v 3.091551 1.651498 3.220024
v 3.104500 1.860060 3.338127
v 3.107216 1.744625 3.293391
v 2.984604 2.017180 3.089618
v 3.091354 2.016873 3.336215
v 3.000178 2.080382 3.155022
v 3.075675 2.076282 3.302533
v 3.031096 2.101662 3.242254
vn 0.0577 -0.9983 -0.0047
vn 0.0026 -0.9997 -0.0250
vn -0.0487 -0.9979 -0.0438
vn 0.0025 -0.9997 -0.0251
vn 0.0024 -0.9997 -0.0250
vn 0.0937 -0.9951 -0.0314
vn 0.0938 -0.9951 -0.0314
vn 0.1484 -0.9889 0.0020
vn 0.0026 -0.9997 -0.0251
vn 0.0024 -0.9997 -0.0248
vn 0.1212 -0.9925 0.0176
vn 0.0683 -0.9968 0.0405
vn 0.1212 -0.9925 0.0175
vn 0.1319 -0.9900 0.0497
vn 0.1319 -0.9900 0.0498
vn 0.0028 -0.9997 -0.0252
vn -0.1210 -0.9916 -0.0462
vn 0.0024 -0.9997 -0.0251
vn -0.1060 -0.9909 -0.0829
vn -0.1211 -0.9916 -0.0462
vn -0.0488 -0.9979 -0.0438
vn -0.1711 -0.9817 -0.0840
vn -0.2139 -0.9764 -0.0314
vn -0.0488 -0.9978 -0.0438
vn -0.1061 -0.9909 -0.0829
vn -0.1710 -0.9817 -0.0840
vn -0.1061 -0.9909 -0.0830
vn -0.1682 -0.9754 -0.1427
vn -0.2420 -0.7910 -0.5619
vn 0.4992 -0.3620 -0.7873
vn 0.4413 -0.8542 0.2749
vn 0.4992 -0.3619 -0.7873
vn 0.8236 -0.1764 0.5391
vn 0.8429 0.0199 0.5377
vn 0.8236 -0.1763 0.5390
vn 0.4991 -0.3620 -0.7873
vn 0.9772 -0.0164 0.2119
vn 0.8429 0.0198 0.5377
vn 0.1706 -0.1563 -0.9729
vn 0.9772 -0.0163 0.2118
vn 0.4412 -0.8542 0.2749
vn 0.5703 -0.2540 0.7812
vn -0.3343 0.1784 0.9254
vn 0.8429 0.0198 0.5376
vn -0.3421 0.1751 0.9232
vn 0.8236 -0.1764 0.5390
vn 0.2217 -0.1323 -0.9661
vn 0.9772 -0.0164 0.2118
vn 0.5703 -0.2539 0.7812
vn -0.3449 0.1370 0.9286
vn -0.4780 -0.1560 0.8644
vn -0.3448 0.1370 0.9286
vn -0.3343 0.1785 0.9254
vn -0.3343 0.1736 0.9263
vn -0.3342 0.1785 0.9254
vn -0.9388 0.0159 -0.3442
vn -0.3420 0.1752 0.9232
vn -0.3342 0.1784 0.9255
vn -0.3342 0.1736 0.9264
vn -0.9842 0.0436 -0.1716
vn -0.3342 0.1785 0.9255
vn -0.9388 0.0160 -0.3442
vn 0.2217 -0.1324 -0.9661
vn 0.9432 0.0086 0.3321
vn 0.3581 -0.1442 -0.9225
vn 0.9432 0.0087 0.3321
vn 0.9432 0.0086 0.3320
vn -0.3343 0.1737 0.9263
vn -0.4779 -0.1561 0.8644
vn -0.3448 0.1369 0.9286
vn -0.9494 -0.1071 -0.2953
vn -0.4780 -0.1561 0.8644
vn -0.8981 -0.4377 0.0418
vn -0.3420 0.1751 0.9232
vn -0.9400 -0.0008 -0.3412
vn -0.9400 -0.0009 -0.3412
vn -0.9842 0.0436 -0.1715
vn -0.3342 0.1737 0.9264
vn -0.9295 0.0096 -0.3687
vn -0.9388 0.0159 -0.3441
vn -0.9842 0.0435 -0.1716
vn -0.9296 0.0096 -0.3685
vn 0.2218 -0.1324 -0.9661
vn 0.9411 0.0156 0.3377
vn 0.3581 -0.1443 -0.9225
vn 0.3604 -0.1437 -0.9217
vn 0.9411 0.0155 0.3377
vn -0.8981 -0.4378 0.0418
vn -0.9494 -0.1070 -0.2952
vn -0.2419 -0.7911 -0.5619
vn -0.9400 -0.0008 -0.3411
vn -0.9494 -0.1071 -0.2952
vn -0.9400 -0.0007 -0.3411
vn -0.3311 0.1771 0.9268
vn -0.9295 0.0096 -0.3686
vn 0.9432 0.0087 0.3320
vn -0.3312 0.1770 0.9268
vn 0.9412 0.0155 0.3376
vn -0.3312 0.1771 0.9268
vn 0.3605 -0.1437 -0.9216
vn 0.3582 -0.1442 -0.9224
vn -0.9337 0.0137 -0.3577
vn -0.9296 0.0097 -0.3686
vn -0.9337 0.0138 -0.3578
vn 0.3582 -0.1443 -0.9224
vn -0.3247 0.1807 0.9284
vn -0.3311 0.1770 0.9268
vn -0.3311 0.1770 0.9269
vn -0.3246 0.1807 0.9284
vn -0.9337 0.0137 -0.3578
vn -0.2419 -0.7910 -0.5619
vn -0.6028 -0.7614 -0.2385
vn -0.2372 -0.7936 -0.5603
vn -0.1533 -0.9850 -0.0798
vn -0.6028 -0.7614 -0.2386
vn -0.1532 -0.9850 -0.0798
vn -0.5346 -0.8104 0.2395
vn -0.5347 -0.8104 0.2395
vn -0.6532 -0.4215 -0.6291
vn 0.0410 -0.9991 -0.0092
vn 0.4412 -0.8543 0.2749
vn -0.0448 -0.1745 0.9836
vn 0.4412 -0.8543 0.2750
vn 0.4901 -0.1059 0.8652
vn 0.4412 -0.8542 0.2750
vn 0.5704 -0.2540 0.7811
vn 0.4900 -0.1059 0.8652
vn 0.5279 -0.8485 0.0377
vn 0.5590 0.7985 0.2234
vn -0.0448 -0.1744 0.9836
vn 0.9108 -0.2529 0.3264
vn 0.0411 -0.9991 -0.0093
vn 0.5591 0.7984 0.2235
vn 0.9108 -0.2529 0.3263
vn -0.0466 -0.5650 0.8237
vn 0.4901 -0.1060 0.8652
vn -0.0465 -0.5650 0.8238
vn 0.6020 -0.1316 -0.7876
vn 0.5278 -0.8485 0.0376
vn 0.9337 -0.0766 -0.3497
vn 0.9337 -0.0765 -0.3498
vn 0.9433 -0.2292 -0.2401
vn 0.5590 0.7985 0.2235
vn 0.9337 -0.0765 -0.3497
vn 0.6020 -0.1315 -0.7876
vn 0.9107 -0.2530 0.3265
vn 0.6019 -0.1316 -0.7876
vn 0.9107 -0.2530 0.3264
vn -0.0466 -0.5650 0.8238
vn 0.8220 -0.5228 0.2257
vn 0.4900 -0.1060 0.8652
vn 0.9294 0.1373 0.3426
vn 0.9294 0.1373 0.3427
vn 0.9293 0.1373 0.3427
vn 0.9337 -0.0766 -0.3498
vn -0.4421 -0.1866 0.8774
vn 0.9433 -0.2304 -0.2391
vn 0.5037 -0.5286 -0.6833
vn 0.9433 -0.2292 -0.2402
vn 0.5038 -0.5285 -0.6833
vn 0.1936 -0.1115 -0.9747
vn 0.9342 -0.1131 0.3384
vn -0.0521 -0.9654 -0.2557
vn 0.8220 -0.5228 0.2258
vn 0.9341 -0.1136 0.3384
vn 0.7233 -0.3561 -0.5916
vn 0.9341 -0.1137 0.3383
vn -0.4421 -0.1866 0.8773
vn -0.4857 -0.1510 0.8610
vn -0.4839 0.0490 0.8738
vn 0.7822 -0.5255 0.3347
vn 0.7822 -0.5254 0.3347
vn 0.9341 -0.1136 0.3383
vn 0.7823 -0.5254 0.3347
vn 0.1937 -0.1115 -0.9747
vn 0.2299 -0.1420 -0.9628
vn 0.4883 -0.5676 -0.6629
vn -0.0521 -0.9653 -0.2557
vn -0.6903 -0.4388 0.5753
vn -0.5600 -0.8263 0.0605
vn 0.4883 -0.5676 -0.6628
vn -0.0520 -0.9654 -0.2557
vn -0.6904 -0.4388 0.5752
vn -0.5601 -0.8262 0.0604
vn -0.0466 -0.5651 0.8237
vn -0.4858 -0.1510 0.8609
vn -0.6904 -0.4387 0.5752
vn -0.2832 0.5111 0.8115
vn -0.4839 0.0491 0.8738
vn -0.4072 0.5181 0.7522
vn -0.2833 0.5111 0.8115
vn 0.1777 -0.3923 0.9025
vn 0.7822 -0.5255 0.3346
vn 0.9341 -0.1137 0.3384
vn 0.7233 -0.3560 -0.5916
vn 0.8917 0.2552 -0.3739
vn 0.4372 0.2251 0.8707
vn 0.1777 -0.3922 0.9025
vn 0.8916 0.2553 -0.3739
vn 0.7511 0.6154 -0.2390
vn 0.9342 -0.1136 0.3383
vn 0.4109 0.5929 0.6926
vn 0.4372 0.2251 0.8708
vn 0.7510 0.6155 -0.2390
vn 0.4571 0.8693 0.1880
vn 0.4572 0.8693 0.1880
vn 0.5037 -0.5285 -0.6833
vn 0.1854 -0.1065 -0.9769
vn 0.5038 -0.5286 -0.6832
vn -0.1749 -0.9772 0.1205
vn -0.1373 -0.4191 -0.8975
vn 0.1853 -0.1065 -0.9769
vn -0.1750 -0.9772 0.1206
vn -0.1372 -0.4191 -0.8975
vn 0.7823 -0.5254 0.3346
vn 0.1778 -0.3923 0.9025
vn -0.5600 -0.8263 0.0604
vn 0.8289 -0.2951 0.4752
vn 0.9671 0.1809 -0.1787
vn 0.8289 -0.2951 0.4751
vn 0.7234 -0.3560 -0.5916
vn -0.4592 0.2036 0.8647
vn -0.3062 0.1383 0.9419
vn -0.4592 0.2035 0.8647
vn -0.3062 0.1382 0.9419
vn 0.8289 -0.2952 0.4751
vn -0.4858 -0.1510 0.8610
vn -0.4071 0.5181 0.7522
vn -0.2049 0.8909 0.4053
vn -0.2832 0.5112 0.8115
vn 0.4109 0.5929 0.6925
vn 0.6539 0.7524 -0.0790
vn 0.6217 0.1580 0.7671
vn 0.6218 0.1580 0.7671
vn 0.7510 0.6155 -0.2391
vn 0.1817 0.9408 0.2863
vn 0.7511 0.6155 -0.2390
vn 0.8917 0.2553 -0.3739
vn 0.4375 0.7381 0.5137
vn 0.4376 0.7380 0.5136
vn 0.1817 0.9407 0.2864
vn 0.4376 0.7380 0.5137
vn 0.8917 0.2552 -0.3738
vn 0.1919 0.0938 -0.9769
vn -0.1749 -0.9772 0.1206
vn -0.3733 -0.8237 -0.4268
vn 0.2025 0.2474 -0.9475
vn -0.3733 -0.8237 -0.4267
vn 0.3617 0.1662 -0.9173
vn 0.3617 0.1662 -0.9174
vn 0.5627 0.4701 0.6800
vn 0.5627 0.4701 0.6799
vn 0.9671 0.1809 -0.1788
vn 0.4108 0.5929 0.6926
vn 0.3087 0.9492 -0.0615
vn 0.6540 0.7524 -0.0789
vn 0.1778 -0.3922 0.9025
vn -0.0526 -0.6067 0.7932
vn -0.0527 -0.6068 0.7931
vn -0.0526 -0.6068 0.7931
vn -0.2048 0.8910 0.4053
vn -0.1000 0.9949 -0.0124
vn 0.1816 0.9408 0.2863
vn 0.3086 0.9492 -0.0615
vn 0.4571 0.8693 0.1879
vn 0.1919 0.0939 -0.9769
vn 0.2981 0.5497 -0.7804
vn 0.2980 0.5496 -0.7804
vn 0.1650 0.5560 -0.8146
vn 0.1853 -0.1064 -0.9769
vn 0.2025 0.2475 -0.9475
vn 0.6539 0.7524 -0.0789
vn 0.9274 -0.3424 0.1508
vn -0.0526 -0.6068 0.7932
vn 0.6540 0.7524 -0.0790
vn 0.8610 0.4899 -0.1368
vn 0.9273 -0.3425 0.1508
vn 0.3618 0.1662 -0.9173
vn -0.3733 -0.8238 -0.4267
vn 0.9273 -0.3426 0.1508
vn -0.3732 -0.8238 -0.4268
vn 0.9274 -0.3425 0.1508
vn 0.8610 0.4899 -0.1369
vn 0.3617 0.1661 -0.9174
vn 0.0904 0.9105 -0.4034
vn 0.0905 0.9105 -0.4035
vn 0.1650 0.5561 -0.8146
vn -0.5346 -0.8105 0.2395
vn 0.5279 -0.8485 0.0378
vn -0.1196 -0.4030 0.9073
vn 0.9798 -0.1660 0.1111
vn -0.1197 -0.4030 0.9074
vn 0.5278 -0.8485 0.0377
vn 0.9433 -0.2293 -0.2402
vn 0.9798 -0.1660 0.1112
vn -0.1197 -0.4030 0.9073
vn 0.9907 0.0296 0.1331
vn 0.8841 -0.0225 0.4668
vn 0.8840 -0.0225 0.4669
vn -0.4936 -0.2004 0.8463
vn 0.3322 0.1819 -0.9255
vn 0.9798 -0.1661 0.1112
vn 0.3322 0.1818 -0.9255
vn 0.9907 0.0297 0.1331
vn 0.3376 0.2229 -0.9145
vn 0.3302 0.2197 -0.9180
vn 0.3376 0.2230 -0.9145
vn 0.3302 0.2196 -0.9180
vn -0.4937 -0.2003 0.8463
vn 0.8840 -0.0226 0.4668
vn -0.4506 -0.1770 0.8750
vn 0.1936 -0.1116 -0.9747
vn -0.9147 -0.1047 -0.3904
vn 0.3323 0.1818 -0.9255
vn -0.9146 -0.1047 -0.3905
vn 0.3377 0.2230 -0.9145
vn 0.3303 0.2197 -0.9179
vn -0.9399 0.0158 -0.3411
vn 0.3376 0.2231 -0.9145
vn 0.3382 0.2182 -0.9154
vn -0.9399 0.0159 -0.3411
vn -0.8639 0.0516 -0.5010
vn 0.3383 0.2182 -0.9154
vn -0.4506 -0.1769 0.8750
vn 0.9351 0.0082 0.3542
vn 0.9351 0.0081 0.3542
vn -0.3180 -0.1891 0.9291
vn 0.8840 -0.0226 0.4669
vn 0.3382 0.2183 -0.9154
vn 0.9351 0.0081 0.3543
vn 0.3323 0.1819 -0.9255
vn -0.9146 -0.1048 -0.3905
vn -0.9387 -0.0007 -0.3448
vn -0.9387 -0.0008 -0.3449
vn 0.3303 0.2196 -0.9180
vn -0.9387 -0.0007 -0.3449
vn -0.6532 -0.4215 -0.6290
vn -0.9146 -0.1048 -0.3906
vn -0.9485 0.0083 -0.3167
vn -0.8639 0.0515 -0.5010
vn -0.9399 0.0159 -0.3412
vn -0.4505 -0.1770 0.8750
vn -0.4505 -0.1769 0.8750
vn -0.9485 0.0084 -0.3168
vn -0.3180 -0.1891 0.9290
vn 0.9371 0.0152 0.3489
vn -0.3180 -0.1890 0.9291
vn 0.9370 0.0153 0.3489
vn -0.3157 -0.1885 0.9299
vn -0.9386 -0.0007 -0.3449
vn -0.1196 -0.4030 0.9074
vn -0.9386 -0.0007 -0.3450
vn -0.9386 -0.0008 -0.3450
vn -0.4937 -0.2004 0.8463
vn -0.4936 -0.2003 0.8463
vn -0.4505 -0.1769 0.8751
vn -0.9399 0.0158 -0.3412
vn 0.3410 0.2215 -0.9136
vn 0.3409 0.2216 -0.9136
vn 0.9351 0.0082 0.3543
vn 0.3409 0.2217 -0.9136
vn 0.9370 0.0152 0.3489
vn -0.3157 -0.1885 0.9300
vn -0.9447 0.0130 -0.3276
vn -0.3179 -0.1891 0.9291
vn -0.9485 0.0083 -0.3168
vn -0.9448 0.0130 -0.3275
vn -0.9447 0.0131 -0.3276
vn 0.9370 0.0152 0.3490
vn 0.3468 0.2253 -0.9105
vn 0.3469 0.2253 -0.9105
vn 0.3410 0.2217 -0.9136
vn 0.2670 -0.4095 -0.8724
vn -0.3492 -0.6916 -0.6322
vn 0.8857 -0.4143 -0.2095
vn -0.3493 -0.6916 -0.6322
vn 0.3209 -0.7218 0.6133
vn -0.8985 -0.3922 0.1974
vn 0.3208 -0.7218 0.6133
vn -0.8984 -0.3922 0.1974
vn -0.2950 -0.4194 0.8585
vn 0.3207 -0.7218 0.6133
vn 0.2450 0.5325 -0.8102
vn 0.6680 0.7330 -0.1281
vn 0.8857 -0.4143 -0.2096
vn 0.5915 0.6146 0.5219
vn 0.6680 0.7330 -0.1282
vn 0.8857 -0.4144 -0.2095
vn 0.2451 0.5324 -0.8102
vn -0.0058 1.0000 0.0066
vn 0.6681 0.7330 -0.1281
vn -0.0058 1.0000 0.0067
vn -0.2738 0.5226 0.8074
vn 0.5916 0.6146 0.5218
vn 0.3208 -0.7218 0.6132
vn -0.2951 -0.4194 0.8585
vn 0.5916 0.6146 0.5219
vn -0.2737 0.5226 0.8074
vn -0.2737 0.5227 0.8074
vn -0.6562 0.7405 0.1453
vn -0.0059 1.0000 0.0066
vn -0.6562 0.7405 0.1452
vn -0.6054 0.6301 -0.4863
vn -0.6053 0.6301 -0.4863
vn -0.6561 0.7405 0.1453
vn 0.2451 0.5325 -0.8102
vn -0.6053 0.6302 -0.4862
vn -0.6053 0.6302 -0.4863
vn -0.8984 -0.3923 0.1974
vn -0.1686 -0.9733 -0.1555
vn -0.1696 -0.9816 -0.0880
vn -0.1069 -0.9906 -0.0851
vn -0.1696 -0.9816 -0.0879
vn -0.0499 -0.9979 -0.0406
vn -0.1069 -0.9906 -0.0850
vn -0.1191 -0.9918 -0.0473
vn -0.2053 -0.9778 -0.0410
vn -0.1068 -0.9906 -0.0850
vn 0.0015 -0.9998 -0.0217
vn -0.1190 -0.9918 -0.0473
vn 0.0013 -0.9998 -0.0220
vn 0.0014 -0.9998 -0.0219
vn 0.0567 -0.9984 -0.0019
vn 0.0015 -0.9998 -0.0220
vn 0.0670 -0.9969 0.0418
vn 0.0566 -0.9984 -0.0019
vn 0.0671 -0.9969 0.0419
vn 0.1302 -0.9901 0.0518
vn 0.0938 -0.9951 -0.0296
vn 0.1195 -0.9926 0.0222
vn 0.0939 -0.9951 -0.0295
vn 0.1484 -0.9889 0.0046
vn 0.1483 -0.9889 0.0047
vn -0.0033 0.7667 -0.6420
vn 0.2767 0.3674 -0.8880
vn 0.7451 0.5129 -0.4264
vn 0.2767 0.3673 -0.8880
vn 0.5567 0.2533 -0.7911
vn 0.7450 0.5129 -0.4264
vn 0.2947 0.2491 -0.9226
vn 0.2778 0.2488 -0.9279
vn 0.9681 0.2272 -0.1059
vn 0.9681 0.2273 -0.1059
vn 0.7184 0.2499 0.6492
vn 0.7450 0.5129 -0.4265
vn 0.7184 0.2500 0.6492
vn 0.1069 0.4358 0.8937
vn 0.9770 0.0373 -0.2099
vn 0.9680 0.2273 -0.1059
vn -0.0606 0.2209 0.9734
vn 0.1069 0.4359 0.8936
vn 0.9323 0.1033 0.3467
vn 0.5955 0.0568 0.8013
vn -0.0607 0.2209 0.9734
vn 0.5956 0.0568 0.8013
vn 0.9323 0.1033 0.3466
vn -0.3254 0.4109 0.8516
vn -0.3254 0.4110 0.8516
vn -0.4513 0.7188 0.5288
vn -0.3305 0.2465 0.9111
vn -0.3255 0.2417 0.9141
vn -0.3255 0.2416 0.9141
vn -0.5333 0.1869 0.8250
vn -0.4013 0.5073 0.7626
vn -0.4012 0.5074 0.7626
vn -0.3927 0.8390 0.3765
vn -0.1405 0.8632 -0.4849
vn -0.4514 0.7188 0.5288
vn -0.1406 0.8632 -0.4849
vn 0.1405 0.4559 -0.8789
vn -0.0033 0.7667 -0.6419
vn 0.1405 0.4558 -0.8789
vn 0.1440 0.2201 -0.9648
vn -0.3351 0.2370 0.9119
vn -0.3331 0.2347 0.9132
vn -0.3331 0.2346 0.9132
vn -0.3312 0.2322 0.9145
vn 0.3300 0.0597 -0.9421
vn 0.1414 0.8847 -0.4443
vn -0.6632 0.0353 -0.7476
vn 0.1414 0.8847 -0.4442
vn -0.9297 0.0394 -0.3662
vn -0.6632 0.0354 -0.7476
vn -0.0159 0.9998 -0.0099
vn 0.1414 0.8846 -0.4443
vn 0.9832 0.0743 -0.1668
vn -0.0160 0.9998 -0.0099
vn 0.1413 0.8847 -0.4443
vn 0.3299 0.0597 -0.9421
vn -0.9297 0.0393 -0.3662
vn -0.0159 0.9998 -0.0100
vn -0.1764 0.9818 -0.0706
vn -0.9266 0.0386 -0.3742
vn 0.9479 0.0702 0.3107
vn -0.0160 0.9998 -0.0100
vn 0.9832 0.0743 -0.1669
vn 0.1944 -0.8272 -0.5272
vn 0.9479 0.0703 0.3106
vn 0.9832 0.0744 -0.1668
vn 0.1944 -0.8272 -0.5273
vn 0.9479 0.0701 0.3107
vn -0.0144 0.9998 -0.0159
vn -0.0144 0.9998 -0.0158
vn -0.9244 0.0383 -0.3795
vn 0.0306 -0.9983 -0.0498
vn 0.9479 0.0702 0.3106
vn 0.1945 -0.8271 -0.5273
vn -0.6633 0.0354 -0.7475
vn 0.0307 -0.9983 -0.0498
vn 0.1945 -0.8271 -0.5272
vn 0.3301 0.0597 -0.9421
vn -0.6633 0.0353 -0.7475
vn 0.9470 0.0678 0.3140
vn 0.9470 0.0678 0.3139
vn -0.9244 0.0383 -0.3794
vn -0.0139 0.9998 -0.0133
vn -0.1692 -0.9783 -0.1196
vn -0.1692 -0.9783 -0.1195
vn 0.9470 0.0679 0.3139
vn -0.0145 0.9998 -0.0159
vn 0.9489 0.0670 0.3085
vn -0.0141 0.9998 -0.0133
vn 0.9488 0.0670 0.3086
vn 0.9488 0.0671 0.3086
vn -0.9266 0.0387 -0.3741
vn -0.0140 0.9998 -0.0133
vn 0.9500 0.0670 0.3049
vn 0.0321 -0.9976 -0.0606
vn -0.9266 0.0387 -0.3742
vn -0.9244 0.0385 -0.3794
vn 0.0321 -0.9977 -0.0605
vn 0.0320 -0.9976 -0.0606
vn 0.9500 0.0671 0.3049
vn 0.9488 0.0671 0.3085
vn 0.0320 -0.9977 -0.0606
vn -0.9244 0.0384 -0.3794
vn 0.0353 -0.9973 -0.0649
vn 0.0353 -0.9973 -0.0650
vn 0.3489 0.0235 -0.9369
vn 0.0847 -0.8425 -0.5320
vn 0.8235 -0.5078 -0.2530
vn -0.0103 -0.8666 0.4990
vn 0.8235 -0.5078 -0.2531
vn 0.6127 -0.2949 0.7332
vn 0.8235 -0.5077 -0.2531
vn -0.0102 -0.8666 0.4989
vn -0.3271 -0.0233 0.9447
vn 0.6127 -0.2950 0.7332
vn 0.8234 -0.5079 -0.2531
vn 0.6126 -0.2950 0.7332
vn 0.8620 0.4924 -0.1206
vn 0.8234 -0.5078 -0.2530
vn 0.8620 0.4924 -0.1205
vn 0.3488 0.0235 -0.9369
vn -0.3271 -0.0232 0.9447
vn 0.4277 0.4093 0.8059
vn -0.1811 0.9008 0.3947
vn -0.8735 0.3300 0.3578
vn -0.8487 -0.5153 0.1189
vn -0.8488 -0.5152 0.1189
vn 0.4277 0.4093 0.8060
vn 0.8619 0.4925 -0.1205
vn 0.4277 0.4092 0.8060
vn -0.1811 0.9007 0.3948
vn 0.1833 0.7855 -0.5911
vn -0.6167 0.4072 -0.6737
vn -0.3808 -0.4132 -0.8272
vn 0.3488 0.0234 -0.9369
vn -0.3807 -0.4133 -0.8272
vn -0.8736 0.3299 0.3578
vn -0.6166 0.4072 -0.6737
vn -0.8487 -0.5153 0.1190
vn -0.3807 -0.4132 -0.8272
vn -0.6166 0.4072 -0.6738
vn 0.1834 0.7855 -0.5911
vn -0.1810 0.9008 0.3948
vn -0.8735 0.3301 0.3579
vn -0.8488 -0.5152 0.1190
vn -0.0102 -0.8666 0.4990
vn 0.0848 -0.8425 -0.5320
vn -0.3807 -0.4132 -0.8273
vn -0.9932 -0.1151 -0.0172
vn -0.6227 -0.7800 0.0619
vn -0.5862 -0.8102 0.0008
vn -0.6228 -0.7799 0.0619
vn 0.2369 -0.8595 -0.4528
vn -0.3279 -0.6653 0.6707
vn 0.2369 -0.8596 -0.4528
vn -0.6228 -0.7799 0.0618
vn -0.6479 0.0729 0.7582
vn -0.3279 -0.6654 0.6706
vn -0.9932 -0.1152 -0.0173
vn 0.2369 -0.8596 -0.4527
vn 0.2674 -0.8702 -0.4137
vn -0.3280 -0.6654 0.6706
vn -0.6478 0.0729 0.7583
vn -0.2614 -0.0086 0.9652
vn -0.3280 -0.6653 0.6706
vn 0.0272 -0.8847 0.4654
vn -0.2613 -0.0087 0.9652
vn -0.7207 0.6570 0.2214
vn 0.3185 -0.7858 -0.5301
vn 0.2674 -0.8702 -0.4138
vn 0.3185 -0.7858 -0.5302
vn 0.1778 -0.9661 -0.1869
vn -0.2613 -0.0086 0.9652
vn -0.2005 0.6705 0.7143
vn 0.2239 -0.7353 0.6397
vn 0.0821 0.1233 0.9890
vn 0.0821 0.1232 0.9890
vn 0.2238 -0.7353 0.6397
vn 0.0272 -0.8846 0.4655
vn 0.3184 -0.7858 -0.5302
vn -0.6479 0.0729 0.7583
vn -0.7207 0.6569 0.2213
vn 0.1779 -0.9661 -0.1869
vn 0.8318 -0.5485 -0.0846
vn 0.6732 -0.2676 0.6894
vn 0.0820 0.1233 0.9890
vn -0.2004 0.6705 0.7143
vn 0.5010 0.7107 0.4938
vn 0.6732 -0.2677 0.6894
vn 0.5292 -0.8405 -0.1164
vn 0.8319 -0.5485 -0.0847
vn 0.6732 -0.2676 0.6893
vn 0.5293 -0.8404 -0.1164
vn 0.8319 -0.5485 -0.0846
vn 0.8319 -0.5484 -0.0847
vn 0.9834 -0.1739 -0.0509
vn 0.5010 0.7108 0.4938
vn 0.9706 0.2036 -0.1287
vn 0.9835 -0.1739 -0.0509
vn -0.1815 0.9654 -0.1875
vn 0.5010 0.7107 0.4939
vn -0.1814 0.9654 -0.1875
vn -0.7207 0.6569 0.2214
vn -0.9085 0.3967 -0.1312
vn -0.9932 -0.1152 -0.0172
vn -0.9086 0.3966 -0.1312
vn -0.7544 0.2953 -0.5862
vn -0.7545 0.2953 -0.5861
vn -0.4838 -0.0143 -0.8750
vn -0.9932 -0.1153 -0.0172
vn -0.1300 -0.6864 -0.7155
vn -0.4839 -0.0143 -0.8750
vn -0.7545 0.2953 -0.5862
vn -0.9085 0.3966 -0.1312
vn -0.8770 -0.4024 -0.2626
vn -0.1606 -0.5984 -0.7849
vn -0.1301 -0.6864 -0.7155
vn -0.1606 -0.5984 -0.7850
vn -0.5863 -0.8101 0.0008
vn -0.5183 -0.4425 0.7319
vn -0.5183 -0.4424 0.7318
vn -0.4839 -0.0142 -0.8750
vn 0.3223 -0.8082 -0.4929
vn -0.0158 0.7477 -0.6639
vn 0.2932 0.4520 -0.8424
vn 0.6505 0.4720 -0.5951
vn 0.2933 0.4519 -0.8425
vn 0.5770 0.2632 -0.7731
vn 0.6505 0.4719 -0.5951
vn 0.2932 0.4519 -0.8425
vn 0.3302 0.2903 -0.8982
vn 0.5770 0.2633 -0.7731
vn 0.3360 0.2855 -0.8975
vn 0.5771 0.2632 -0.7731
vn 0.9637 0.2662 -0.0225
vn 0.9636 0.2662 -0.0225
vn 0.2871 0.4825 0.8275
vn 0.9707 0.0817 -0.2261
vn 0.2871 0.4826 0.8274
vn 0.9636 0.2662 -0.0226
vn 0.6686 0.2074 0.7141
vn 0.6687 0.2074 0.7141
vn -0.0877 0.2106 0.9736
vn 0.2872 0.4825 0.8275
vn -0.3660 0.3247 0.8721
vn -0.4279 0.7386 0.5209
vn 0.9707 0.0817 -0.2260
vn 0.9347 0.1035 0.3401
vn -0.3727 0.2048 0.9051
vn 0.6115 0.0131 0.7912
vn 0.6115 0.0130 0.7911
vn -0.3890 0.2046 0.8982
vn -0.3513 -0.4505 0.8207
vn 0.5489 -0.4367 0.7128
vn -0.6635 -0.7124 0.2284
vn 0.5488 -0.4366 0.7128
vn 0.6516 -0.6998 -0.2926
vn -0.5539 -0.3693 -0.7462
vn -0.6636 -0.7124 0.2283
vn 0.3339 -0.3777 -0.8636
vn -0.5539 -0.3694 -0.7462
vn -0.3513 -0.4505 0.8208
vn -0.3427 0.4935 0.7994
vn 0.4169 0.7164 0.5594
vn 0.5489 -0.4366 0.7127
vn -0.0158 0.9993 0.0339
vn 0.4170 0.7163 0.5595
vn 0.4169 0.7164 0.5595
vn 0.7790 0.6270 0.0086
vn 0.7789 0.6271 0.0086
vn 0.6516 -0.6999 -0.2926
vn -0.0157 0.9993 0.0339
vn 0.6516 -0.6999 -0.2927
vn 0.3024 0.5608 -0.7707
vn 0.6515 -0.6999 -0.2926
vn 0.3338 -0.3777 -0.8637
vn -0.0157 0.9993 0.0338
vn 0.3025 0.5608 -0.7707
vn 0.3339 -0.3777 -0.8637
vn 0.3025 0.5609 -0.7707
vn -0.4198 0.7562 -0.5020
vn -0.7860 0.6181 0.0085
vn -0.4199 0.7562 -0.5019
vn -0.3427 0.4934 0.7994
vn -0.4198 0.7562 -0.5019
vn -0.7860 0.6182 0.0085
vn -0.6635 -0.7125 0.2284
vn -0.7860 0.6182 0.0084
vn -0.3512 -0.4505 0.8208
vn -0.6635 -0.7124 0.2283
vn 0.3321 0.2762 -0.9019
vn 0.3298 0.2786 -0.9020
vn 0.3297 0.2787 -0.9020
vn 0.3273 0.2809 -0.9022
vn 0.2932 0.4520 -0.8425
vn 0.1206 0.2303 -0.9656
vn 0.1764 0.5457 -0.8192
vn 0.1206 0.2302 -0.9656
vn -0.0709 0.8604 -0.5047
vn -0.0710 0.8604 -0.5047
vn -0.0159 0.7477 -0.6639
vn -0.4333 0.8438 0.3167
vn -0.4332 0.8438 0.3167
vn -0.4657 0.4157 0.7812
vn -0.5146 0.1764 0.8391
vn -0.4657 0.4156 0.7812
vn -0.3191 0.7242 -0.6113
vn -0.1533 -0.0824 -0.9847
vn -0.4802 -0.1494 -0.8643
vn -0.3778 -0.1629 -0.9115
vn -0.4802 -0.1493 -0.8643
vn -0.0961 -0.3933 -0.9144
vn -0.3777 -0.1629 -0.9115
vn 0.0481 -0.3636 -0.9303
vn -0.4803 -0.1493 -0.8643
vn -0.3778 -0.1628 -0.9115
vn -0.5860 -0.0707 -0.8072
vn 0.0121 -0.5848 -0.8111
vn -0.6895 -0.2263 -0.6880
vn -0.5860 -0.0706 -0.8072
vn -0.0125 -0.0975 -0.9952
vn -0.2590 -0.1225 -0.9581
vn -0.3777 -0.1628 -0.9115
vn -0.6895 -0.2264 -0.6880
vn -0.3060 -0.1365 -0.9422
vn -0.5495 -0.6404 -0.5366
vn -0.1092 -0.0352 -0.9934
vn -0.1091 -0.0352 -0.9934
vn -0.3783 -0.4721 -0.7963
vn -0.2615 -0.7748 -0.5755
vn -0.4206 0.0593 -0.9053
vn -0.3061 -0.1365 -0.9422
vn -0.3442 -0.3766 -0.8600
vn -0.2615 -0.7749 -0.5755
vn -0.3060 -0.1364 -0.9422
vn -0.2572 0.4756 -0.8412
vn -0.3783 -0.4721 -0.7962
vn -0.4206 0.0592 -0.9053
vn -0.2615 -0.7748 -0.5756
vn -0.3442 -0.3767 -0.8600
vn -0.0417 -0.6551 -0.7544
vn -0.6155 0.1235 -0.7784
vn -0.3110 -0.2714 -0.9108
vn -0.0416 -0.6551 -0.7544
vn -0.4336 0.6446 -0.6296
vn -0.3111 -0.2714 -0.9108
vn -0.6154 0.1235 -0.7785
vn -0.4893 0.7418 -0.4586
vn -0.2573 0.4756 -0.8412
vn -0.6588 0.5537 -0.5094
vn -0.4893 0.7419 -0.4586
vn -0.4336 0.6447 -0.6296
vn -0.0416 -0.6550 -0.7544
vn 0.1165 -0.4608 -0.8798
vn -0.7365 0.5288 -0.4218
vn -0.4893 0.7418 -0.4585
vn -0.7462 0.6139 -0.2577
vn -0.7365 0.5288 -0.4219
vn -0.4337 0.6446 -0.6296
vn -0.7080 0.6049 -0.3646
vn -0.7079 0.6049 -0.3646
vn -0.7365 0.5287 -0.4219
vn -0.4429 -0.1323 -0.8868
vn 0.1090 -0.3681 -0.9234
vn -0.7462 0.6139 -0.2576
vn -0.8741 0.3739 -0.3101
vn -0.8432 0.5217 -0.1296
vn -0.8741 0.3738 -0.3101
vn -0.8405 0.5416 -0.0116
vn -0.8433 0.5217 -0.1296
vn -0.8701 0.3061 -0.3863
vn -0.7366 0.5287 -0.4218
vn -0.8701 0.3061 -0.3862
vn -0.4428 -0.1324 -0.8868
vn 0.1089 -0.3681 -0.9234
vn -0.4429 -0.1324 -0.8868
vn -0.4830 -0.1725 -0.8585
vn -0.0325 -0.3654 -0.9303
vn -0.8433 0.5216 -0.1295
vn -0.9582 0.2504 -0.1381
vn -0.8741 0.3738 -0.3102
vn -0.8258 0.2593 -0.5009
vn -0.9582 0.2504 -0.1382
vn -0.9393 0.0238 -0.3424
vn -0.9392 0.0238 -0.3424
vn -0.8258 0.2592 -0.5009
vn -0.4829 -0.1725 -0.8585
vn -0.4428 -0.1323 -0.8868
vn -0.6811 0.7291 0.0668
vn -0.9740 0.0997 0.2034
vn -0.6812 0.7291 0.0668
vn -0.0326 -0.3654 -0.9303
vn -0.4904 -0.3824 -0.7831
vn -0.0326 -0.3655 -0.9302
vn -0.4903 -0.3824 -0.7831
vn -0.1335 -0.6594 -0.7399
vn -0.4830 -0.1724 -0.8585
vn -0.9190 0.3029 -0.2523
vn -0.9196 -0.2015 0.3372
vn -0.9078 -0.1632 0.3864
vn -0.9196 -0.2015 0.3373
vn -0.9740 0.0997 0.2035
vn -0.7460 0.4432 0.4971
vn -0.9740 0.0996 0.2035
vn -0.9057 0.0271 0.4231
vn -0.7459 0.4432 0.4972
vn -0.1336 -0.6594 -0.7399
vn -0.4903 -0.3825 -0.7831
vn -0.6626 -0.7028 -0.2590
vn -0.1336 -0.6594 -0.7398
vn -0.6626 -0.7028 -0.2589
vn -0.2465 -0.9625 -0.1133
vn -0.4903 -0.3824 -0.7832
vn -0.9392 0.0237 -0.3424
vn -0.6625 -0.7028 -0.2590
vn -0.7857 0.5997 -0.1516
vn -0.9190 0.3029 -0.2524
vn -0.9078 -0.1631 0.3864
vn -0.5056 -0.4089 0.7597
vn -0.9196 -0.2014 0.3372
vn -0.9077 -0.1632 0.3865
vn -0.8203 -0.3051 0.4838
vn -0.4704 -0.4997 0.7273
vn -0.5056 -0.4088 0.7597
vn -0.8203 -0.3052 0.4837
vn -0.9190 0.3028 -0.2523
vn -0.7857 0.5997 -0.1517
vn -0.8202 -0.3052 0.4838
vn -0.8387 -0.1719 0.5167
vn -0.7228 -0.0759 0.6869
vn -0.8388 -0.1718 0.5167
vn -0.5683 -0.6883 0.4509
vn -0.8735 -0.4079 0.2660
vn -0.8734 -0.4078 0.2660
vn -0.8734 -0.4079 0.2660
vn -0.5684 -0.6882 0.4509
vn -0.6806 0.7294 0.0685
vn -0.7472 0.6239 0.2291
vn -0.7857 0.5998 -0.1516
vn -0.7472 0.6238 0.2291
vn -0.5057 -0.4088 0.7597
vn -0.6183 -0.4043 0.6740
vn -0.6184 -0.4043 0.6739
vn -0.8735 -0.4078 0.2660
vn -0.9196 -0.2014 0.3373
vn -0.8203 -0.3052 0.4838
vn -0.5075 -0.6859 0.5214
vn -0.7227 -0.0759 0.6870
vn -0.8132 -0.1593 0.5597
vn -0.8387 -0.1718 0.5167
vn -0.7227 -0.0759 0.6869
vn -0.6490 -0.1397 0.7479
vn -0.7459 0.4432 0.4971
vn -0.8113 -0.4076 0.4190
vn -0.7472 0.6238 0.2292
vn -0.7948 -0.4997 0.3444
vn -0.8113 -0.4076 0.4191
vn -0.8113 -0.4077 0.4191
vn -0.5075 -0.6860 0.5214
vn -0.8734 -0.1957 0.4459
vn -0.6563 -0.4304 0.6197
vn -0.8734 -0.1957 0.4460
vn -0.7558 -0.6541 0.0286
vn -0.9669 -0.2448 0.0718
vn -0.9669 -0.2448 0.0717
vn -0.7559 -0.6540 0.0285
vn -0.8133 -0.1593 0.5597
vn -0.9669 -0.2447 0.0718
vn -0.5586 -0.7945 0.2381
vn -0.7559 -0.6541 0.0286
vn -0.5586 -0.7946 0.2381
vn -0.7948 -0.4997 0.3443
vn -0.6563 -0.4305 0.6197
vn -0.7502 -0.1220 0.6499
vn -0.6563 -0.4305 0.6196
vn -0.5567 -0.4037 0.7260
vn -0.5040 -0.6191 0.6023
vn -0.9670 -0.0959 0.2361
vn -0.7502 -0.1220 0.6498
vn -0.9216 -0.1786 0.3445
vn -0.6491 0.7023 0.2923
vn -0.9217 -0.1786 0.3445
vn -0.6588 0.5536 -0.5093
vn -0.5621 0.1465 -0.8140
vn 0.4181 0.7681 -0.4849
vn 0.4219 0.9040 0.0692
vn 0.9030 0.4221 0.0803
vn 0.4154 0.3922 0.8208
vn 0.6964 0.7159 0.0501
vn 0.4154 0.3922 0.8207
vn 0.9029 0.4222 0.0803
vn 0.8032 0.3326 0.4942
vn 0.6964 0.7159 0.0500
vn 0.8937 -0.4422 0.0758
vn 0.8032 0.3325 0.4943
vn 0.4154 0.3923 0.8207
vn 0.1188 -0.4788 0.8698
vn 0.8031 0.3326 0.4943
vn 0.9279 -0.1952 0.3177
vn 0.8937 -0.4422 0.0759
vn 0.9279 -0.1953 0.3177
vn -0.0264 -0.9975 0.0651
vn 0.9214 -0.3667 -0.1290
vn 0.2264 -0.1327 -0.9650
vn 0.1167 -0.4021 -0.9081
vn 0.2264 -0.1326 -0.9650
vn -0.6316 -0.3230 0.7048
vn -0.4463 -0.1773 0.8772
vn -0.6489 -0.1398 0.7479
vn -0.6425 0.0084 0.7662
vn -0.6425 0.0085 0.7662
vn -0.1232 0.3045 0.9445
vn -0.1233 0.3045 0.9445
vn -0.4410 -0.2692 0.8562
vn -0.4420 0.2953 0.8470
vn -0.9564 0.1203 0.2660
vn -0.4463 -0.1773 0.8771
vn -0.5953 0.0290 0.8030
vn -0.5953 0.0290 0.8029
vn -0.4894 -0.4422 0.7516
vn -0.9565 0.1203 0.2659
vn -0.1343 0.8113 0.5690
vn -0.4421 0.2953 0.8470
vn -0.9564 0.1202 0.2661
vn -0.3584 0.9302 0.0793
vn -0.1343 0.8112 0.5691
vn -0.3583 0.9302 0.0793
vn -0.6425 0.0086 0.7663
vn -0.3235 0.6810 0.6570
vn -0.5953 0.0291 0.8030
vn -0.3235 0.6810 0.6569
vn -0.1344 0.8113 0.5690
vn -0.4894 -0.4423 0.7516
vn -0.1878 0.4585 0.8686
vn -0.1878 0.4584 0.8687
vn 0.7393 -0.4524 0.4988
vn -0.4730 0.8679 -0.1517
vn -0.8405 0.5417 -0.0116
vn -0.4731 0.8679 -0.1517
vn -0.0045 0.7402 0.6724
vn -0.2962 0.7429 0.6004
vn -0.2961 0.7428 0.6004
vn -0.0045 0.7401 0.6725
vn 0.7392 -0.4525 0.4988
vn -0.1877 0.4585 0.8687
vn 0.5538 0.7064 0.4409
vn -0.7461 0.6139 -0.2576
vn -0.6588 0.5537 -0.5093
vn 0.3530 0.8995 0.2575
vn 0.3531 0.8994 0.2576
vn 0.3531 0.8994 0.2575
vn 0.5537 0.7064 0.4409
vn -0.3276 0.9398 -0.0968
vn -0.3277 0.9398 -0.0969
vn -0.2375 0.9382 -0.2516
vn -0.6588 0.5536 -0.5094
vn -0.2375 0.9382 -0.2517
vn -0.3276 0.9398 -0.0969
vn -0.0045 0.7401 0.6724
vn -0.2962 0.7428 0.6004
vn 0.0390 -0.0925 0.9949
vn 0.0389 -0.0925 0.9950
vn 0.7357 0.4111 0.5382
vn -0.5621 0.1464 -0.8140
vn 0.2511 0.8368 -0.4865
vn -0.5621 0.1463 -0.8140
vn 0.2028 0.3381 -0.9190
vn 0.2029 0.3381 -0.9190
vn -0.1350 0.9905 -0.0253
vn 0.1486 0.7724 -0.6176
vn 0.2510 0.8368 -0.4865
vn 0.1485 0.7723 -0.6176
vn -0.2961 0.7429 0.6004
vn -0.0637 0.7581 0.6490
vn 0.0565 0.1354 0.9892
vn 0.0019 0.0513 -0.9987
vn 0.0019 0.0512 -0.9987
vn 0.4181 0.7682 -0.4849
vn 0.1486 0.7723 -0.6176
vn 0.1651 0.7134 -0.6810
vn 0.0020 0.0513 -0.9987
vn 0.0565 0.1353 0.9892
vn 0.3565 0.9218 0.1524
vn 0.3564 0.9218 0.1524
vn 0.9241 0.1713 0.3416
vn -0.1349 0.9905 -0.0253
vn 0.3574 0.7860 -0.5044
vn 0.0624 0.9969 0.0470
vn -0.0638 0.7581 0.6490
vn 0.3574 0.7860 -0.5043
vn 0.0625 0.9969 0.0469
vn 0.3574 0.7861 -0.5043
vn 0.3564 0.9218 0.1525
vn 0.0020 0.0512 -0.9987
vn -0.0241 -0.2827 -0.9589
vn 0.4218 0.9040 0.0691
vn 0.6720 -0.0505 -0.7388
vn 0.4180 0.7682 -0.4849
vn 0.6782 0.1765 -0.7133
vn 0.6782 0.1766 -0.7133
vn 0.6782 0.1765 -0.7134
vn 0.3575 0.7860 -0.5044
vn 0.0614 0.0726 -0.9955
vn -0.0240 -0.2827 -0.9589
vn 0.5093 0.3465 -0.7878
vn 0.2183 -0.2254 -0.9495
vn 0.5093 0.3464 -0.7878
vn 0.4219 0.9040 0.0691
vn 0.4087 0.4980 -0.7648
vn 0.6965 0.7158 0.0500
vn 0.1166 -0.4021 -0.9082
vn 0.0614 0.0725 -0.9955
vn 0.1166 -0.4021 -0.9081
vn 0.6965 0.7159 0.0501
vn 0.4088 0.4980 -0.7648
vn 0.8937 -0.4423 0.0758
vn 0.8937 -0.4423 0.0757
vn -0.1984 -0.9754 -0.0960
vn -0.5885 -0.7740 -0.2336
vn -0.2812 -0.9560 0.0833
vn -0.6584 -0.7499 0.0643
vn -0.2812 -0.9560 0.0834
vn -0.6584 -0.7499 0.0644
vn -0.4482 -0.8338 0.3224
vn -0.2811 -0.9561 0.0834
vn -0.4481 -0.8338 0.3224
vn -0.2291 -0.9323 0.2800
vn -0.2811 -0.9561 0.0833
vn -0.2290 -0.9323 0.2800
vn 0.0061 -0.9997 -0.0220
vn -0.1983 -0.9754 -0.0960
vn -0.5886 -0.7740 -0.2336
vn -0.9469 -0.3216 -0.0024
vn -0.6585 -0.7498 0.0644
vn -0.5885 -0.7740 -0.2337
vn -0.1984 -0.9754 -0.0961
vn -0.1465 -0.9471 -0.2856
vn -0.7241 -0.6305 -0.2796
vn -0.4504 -0.7361 -0.5052
vn -0.5886 -0.7739 -0.2337
vn -0.7207 -0.3066 -0.6218
vn -0.7241 -0.6305 -0.2797
vn -0.4505 -0.7361 -0.5053
vn -0.1983 -0.9754 -0.0961
vn -0.1464 -0.9471 -0.2855
vn -0.4482 -0.8338 0.3225
vn -0.5160 -0.5216 0.6795
vn -0.2291 -0.9323 0.2801
vn -0.8240 -0.4563 0.3358
vn -0.4482 -0.8337 0.3224
vn -0.8240 -0.4564 0.3358
vn -0.9469 -0.3216 -0.0023
vn -0.7207 -0.3065 -0.6218
vn -0.5228 -0.0177 -0.8523
vn -0.9485 -0.0459 0.3135
vn -0.9469 -0.3215 -0.0024
vn -0.4504 -0.7361 -0.5053
vn -0.1221 -0.8122 -0.5705
vn -0.4505 -0.7360 -0.5053
vn -0.4068 -0.4287 -0.8067
vn -0.1222 -0.8121 -0.5705
vn 0.0197 -0.9158 -0.4012
vn -0.5160 -0.5216 0.6794
vn -0.5039 -0.6191 0.6023
vn -0.8241 -0.4563 0.3358
vn -0.9469 -0.3215 -0.0023
vn -0.7500 0.6342 0.1878
vn -0.8240 -0.4563 0.3359
vn -0.7164 0.5082 0.4781
vn -0.7500 0.6342 0.1879
vn -0.7163 0.5082 0.4781
vn -0.5228 -0.0176 -0.8523
vn -0.5002 0.7036 -0.5047
vn -0.2231 0.9731 -0.0579
vn -0.9485 -0.0459 0.3134
vn -0.7186 0.6891 0.0933
vn -0.2231 0.9731 -0.0578
vn -0.7186 0.6891 0.0934
vn -0.1221 -0.8121 -0.5706
vn 0.0511 -0.4840 -0.8736
vn -0.4069 -0.4286 -0.8067
vn -0.4625 0.6532 -0.5995
vn -0.4068 -0.4286 -0.8067
vn -0.2478 0.5393 -0.8048
vn -0.5003 0.7036 -0.5046
vn -0.1221 -0.8121 -0.5705
vn 0.0197 -0.9158 -0.4013
vn -0.5160 -0.5215 0.6795
vn -0.5566 -0.4037 0.7261
vn -0.7501 0.6341 0.1879
vn -0.2452 0.9695 -0.0069
vn -0.7164 0.5081 0.4781
vn -0.2452 0.9694 -0.0069
vn -0.6491 0.7024 0.2923
vn -0.7163 0.5082 0.4782
vn -0.2230 0.9731 -0.0579
vn -0.0533 0.9986 0.0048
vn -0.7187 0.6890 0.0933
vn -0.5003 0.7035 -0.5047
vn -0.0533 0.9986 0.0047
vn -0.2479 0.5392 -0.8049
vn -0.2071 0.9720 -0.1112
vn 0.0511 -0.4839 -0.8736
vn -0.2478 0.5392 -0.8049
vn -0.2479 0.5392 -0.8048
vn -0.1534 -0.0824 -0.9847
vn 0.0122 -0.5849 -0.8110
vn -0.0797 0.9924 0.0938
vn -0.2452 0.9695 -0.0070
vn -0.7187 0.6891 0.0933
vn -0.0796 0.9924 0.0939
vn -0.0797 0.9924 0.0939
vn -0.7187 0.6891 0.0932
vn -0.4626 0.6532 -0.5994
vn -0.0159 0.9966 -0.0806
vn -0.0532 0.9986 0.0047
vn -0.0160 0.9966 -0.0806
vn -0.4626 0.6532 -0.5995
vn 0.0482 -0.3636 -0.9303
vn 0.0512 -0.4839 -0.8736
vn 0.0122 -0.5848 -0.8111
vn -0.8406 0.5416 -0.0116
vn -0.9057 0.0272 0.4231
vn -0.9564 0.1203 0.2661
vn 0.7357 0.4110 0.5383
vn 0.3531 0.8995 0.2575
vn 0.8402 0.4204 -0.3426
vn 0.7358 0.4110 0.5382
vn 0.9274 0.3408 0.1540
vn 0.9274 0.3409 0.1539
vn 0.6586 -0.4430 -0.6083
vn 0.9274 0.3408 0.1539
vn 0.9173 -0.1959 0.3466
vn 0.8402 0.4204 -0.3425
vn 0.7393 -0.4525 0.4988
vn 0.7393 -0.4525 0.4987
vn 0.9173 -0.1960 0.3466
vn 0.0373 -0.9933 -0.1093
vn 0.6585 -0.4431 -0.6083
vn 0.6273 -0.3862 0.6763
vn 0.0373 -0.9933 -0.1094
vn -0.4462 -0.1773 0.8772
vn 0.9394 -0.0132 0.3427
vn 0.9394 -0.0132 0.3426
vn 0.4300 -0.8926 0.1354
vn 0.9393 -0.0133 0.3427
vn 0.4301 -0.8926 0.1354
vn 0.6782 0.1766 -0.7134
vn 0.4301 -0.8926 0.1355
vn 0.9241 0.1713 0.3417
vn 0.9241 0.1714 0.3416
vn 0.0566 0.1354 0.9892
vn 0.4130 -0.8491 0.3293
vn -0.0431 -0.4299 0.9018
vn 0.9278 -0.1953 0.3178
vn 0.6282 0.3805 0.6787
vn -0.0430 -0.4299 0.9018
vn 0.6258 0.7582 -0.1831
vn 0.6282 0.3804 0.6787
vn 0.9278 -0.1952 0.3178
vn 0.9214 -0.3666 -0.1290
vn 0.1117 -0.3849 0.9162
vn 0.6257 0.7582 -0.1832
vn 0.6281 0.3805 0.6788
vn 0.7305 0.1628 0.6632
vn 0.8817 0.4223 -0.2104
vn 0.8817 0.4222 -0.2105
vn 0.2264 -0.1327 -0.9649
vn 0.6257 0.7582 -0.1831
vn 0.8817 0.4223 -0.2105
vn 0.8914 -0.4423 0.0985
vn 0.8915 -0.4423 0.0983
vn 0.5093 0.3464 -0.7877
vn 0.2183 -0.2255 -0.9495
vn 0.8817 0.4222 -0.2104
vn 0.8915 -0.4422 0.0985
vn 0.5412 -0.8406 -0.0218
vn 0.5546 -0.3903 -0.7349
vn 0.9116 0.3993 -0.0976
vn 0.9173 -0.1960 0.3465
vn 0.6815 -0.3471 -0.6443
vn 0.3488 0.7399 0.5752
vn 0.9173 -0.1960 0.3467
vn 0.6273 -0.3861 0.6764
vn 0.9833 0.1796 -0.0291
vn 0.9116 0.3992 -0.0976
vn 0.6815 -0.3471 -0.6442
vn 0.7521 -0.4515 0.4801
vn 0.3488 0.7399 0.5753
vn 0.6351 -0.3824 0.6711
vn 0.3489 0.7398 0.5753
vn 0.5322 0.3991 0.7466
vn 0.3488 0.7398 0.5753
vn 0.5322 0.3991 0.7467
vn 0.7521 -0.4516 0.4800
vn 0.5322 0.3990 0.7467
vn -0.4410 -0.2693 0.8561
vn -0.4411 -0.2693 0.8561
vn -0.3370 -0.0220 0.9413
vn 0.4748 -0.5309 0.7019
vn -0.2647 -0.8657 0.4249
vn 0.4747 -0.5309 0.7020
vn 0.3270 -0.8442 -0.4247
vn -0.2647 -0.8656 0.4250
vn 0.9454 -0.2729 -0.1781
vn 0.5739 0.4733 0.6683
vn 0.9454 -0.2730 -0.1781
vn 0.4747 -0.5310 0.7019
vn 0.5740 0.4733 0.6682
vn 0.3270 -0.8442 -0.4246
vn 0.9454 -0.2729 -0.1780
vn 0.3586 0.0222 -0.9332
vn -0.2527 0.7566 0.6031
vn 0.5739 0.4734 0.6682
vn -0.3370 -0.0219 0.9412
vn -0.9119 0.3876 0.1347
vn -0.3370 -0.0220 0.9412
vn -0.8175 -0.4422 0.3689
vn -0.9119 0.3876 0.1348
vn 0.8398 0.4366 -0.3226
vn 0.3587 0.0222 -0.9332
vn -0.2528 0.7565 0.6031
vn 0.1017 0.9195 -0.3796
vn 0.1017 0.9195 -0.3797
vn 0.3586 0.0223 -0.9332
vn -0.5645 -0.4964 -0.6595
vn -0.8176 -0.4421 0.3690
vn 0.3270 -0.8442 -0.4248
vn -0.8175 -0.4422 0.3690
vn -0.5644 -0.4964 -0.6595
vn -0.4428 0.3586 -0.8218
vn -0.4428 0.3585 -0.8218
vn -0.4427 0.3586 -0.8218
vn -0.9119 0.3876 0.1349
vn -0.5644 -0.4964 -0.6596
vn -0.7689 -0.1002 -0.6314
vn -0.4352 -0.8002 -0.4127
vn -0.4243 -0.7668 -0.4817
vn -0.4352 -0.8001 -0.4128
vn -0.0971 -0.8817 0.4617
vn -0.4242 -0.7668 -0.4817
vn -0.0484 -0.8912 0.4511
vn -0.0970 -0.8817 0.4617
vn 0.1914 -0.6309 -0.7519
vn -0.4243 -0.7668 -0.4816
vn 0.1915 -0.6309 -0.7518
vn -0.0083 0.1153 -0.9933
vn -0.7689 -0.1003 -0.6314
vn -0.0856 -0.8126 0.5765
vn 0.0307 -0.9759 0.2160
vn -0.0857 -0.8126 0.5765
vn 0.1915 -0.6309 -0.7519
vn 0.4219 0.0367 -0.9059
vn 0.3344 -0.8643 -0.3758
vn -0.7689 -0.1004 -0.6314
vn -0.4189 0.6769 -0.6052
vn 0.0308 -0.9759 0.2161
vn 0.5903 -0.5645 0.5770
vn 0.4220 0.0367 -0.9059
vn 0.3344 -0.8643 -0.3757
vn 0.5946 -0.7107 -0.3758
vn 0.2963 0.7034 -0.6461
vn 0.5946 -0.7108 -0.3758
vn 0.6978 0.1641 -0.6972
vn 0.4219 0.0368 -0.9059
vn 0.2963 0.7034 -0.6460
vn -0.4190 0.6769 -0.6052
vn 0.5947 -0.7107 -0.3759
vn 0.5903 -0.5646 0.5769
vn 0.3429 -0.8528 0.3939
vn 0.9630 -0.2484 -0.1044
vn 0.5946 -0.7107 -0.3759
vn 0.3429 -0.8528 0.3938
vn 0.6901 0.7233 -0.0241
vn 0.6978 0.1642 -0.6972
vn 0.6901 0.7233 -0.0242
vn 0.7221 -0.1913 0.6648
vn 0.7221 -0.1912 0.6648
vn 0.6562 0.1828 0.7321
vn 0.6902 0.7233 -0.0241
vn 0.6563 0.1828 0.7321
vn -0.2746 0.9592 0.0676
vn 0.2962 0.7034 -0.6461
vn 0.6902 0.7233 -0.0242
vn -0.2746 0.9592 0.0675
vn -0.4189 0.6769 -0.6053
vn -0.7856 0.4048 -0.4680
vn -0.9592 0.2817 -0.0256
vn -0.9334 -0.0441 0.3561
vn -0.9591 0.2818 -0.0256
vn -0.9334 -0.0441 0.3560
vn -0.5496 -0.7143 0.4334
vn -0.9334 -0.0440 0.3560
vn -0.0583 -0.8334 0.5495
vn -0.5496 -0.7142 0.4334
vn -0.7855 0.4049 -0.4680
vn -0.4352 -0.8002 -0.4128
vn -0.7689 -0.1003 -0.6315
vn -0.8336 -0.3995 -0.3814
vn -0.7855 0.4048 -0.4680
vn 0.0819 -0.4027 -0.9117
vn 0.0818 -0.4026 -0.9117
vn -0.6190 -0.6287 0.4706
vn -0.9592 0.2817 -0.0255
vn -0.6190 -0.6288 0.4705
vn -0.8336 -0.3995 -0.3815
vn -0.3553 0.0142 0.9347
vn -0.9893 0.0137 0.1453
vn -0.1918 0.8626 0.4682
vn -0.9475 0.0382 -0.3174
vn -0.0341 0.9986 0.0400
vn -0.1917 0.8626 0.4681
vn -0.1957 0.9805 -0.0178
vn -0.0342 0.9986 0.0401
vn -0.9502 0.0370 -0.3093
vn -0.1957 0.9805 -0.0177
vn -0.1919 0.8626 0.4681
vn -0.0342 0.9986 0.0400
vn 0.6433 0.0518 0.7639
vn 0.6433 0.0518 0.7638
vn -0.3553 0.0142 0.9346
vn -0.9502 0.0371 -0.3093
vn -0.0368 0.9983 0.0456
vn -0.1956 0.9805 -0.0178
vn -0.9502 0.0371 -0.3094
vn -0.9520 0.0365 -0.3039
vn -0.0368 0.9983 0.0455
vn 0.9240 0.0686 0.3763
vn 0.6434 0.0517 0.7638
vn 0.9240 0.0685 0.3762
vn -0.0348 0.9984 0.0439
vn 0.6434 0.0518 0.7638
vn 0.9240 0.0687 0.3762
vn -0.1780 -0.8518 0.4927
vn -0.1780 -0.8519 0.4926
vn -0.3553 0.0143 0.9346
vn -0.0369 0.9983 0.0456
vn 0.9254 0.0663 0.3730
vn 0.9254 0.0663 0.3731
vn 0.9240 0.0686 0.3761
vn -0.0349 0.9984 0.0438
vn 0.9234 0.0653 0.3782
vn 0.9219 0.0651 0.3819
vn -0.0369 0.9983 0.0455
vn 0.9234 0.0653 0.3783
vn 0.9254 0.0664 0.3731
vn -0.1780 -0.8519 0.4925
vn 0.0069 -0.9999 0.0151
vn -0.1779 -0.8519 0.4926
vn 0.0070 -0.9999 0.0152
vn -0.1779 -0.8518 0.4927
vn -0.3553 0.0143 0.9347
vn 0.9219 0.0652 0.3819
vn 0.0010 -0.9997 0.0243
vn 0.9234 0.0654 0.3783
vn 0.0007 -0.9996 0.0297
vn -0.1912 -0.9798 -0.0594
vn -0.1912 -0.9797 -0.0594
vn -0.1912 -0.9798 -0.0595
vn 0.9240 0.0686 0.3762
vn 0.0069 -0.9999 0.0152
vn -0.1911 -0.9798 -0.0595
vn -0.9475 0.0383 -0.3173
vn 0.0008 -0.9996 0.0298
vn -0.9520 0.0366 -0.3040
vn 0.0011 -0.9997 0.0243
vn 0.0011 -0.9997 0.0244
vn -0.8884 -0.2724 0.3694
vn -0.8981 -0.4378 0.0419
vn -0.8884 -0.2725 0.3694
vn -0.8979 -0.0897 0.4310
vn -0.4839 0.0490 0.8737
vn -0.8982 -0.4377 0.0418
vn -0.8800 -0.3421 -0.3296
vn -0.8885 -0.2724 0.3694
vn -0.8266 0.3559 0.4360
vn -0.4839 0.0491 0.8737
vn -0.9306 -0.1279 -0.3429
vn -0.8800 0.3576 -0.3126
vn -0.8979 -0.0896 0.4310
vn -0.9306 -0.1280 -0.3429
vn -0.8799 -0.3421 -0.3297
vn -0.8266 0.3560 0.4360
vn -0.8800 0.3576 -0.3127
vn -0.4077 -0.0572 -0.9113
vn -0.8800 0.3577 -0.3126
vn -0.7493 0.6622 -0.0023
vn -0.3569 0.3871 -0.8501
vn -0.5200 0.8371 -0.1696
vn -0.7493 0.6622 -0.0024
vn -0.8799 0.3576 -0.3127
vn -0.3570 0.3871 -0.8502
vn -0.5849 0.6731 -0.4526
vn -0.5849 0.6731 -0.4525
vn -0.5200 0.8372 -0.1696
vn -0.6532 -0.4214 -0.6291
vn -0.4374 -0.2426 -0.8660
vn -0.6531 -0.4214 -0.6291
vn -0.4373 -0.2425 -0.8660
vn -0.9306 -0.1280 -0.3430
vn -0.4374 -0.2425 -0.8660
vn -0.4078 -0.0572 -0.9113
vn -0.9306 -0.1279 -0.3430
vn -0.5355 0.4901 0.6878
vn -0.4072 0.5181 0.7521
vn -0.7493 0.6623 -0.0023
vn -0.5402 0.8037 0.2495
vn -0.8266 0.3559 0.4359
vn -0.5402 0.8037 0.2496
vn -0.3570 0.3871 -0.8501
vn -0.2650 0.8219 -0.5042
vn 0.1918 0.0939 -0.9769
vn -0.3569 0.3871 -0.8502
vn 0.0258 0.5273 -0.8493
vn -0.3570 0.3870 -0.8502
vn 0.1649 0.5560 -0.8146
vn -0.5849 0.6732 -0.4525
vn -0.2650 0.8220 -0.5041
vn 0.2298 -0.1421 -0.9628
vn -0.4373 -0.2426 -0.8660
vn 0.2298 -0.1420 -0.9628
vn -0.2049 0.8910 0.4053
vn -0.1001 0.9949 -0.0124
vn -0.5199 0.8372 -0.1696
vn -0.2649 0.8220 -0.5041
vn -0.1001 0.9949 -0.0125
vn 0.1649 0.5561 -0.8146
vn 0.0904 0.9105 -0.4035
vn -0.2649 0.8219 -0.5042
vn -0.2650 0.8220 -0.5042
vn -0.5334 0.1869 0.8250
vn -0.8867 0.2780 0.3694
vn -0.7333 0.5952 0.3287
vn -0.7332 0.5953 0.3287
vn -0.8867 0.2780 0.3693
vn -0.8266 0.4685 -0.3118
vn -0.4013 0.5074 0.7626
vn -0.3927 0.8390 0.3766
vn -0.3367 0.5945 -0.7302
vn -0.7332 0.5952 0.3288
vn -0.8266 0.4685 -0.3119
vn -0.4163 0.2815 -0.8646
vn -0.3368 0.5946 -0.7301
vn -0.3368 0.5945 -0.7301
vn -0.3927 0.8391 0.3765
vn 0.1440 0.2200 -0.9648
vn 0.1404 0.4559 -0.8789
vn 0.4456 -0.8719 -0.2032
vn 0.9706 0.2036 -0.1286
vn 0.3223 -0.8082 -0.4928
vn 0.4455 -0.8719 -0.2032
vn 0.9705 0.2037 -0.1287
vn 0.6122 -0.7652 -0.1993
vn -0.1607 -0.5984 -0.7850
vn 0.6121 -0.7652 -0.1994
vn 0.3783 -0.9244 0.0490
vn 0.3784 -0.9244 0.0490
vn 0.8318 -0.5485 -0.0847
vn 0.1727 -0.9791 -0.1074
vn 0.6121 -0.7652 -0.1993
vn -0.1606 -0.5983 -0.7850
vn -0.8770 -0.4023 -0.2626
vn 0.1728 -0.9791 -0.1073
vn 0.1728 -0.9791 -0.1074
vn 0.6120 -0.5405 0.5773
vn 0.1304 -0.7264 0.6748
vn 0.6122 -0.7652 -0.1992
vn 0.6120 -0.5406 0.5772
vn 0.1305 -0.7264 0.6748
vn 0.1305 -0.7263 0.6748
vn 0.6121 -0.5405 0.5772
vn -0.5183 -0.4424 0.7319
vn -0.5182 -0.4424 0.7319
vn 0.1779 -0.9661 -0.1870
vn -0.5862 -0.8101 0.0008
vn 0.2673 -0.8702 -0.4138
vn 0.1763 0.5457 -0.8192
vn -0.3584 0.6201 -0.6979
vn 0.1764 0.5456 -0.8193
vn -0.3584 0.6200 -0.6979
vn 0.1205 0.2302 -0.9656
vn -0.7371 0.5680 0.3662
vn -0.7371 0.5680 0.3661
vn 0.1205 0.2302 -0.9657
vn -0.4446 0.3073 -0.8414
vn -0.8403 0.4676 -0.2743
vn -0.4447 0.3073 -0.8413
vn -0.3583 0.6201 -0.6979
vn -0.8403 0.4676 -0.2742
vn -0.4658 0.4157 0.7812
vn -0.5147 0.1764 0.8391
vn -0.8404 0.4676 -0.2742
vn -0.8796 0.2508 0.4042
vn -0.8796 0.2507 0.4043
vn -0.5147 0.1763 0.8390
vn -0.5227 -0.0176 -0.8523
vn -0.4563 -0.8698 -0.1876
vn -0.7240 -0.6306 -0.2797
vn -0.4562 -0.8699 -0.1877
vn -0.9485 -0.0458 0.3136
vn 0.1383 0.3015 -0.9434
vn -0.5227 -0.0177 -0.8523
vn 0.1382 0.3015 -0.9434
vn -0.9485 -0.0459 0.3136
vn -0.4563 -0.8698 -0.1877
vn -0.5066 0.2588 0.8224
vn -0.5066 0.2588 0.8225
vn -0.9182 0.2190 -0.3300
vn -0.1084 0.9940 -0.0154
vn -0.1084 0.9940 -0.0155
vn -0.1084 0.9940 -0.0156
vn -0.5065 0.2588 0.8225
vn -0.0904 -0.8899 -0.4472
vn 0.0121 -0.5849 -0.8110
vn -0.0962 -0.3934 -0.9143
vn -0.0903 -0.8899 -0.4472
vn -0.0241 -0.2828 -0.9589
vn 0.1665 -0.9854 0.0369
vn -0.0903 -0.8899 -0.4471
vn -0.2559 -0.9394 -0.2281
vn 0.2184 -0.2255 -0.9494
vn 0.0061 -0.9997 -0.0219
vn 0.1665 -0.9854 0.0370
vn 0.4130 -0.8491 0.3292
vn 0.1666 -0.9853 0.0370
vn 0.2184 -0.2255 -0.9495
vn -0.2560 -0.9394 -0.2281
vn -0.3888 -0.9203 -0.0431
vn -0.3890 -0.9202 -0.0431
vn 0.8915 -0.4422 0.0984
vn -0.3432 -0.9067 0.2453
vn -0.3432 -0.9066 0.2454
vn -0.2560 -0.9394 -0.2282
vn 0.1666 -0.9853 0.0369
vn 0.4902 -0.8571 0.1582
vn 0.5506 -0.8148 0.1813
vn 0.5505 -0.8149 0.1813
vn -0.2559 -0.9394 -0.2282
vn -0.3889 -0.9203 -0.0432
vn -0.3889 -0.9203 -0.0431
vn 0.1118 -0.3849 0.9161
vn 0.1665 -0.9853 0.0370
vn 0.5412 -0.8406 -0.0217
vn 0.4902 -0.8571 0.1583
vn -0.3433 -0.9066 0.2453
vn 0.5506 -0.8148 0.1814
vn 0.5505 -0.8149 0.1814
vn 0.5543 -0.3725 -0.7443
vn -0.6316 -0.3231 0.7048
vn -0.3432 -0.9067 0.2454
vn 0.5506 -0.8149 0.1812
vn -0.3280 -0.9442 -0.0307
vn -0.3281 -0.9442 -0.0307
vn -0.3432 -0.9066 0.2453
vn 0.5506 -0.8149 0.1814
vn 0.2090 -0.9765 0.0527
vn 0.2089 -0.9765 0.0527
vn 0.7829 0.1977 -0.5899
vn -0.0496 -0.4125 0.9096
vn -0.0496 -0.4126 0.9096
vn 0.2090 -0.9765 0.0526
vn -0.3109 -0.9151 -0.2568
vn -0.3109 -0.9151 -0.2569
vn -0.3280 -0.9442 -0.0308
vn -0.4410 -0.2693 0.8562
vn -0.3108 -0.9151 -0.2568
vn 0.7829 0.1976 -0.5899
vn 0.9364 -0.0883 0.3397
vn 0.2157 0.1601 0.9632
vn 0.2157 0.1601 0.9633
vn 0.9363 -0.0883 0.3398
vn 0.8031 0.3327 0.4943
vn 0.9279 -0.1953 0.3176
vn 0.4838 0.5635 -0.6696
vn 0.4839 0.5635 -0.6696
vn 0.5529 0.8033 0.2213
vn 0.9393 -0.0132 0.3427
vn 0.5529 0.8033 0.2214
vn -0.0700 0.5268 0.8471
vn 0.9394 -0.0133 0.3427
vn 0.5544 -0.3725 -0.7443
vn 0.7829 0.1977 -0.5900
vn 0.2158 0.1600 0.9632
vn 0.2157 0.1600 0.9633
vn 0.7829 0.1976 -0.5900
vn 0.7636 0.5754 0.2928
vn 0.7637 0.5754 0.2928
vn 0.7636 0.5755 0.2928
vn 0.2235 -0.8866 0.4050
vn 0.2234 -0.8866 0.4050
vn -0.0583 -0.8335 0.5495
vn 0.2234 -0.8866 0.4049
vn 0.3353 -0.9272 0.1668
vn 0.7221 -0.1912 0.6649
vn 0.5902 -0.5645 0.5770
vn 0.3354 -0.9272 0.1668
vn -0.5496 -0.7142 0.4335
vn 0.3518 -0.7825 0.5138
vn -0.5497 -0.7142 0.4334
vn 0.3517 -0.7825 0.5139
vn -0.6191 -0.6287 0.4706
vn 0.3353 -0.9272 0.1667
vn -0.6191 -0.6287 0.4705
vn 0.0783 -0.9854 0.1514
vn 0.0307 -0.9759 0.2161
vn 0.5458 -0.6988 -0.4624
vn 0.0306 -0.9759 0.2161
vn 0.5457 -0.6988 -0.4624
vn 0.0783 -0.9854 0.1515
vn -0.8336 -0.3994 -0.3815
vn 0.3517 -0.7825 0.5138
vn 0.8483 -0.5249 -0.0698
vn 0.8483 -0.5249 -0.0697
vn -0.0483 -0.8912 0.4511
vn -0.4352 -0.8001 -0.4127
vn -0.5450 0.3187 -0.7755
vn -0.5023 0.1667 -0.8485
vn -0.2198 0.1393 -0.9655
vn -0.3850 0.2236 -0.8954
vn -0.5024 0.1666 -0.8484
vn -0.6454 0.2783 -0.7113
vn -0.7092 0.2981 -0.6388
vn -0.5024 0.1666 -0.8485
vn -0.2216 0.0641 -0.9730
vn -0.5024 0.1667 -0.8484
vn -0.7092 0.2982 -0.6388
vn -0.7213 0.1585 -0.6742
vn -0.5023 0.1666 -0.8485
vn -0.2032 -0.1159 -0.9723
vn -0.7213 0.1584 -0.6742
vn -0.7240 -0.1172 -0.6798
vn -0.4859 -0.1221 -0.8655
vn -0.2032 -0.1159 -0.9722
vn -0.4860 -0.1221 -0.8654
vn -0.4859 -0.1221 -0.8654
vn -0.4329 -0.2640 -0.8619
vn -0.1926 -0.2475 -0.9495
vn -0.7239 -0.1172 -0.6798
vn -0.7146 -0.2028 -0.6695
vn -0.7146 -0.2029 -0.6695
vn -0.4330 -0.2639 -0.8619
vn -0.1926 -0.2476 -0.9495
vn -0.2546 -0.3525 -0.9005
vn -0.7320 -0.1768 -0.6580
vn -0.9094 -0.2422 -0.3380
vn -0.8907 -0.3096 -0.3328
vn -0.9095 -0.2422 -0.3380
vn -0.2546 -0.3526 -0.9005
vn -0.5051 -0.3042 -0.8077
vn -0.5052 -0.3042 -0.8076
vn -0.7319 -0.1769 -0.6580
vn -0.8908 -0.3096 -0.3327
vn -0.9745 -0.2201 0.0425
vn -0.9095 -0.2423 -0.3379
vn -0.9746 -0.2201 0.0425
vn -0.9808 -0.1933 0.0236
vn -0.9095 -0.2422 -0.3379
vn -0.8821 -0.2937 0.3682
vn -0.9809 -0.1933 0.0236
vn -0.9271 -0.1514 0.3428
vn -0.8822 -0.2937 0.3681
vn -0.9897 -0.1349 0.0480
vn -0.9808 -0.1934 0.0236
vn -0.8821 -0.2938 0.3682
vn -0.9018 -0.3305 0.2785
vn -0.9897 -0.1348 0.0480
vn -0.9333 0.1380 0.3316
vn -0.9271 -0.1513 0.3428
vn -0.9884 0.1407 0.0571
vn -0.9333 0.1380 0.3315
vn -0.7692 -0.3867 0.5087
vn -0.7798 -0.1542 0.6067
vn -0.7550 -0.2849 0.5906
vn -0.7692 -0.3867 0.5088
vn -0.7798 -0.1541 0.6068
vn -0.7550 -0.2848 0.5906
vn -0.9271 -0.1514 0.3429
vn -0.7798 -0.1541 0.6067
vn -0.9884 0.1408 0.0571
vn -0.9585 0.2816 0.0439
vn -0.9333 0.1381 0.3316
vn -0.7972 0.0260 0.6032
vn -0.9561 0.2577 0.1395
vn -0.7922 0.1014 0.6018
vn -0.8747 0.1912 0.4454
vn -0.8746 0.1912 0.4455
vn -0.7921 0.1013 0.6019
vt 0.571300 0.629300
vt 0.634800 0.658400
vt 0.634800 0.629300
vt 0.571300 0.704600
vt 0.634800 0.600200
vt 0.510200 0.658400
vt 0.605000 0.550900
vt 0.510200 0.629300
vt 0.571300 0.544200
vt 0.510200 0.600200
vt 0.537800 0.551800
vt 0.634800 0.704600
vt 0.510200 0.704600
vt 0.571300 0.790500
vt 0.603300 0.779700
vt 0.543500 0.779700
vt 0.180500 0.589700
vt 0.180500 0.558500
vt 0.156100 0.589700
vt 0.138300 0.572100
vt 0.138300 0.558500
vt 0.138300 0.541300
vt 0.180500 0.541400
vt 0.138300 0.589700
vt 0.088800 0.541400
vt 0.088800 0.558500
vt 0.180500 0.526800
vt 0.088800 0.572100
vt 0.088800 0.589700
vt 0.088800 0.525700
vt 0.051500 0.541500
vt 0.051500 0.532600
vt 0.138300 0.516700
vt 0.180500 0.516700
vt 0.051500 0.572100
vt 0.051500 0.589700
vt 0.051500 0.558500
vt 0.051500 0.524700
vt 0.009400 0.526800
vt 0.138300 0.465200
vt 0.009400 0.465200
vt 0.009400 0.573900
vt 0.009400 0.541400
vt 0.009400 0.558500
vt 0.088800 0.516700
vt 0.009400 0.516700
vt 0.051500 0.465200
vt 0.088800 0.465200
vt 0.342500 0.820000
vt 0.347200 0.808400
vt 0.326400 0.817600
vt 0.367100 0.814300
vt 0.347200 0.808200
vt 0.383400 0.803900
vt 0.392700 0.815900
vt 0.368600 0.837300
vt 0.349900 0.826000
vt 0.396800 0.828200
vt 0.425500 0.808500
vt 0.381300 0.897300
vt 0.333300 0.830600
vt 0.388600 0.878500
vt 0.381300 0.846900
vt 0.333300 0.889300
vt 0.388600 0.878600
vt 0.416400 0.883700
vt 0.388600 0.929400
vt 0.421400 0.909500
vt 0.381300 0.924200
vt 0.333300 0.938800
vt 0.454100 0.884800
vt 0.418700 0.896400
vt 0.449300 0.864000
vt 0.381300 0.959500
vt 0.333300 0.970000
vt 0.426600 0.935100
vt 0.402500 0.962300
vt 0.368400 0.983200
vt 0.475600 0.843300
vt 0.458400 0.904800
vt 0.426000 0.932000
vt 0.457200 0.899500
vt 0.333300 0.983900
vt 0.429300 0.948200
vt 0.368400 0.983500
vt 0.459200 0.908500
vt 0.333300 0.992300
vt 0.731200 0.837500
vt 0.739500 0.853000
vt 0.737400 0.822500
vt 0.756300 0.822600
vt 0.756900 0.852900
vt 0.763100 0.837500
vt 0.514900 0.867600
vt 0.553900 0.867600
vt 0.533500 0.951500
vt 0.566600 0.951500
vt 0.602100 0.951500
vt 0.594800 0.867600
vt 0.624500 0.984600
vt 0.641200 0.951500
vt 0.640500 0.867600
vt 0.683500 0.867600
vt 0.678400 0.951500
vt 0.716800 0.951500
vt 0.746500 0.951500
vt 0.727200 0.867600
vt 0.762500 0.867600
vt 0.690500 0.173200
vt 0.659200 0.173200
vt 0.678000 0.259600
vt 0.604100 0.222100
vt 0.600100 0.197600
vt 0.596000 0.173200
vt 0.653800 0.345300
vt 0.784000 0.345300
vt 0.748200 0.259500
vt 0.634500 0.374800
vt 0.831200 0.228000
vt 0.717300 0.375000
vt 0.800000 0.375200
vt 0.777300 0.173200
vt 0.735200 0.173200
vt 0.832700 0.200600
vt 0.834200 0.173200
vt 0.829600 0.470800
vt 0.827100 0.414100
vt 0.808300 0.470800
vt 0.807900 0.414100
vt 0.782500 0.414100
vt 0.758300 0.470800
vt 0.677100 0.414100
vt 0.694200 0.470800
vt 0.636800 0.414100
vt 0.643300 0.470800
vt 0.523500 0.414100
vt 0.524200 0.470800
vt 0.877300 0.091100
vt 0.991600 0.091100
vt 0.877300 0.005400
vt 0.991600 0.005400
vt 0.354000 0.535100
vt 0.364000 0.550500
vt 0.364400 0.516900
vt 0.407100 0.516900
vt 0.407100 0.550500
vt 0.364000 0.579900
vt 0.354000 0.566200
vt 0.419500 0.550500
vt 0.432200 0.516900
vt 0.407100 0.579900
vt 0.364000 0.611900
vt 0.354000 0.594200
vt 0.432200 0.550500
vt 0.489300 0.516900
vt 0.407100 0.611900
vt 0.364400 0.634600
vt 0.354000 0.624200
vt 0.419500 0.579900
vt 0.489300 0.550500
vt 0.407100 0.634600
vt 0.419500 0.611900
vt 0.432200 0.579900
vt 0.432200 0.634600
vt 0.489300 0.579900
vt 0.432200 0.611900
vt 0.489300 0.634600
vt 0.489300 0.611900
vt 0.770500 0.694200
vt 0.749500 0.605700
vt 0.749500 0.627900
vt 0.671500 0.605500
vt 0.671500 0.627500
vt 0.650900 0.694200
vt 0.749500 0.662100
vt 0.769500 0.694200
vt 0.671500 0.661700
vt 0.671500 0.694200
vt 0.671500 0.725800
vt 0.671500 0.757800
vt 0.671500 0.784300
vt 0.749500 0.694200
vt 0.749500 0.726200
vt 0.749500 0.758200
vt 0.749500 0.786500
vt 0.928000 0.804500
vt 0.899900 0.823000
vt 0.978100 0.825100
vt 0.954000 0.862900
vt 0.901600 0.863100
vt 0.864900 0.878000
vt 0.864900 0.826300
vt 0.979000 0.863900
vt 0.864900 0.915500
vt 0.903500 0.915500
vt 0.792900 0.885200
vt 0.953200 0.958500
vt 0.978400 0.958500
vt 0.790800 0.917000
vt 0.904200 0.958500
vt 0.864900 0.958500
vt 0.943800 0.991900
vt 0.864900 0.995800
vt 0.793000 0.958500
vt 0.913700 0.985300
vt 0.980400 0.778600
vt 0.953500 0.751500
vt 0.923500 0.778600
vt 0.860100 0.778600
vt 0.793900 0.747100
vt 0.793900 0.726400
vt 0.960700 0.725900
vt 0.966000 0.698400
vt 0.901800 0.694900
vt 0.968600 0.670100
vt 0.849700 0.683800
vt 0.793900 0.701500
vt 0.917400 0.676100
vt 0.838500 0.663500
vt 0.887700 0.647800
vt 0.858800 0.647800
vt 0.904600 0.652700
vt 0.793900 0.675900
vt 0.402900 0.197000
vt 0.416700 0.191000
vt 0.416600 0.210800
vt 0.448200 0.224900
vt 0.459200 0.188200
vt 0.414000 0.183300
vt 0.425400 0.224400
vt 0.407100 0.173100
vt 0.429500 0.237900
vt 0.491000 0.223800
vt 0.469300 0.242700
vt 0.455800 0.256600
vt 0.429200 0.248700
vt 0.474000 0.295700
vt 0.441000 0.266100
vt 0.422800 0.253600
vt 0.462600 0.300700
vt 0.423400 0.270200
vt 0.443400 0.272700
vt 0.412700 0.254400
vt 0.444000 0.307000
vt 0.411100 0.265700
vt 0.420100 0.276300
vt 0.420700 0.299100
vt 0.422300 0.310900
vt 0.400800 0.248900
vt 0.378800 0.293600
vt 0.337000 0.311500
vt 0.404600 0.273100
vt 0.398800 0.260900
vt 0.385500 0.238000
vt 0.337000 0.294200
vt 0.394800 0.268700
vt 0.382400 0.253200
vt 0.371600 0.227600
vt 0.385100 0.263600
vt 0.337000 0.277500
vt 0.365700 0.235700
vt 0.354700 0.217400
vt 0.342800 0.228000
vt 0.342900 0.216300
vt 0.345400 0.606400
vt 0.332300 0.590900
vt 0.285300 0.625700
vt 0.319900 0.576400
vt 0.306900 0.561400
vt 0.188500 0.945300
vt 0.183500 0.925500
vt 0.171600 0.951200
vt 0.157600 0.925500
vt 0.160800 0.884000
vt 0.143500 0.962100
vt 0.130600 0.843100
vt 0.130700 0.925500
vt 0.111600 0.995400
vt 0.105300 0.925500
vt 0.094500 0.996300
vt 0.085700 0.963700
vt 0.093300 0.926600
vt 0.209000 0.681300
vt 0.218500 0.711900
vt 0.226600 0.680400
vt 0.240300 0.711400
vt 0.233500 0.737800
vt 0.219800 0.737800
vt 0.243500 0.680700
vt 0.247400 0.652400
vt 0.232500 0.751300
vt 0.215200 0.752400
vt 0.246000 0.741900
vt 0.273500 0.749700
vt 0.225800 0.766000
vt 0.211000 0.766700
vt 0.190200 0.755400
vt 0.248300 0.764700
vt 0.272800 0.767100
vt 0.300100 0.781400
vt 0.162100 0.764000
vt 0.162100 0.752000
vt 0.231800 0.779200
vt 0.195600 0.788300
vt 0.280300 0.784600
vt 0.257800 0.782000
vt 0.162100 0.776500
vt 0.187500 0.813300
vt 0.218100 0.804700
vt 0.162100 0.786100
vt 0.176600 0.801300
vt 0.178000 0.836700
vt 0.162100 0.829400
vt 0.162100 0.859600
vt 0.162100 0.799500
vt 0.166600 0.070300
vt 0.166600 0.036300
vt 0.114400 0.041300
vt 0.099800 0.077000
vt 0.083800 0.048100
vt 0.107400 0.010800
vt 0.166800 0.010800
vt 0.117100 0.112600
vt 0.218400 0.040900
vt 0.166600 0.135700
vt 0.221800 0.076800
vt 0.214800 0.112600
vt 0.043200 0.060300
vt 0.069500 0.093900
vt 0.174400 0.145300
vt 0.157600 0.145500
vt 0.251400 0.045800
vt 0.260400 0.093900
vt 0.246100 0.010800
vt 0.061500 0.010800
vt 0.081400 0.142100
vt 0.065000 0.143600
vt 0.206900 0.140300
vt 0.166200 0.156100
vt 0.125900 0.140700
vt 0.287100 0.060300
vt 0.251300 0.141600
vt 0.267800 0.143100
vt 0.019200 0.060500
vt 0.092300 0.167900
vt 0.035400 0.135400
vt 0.061300 0.170600
vt 0.165300 0.161900
vt 0.250100 0.172100
vt 0.299800 0.135000
vt 0.284300 0.162600
vt 0.276800 0.010800
vt 0.129300 0.151200
vt 0.204200 0.153600
vt 0.311500 0.075100
vt 0.204300 0.994100
vt 0.201600 0.951900
vt 0.232900 0.967300
vt 0.239100 0.918200
vt 0.198100 0.919000
vt 0.213400 0.881000
vt 0.186900 0.846700
vt 0.007600 0.987700
vt 0.027200 0.996800
vt 0.008100 0.957400
vt 0.027200 0.965100
vt 0.051300 0.964600
vt 0.051300 0.996800
vt 0.016300 0.903000
vt 0.072400 0.973500
vt 0.034000 0.903000
vt 0.050700 0.903000
vt 0.070800 0.954900
vt 0.042200 0.840900
vt 0.061400 0.903000
vt 0.327400 0.713200
vt 0.373300 0.720400
vt 0.396900 0.681600
vt 0.317200 0.739300
vt 0.420200 0.717000
vt 0.453900 0.682200
vt 0.363500 0.786300
vt 0.317000 0.786300
vt 0.452400 0.720200
vt 0.411200 0.786300
vt 0.448100 0.786300
vt 0.317200 0.739900
vt 0.474000 0.692700
vt 0.420200 0.717500
vt 0.468700 0.749900
vt 0.452400 0.720700
vt 0.480200 0.786300
vt 0.469300 0.749300
vt 0.373300 0.721000
vt 0.327400 0.713700
vt 0.473200 0.693600
vt 0.490100 0.732000
vt 0.479600 0.727300
vt 0.479600 0.727800
vt 0.453900 0.682700
vt 0.473200 0.694200
vt 0.474000 0.693200
vt 0.396900 0.682100
vt 0.495500 0.786300
vt 0.490100 0.732500
vt 0.792600 0.160700
vt 0.732800 0.026500
vt 0.729800 0.095400
vt 0.748600 0.160700
vt 0.690600 0.026500
vt 0.729100 0.160700
vt 0.658600 0.095400
vt 0.648500 0.026500
vt 0.582600 0.160700
vt 0.653800 0.160700
vt 0.627100 0.160700
vt 0.815500 0.565500
vt 0.847500 0.569000
vt 0.835000 0.526700
vt 0.848500 0.616700
vt 0.877400 0.514300
vt 0.887500 0.600000
vt 0.874000 0.631500
vt 0.881400 0.544200
vt 0.935200 0.527200
vt 0.894600 0.630900
vt 0.910700 0.641500
vt 0.952400 0.538100
vt 0.909000 0.624100
vt 0.935200 0.592300
vt 0.932400 0.637300
vt 0.967100 0.581200
vt 0.960100 0.617200
vt 0.260600 0.471400
vt 0.226200 0.471400
vt 0.260600 0.531900
vt 0.214700 0.502300
vt 0.226200 0.531900
vt 0.081000 0.815200
vt 0.084100 0.784400
vt 0.118800 0.814400
vt 0.042000 0.815200
vt 0.126400 0.784500
vt 0.020800 0.784400
vt 0.020800 0.815200
vt 0.091900 0.740200
vt 0.128100 0.724300
vt 0.053500 0.738200
vt 0.097000 0.703200
vt 0.105200 0.657100
vt 0.061900 0.705700
vt 0.020800 0.753300
vt 0.020800 0.723700
vt 0.053400 0.706600
vt 0.077300 0.679300
vt 0.049900 0.682500
vt 0.020800 0.696400
vt 0.041500 0.662700
vt 0.020800 0.621000
vt 0.293400 0.994500
vt 0.313500 0.994500
vt 0.287700 0.942200
vt 0.255900 0.994000
vt 0.302200 0.938300
vt 0.262500 0.948900
vt 0.278800 0.890000
vt 0.257400 0.892400
vt 0.249200 0.842500
vt 0.467400 0.479500
vt 0.475100 0.492700
vt 0.448600 0.492700
vt 0.487300 0.492700
vt 0.429200 0.492700
vt 0.494200 0.477200
vt 0.423200 0.478900
vt 0.495200 0.441700
vt 0.409300 0.442100
vt 0.468700 0.441300
vt 0.468800 0.408000
vt 0.491400 0.399200
vt 0.391200 0.405300
vt 0.473600 0.368400
vt 0.411300 0.362500
vt 0.361600 0.370200
vt 0.359900 0.388900
vt 0.443900 0.363400
s 1
usemtl Sonic:CHE_NML_SNC_body1
f 1/1/1 3/3/2 2/2/2
f 1/1/1 2/2/4 4/4/3
f 1/1/1 5/5/6 3/3/5
f 1/1/1 4/4/3 6/6/4
f 1/1/1 7/7/8 5/5/7
f 1/1/1 6/6/10 8/8/9
f 1/1/1 9/9/11 7/7/8
f 1/1/1 8/8/9 10/10/12
f 1/1/1 11/11/14 9/9/13
f 1/1/1 10/10/12 11/11/15
f 2/2/16 12/12/17 4/4/3
f 6/6/18 4/4/3 13/13/19
f 12/12/20 14/14/22 4/4/21
f 12/12/20 15/15/23 14/14/22
f 4/4/24 14/14/26 13/13/25
f 13/13/27 14/14/22 16/16/28
f 17/17/29 19/19/31 18/18/30
f 18/18/32 19/19/31 20/20/33
f 18/18/32 20/20/35 21/21/34
f 18/18/36 21/21/38 22/22/37
f 18/18/32 22/22/40 23/23/39
f 19/19/41 24/24/42 20/20/33
f 21/21/38 25/25/43 22/22/40
f 21/21/44 20/20/46 26/26/45
f 21/21/38 26/26/45 25/25/43
f 23/23/39 22/22/48 27/27/47
f 24/24/49 28/28/50 20/20/46
f 24/24/49 29/29/51 28/28/50
f 20/20/46 28/28/52 26/26/45
f 25/25/53 30/30/54 22/22/40
f 25/25/55 26/26/57 31/31/56
f 25/25/58 32/32/60 30/30/59
f 25/25/61 31/31/62 32/32/60
f 27/27/63 22/22/48 33/33/64
f 27/27/63 33/33/66 34/34/65
f 22/22/40 30/30/68 33/33/67
f 29/29/69 35/35/71 28/28/70
f 29/29/72 36/36/73 35/35/71
f 26/26/74 37/37/75 31/31/56
f 26/26/74 28/28/52 37/37/76
f 28/28/52 35/35/71 37/37/76
f 32/32/77 38/38/79 30/30/78
f 32/32/77 31/31/80 27/39/63
f 32/32/81 27/39/83 38/38/82
f 34/34/65 33/33/66 39/40/84
f 34/34/85 39/40/87 40/41/86
f 36/36/88 17/42/90 35/35/89
f 37/37/91 23/43/39 31/31/80
f 37/37/91 35/35/92 18/44/32
f 37/37/93 18/44/32 23/43/39
f 18/44/30 35/35/92 17/42/29
f 23/43/39 27/39/83 31/31/80
f 30/30/59 38/38/95 41/45/94
f 30/30/68 41/45/97 33/33/96
f 33/33/67 41/45/99 39/40/98
f 40/41/100 42/47/102 34/46/101
f 38/38/103 27/39/83 34/46/101
f 38/38/95 42/47/104 41/45/94
f 38/38/82 34/46/105 42/47/102
f 39/40/98 41/45/107 43/48/106
f 41/45/108 42/47/110 43/48/109
f 36/49/73 44/51/112 17/50/111
f 17/50/113 44/51/115 45/50/114
f 17/50/29 45/50/116 19/52/31
f 44/51/112 46/53/117 45/50/114
f 44/51/115 47/49/119 46/53/118
f 19/52/31 45/50/116 48/54/120
f 19/52/121 48/54/120 49/55/122
f 19/52/123 49/55/122 50/56/124
f 19/52/125 50/56/127 24/57/126
f 46/53/118 51/52/128 45/50/116
f 45/50/116 51/52/128 48/54/120
f 49/55/122 52/58/129 50/56/124
f 49/55/130 48/54/132 53/59/131
f 49/55/122 53/59/134 52/58/133
f 24/57/42 50/56/136 54/60/135
f 24/57/42 54/60/137 29/61/51
f 51/52/128 55/55/138 48/54/120
f 51/52/139 56/56/140 55/55/138
f 51/52/128 57/57/142 56/56/141
f 55/55/138 56/56/144 52/58/143
f 55/55/145 53/59/146 48/54/120
f 55/55/147 52/58/143 53/59/148
f 50/56/124 58/62/150 54/60/149
f 50/56/151 52/58/129 59/63/152
f 50/56/136 59/63/153 58/62/150
f 52/58/143 56/56/155 59/63/154
f 29/61/69 54/60/149 60/64/156
f 57/57/157 61/60/158 56/56/141
f 57/57/159 62/61/161 61/60/160
f 58/62/150 59/63/153 63/65/162
f 58/62/150 64/66/163 54/60/137
f 58/62/164 63/65/162 65/67/165
f 58/62/164 66/68/166 64/66/163
f 58/62/164 65/67/167 66/68/166
f 60/64/168 54/60/149 67/69/169
f 60/64/156 67/69/169 68/70/170
f 56/56/144 61/60/158 69/62/171
f 56/56/144 69/62/172 59/63/153
f 63/65/162 69/62/174 65/67/173
f 63/65/162 59/63/153 69/62/174
f 62/61/175 70/64/176 61/60/160
f 64/66/163 66/68/166 71/71/177
f 64/66/178 72/72/179 54/60/137
f 64/66/163 71/71/181 73/73/180
f 64/66/182 73/73/184 72/72/183
f 54/60/185 72/72/187 67/69/186
f 68/70/170 67/69/169 74/74/188
f 68/70/189 74/74/191 75/75/190
f 65/67/165 69/62/193 76/68/192
f 65/67/194 77/76/196 66/68/195
f 65/67/173 76/68/198 78/76/197
f 65/67/194 79/77/200 77/76/199
f 65/67/201 78/76/203 80/77/202
f 65/67/173 81/78/205 79/77/204
f 65/67/165 80/77/202 81/78/206
f 61/60/207 70/64/176 82/69/208
f 61/60/209 83/66/210 69/62/172
f 61/60/160 82/69/212 84/72/211
f 61/60/160 84/72/214 83/66/213
f 69/62/215 83/66/210 76/68/216
f 71/71/181 85/79/218 73/73/217
f 71/71/177 66/68/195 86/80/219
f 71/71/177 86/80/219 85/79/220
f 66/68/221 77/76/196 86/80/219
f 72/72/183 87/81/222 67/69/169
f 72/72/183 73/73/184 88/82/223
f 72/72/183 88/82/225 87/81/224
f 73/73/184 85/79/226 88/82/225
f 67/69/227 87/81/224 74/74/188
f 75/75/228 74/74/230 89/83/229
f 78/76/197 90/84/232 80/77/231
f 78/76/203 76/68/198 91/80/233
f 78/76/197 91/80/234 90/84/232
f 79/77/235 81/78/205 92/85/236
f 79/77/237 93/84/239 77/76/238
f 79/77/204 92/85/241 93/84/240
f 74/74/188 87/81/224 93/84/240
f 74/74/188 92/85/236 89/83/229
f 74/74/188 93/84/242 92/85/241
f 87/81/224 88/82/225 93/84/240
f 77/76/243 93/84/240 86/80/219
f 70/64/176 94/70/244 82/69/208
f 84/72/211 95/73/246 83/66/245
f 84/72/211 82/69/208 96/81/247
f 84/72/211 97/82/249 95/73/248
f 84/72/211 96/81/247 97/82/250
f 85/79/218 98/86/251 88/82/225
f 85/79/218 86/80/219 98/86/251
f 98/86/251 93/84/240 88/82/225
f 98/86/252 86/80/253 93/84/242
f 80/77/254 90/84/256 99/85/255
f 80/77/254 99/85/255 81/78/205
f 76/68/257 100/71/258 91/80/234
f 76/68/192 83/66/210 100/71/259
f 83/66/245 95/73/248 100/71/260
f 89/83/261 92/85/263 101/87/262
f 81/78/205 99/85/264 101/87/262
f 81/78/265 101/87/262 92/85/236
f 94/70/266 102/74/267 82/69/208
f 94/70/266 103/75/269 102/74/268
f 96/81/247 90/84/256 97/82/250
f 96/81/247 82/69/270 102/74/267
f 96/81/271 102/74/267 90/84/272
f 91/80/234 100/71/274 104/79/273
f 91/80/233 105/86/276 90/84/275
f 91/80/233 104/79/277 105/86/276
f 104/79/277 95/73/279 97/82/278
f 104/79/280 100/71/258 95/73/281
f 104/79/282 97/82/250 105/86/283
f 90/84/275 102/74/267 99/85/255
f 90/84/256 105/86/283 97/82/284
f 101/87/262 99/85/264 106/83/285
f 106/83/286 102/74/267 103/75/287
f 106/83/286 99/85/255 102/74/267
f 46/17/288 107/18/290 51/19/289
f 51/19/289 107/18/292 108/20/291
f 51/19/293 108/20/295 57/24/294
f 107/18/296 109/21/297 108/20/295
f 107/18/296 110/22/298 109/21/297
f 107/18/296 111/23/300 110/22/299
f 57/24/159 108/20/302 112/28/301
f 57/24/159 112/28/303 62/29/161
f 109/21/304 110/22/299 113/25/305
f 109/21/297 114/26/306 108/20/302
f 109/21/297 113/25/307 114/26/306
f 108/20/295 114/26/308 112/28/301
f 111/23/309 115/27/311 110/22/310
f 62/29/312 112/28/314 116/35/313
f 62/29/161 116/35/315 47/36/119
f 113/25/316 117/31/318 114/26/317
f 113/25/319 110/22/299 118/30/320
f 113/25/316 119/32/322 117/31/321
f 113/25/316 118/30/323 119/32/322
f 115/27/324 120/33/325 110/22/299
f 115/27/311 121/34/327 120/33/326
f 110/22/328 120/33/330 118/30/329
f 112/28/331 122/37/333 116/35/332
f 112/28/331 114/26/335 122/37/334
f 114/26/335 117/31/318 122/37/336
f 47/36/337 116/35/338 46/42/288
f 119/32/322 118/30/323 123/38/339
f 119/32/340 115/39/342 117/31/341
f 119/32/322 123/38/344 115/39/343
f 121/34/345 124/40/346 120/33/326
f 121/34/347 125/41/349 124/40/348
f 122/37/350 107/44/351 116/35/338
f 122/37/352 117/31/341 111/43/300
f 122/37/353 111/43/354 107/44/351
f 111/43/355 117/31/357 115/39/356
f 107/44/290 46/42/117 116/35/315
f 118/30/323 126/45/358 123/38/339
f 118/30/329 120/33/360 126/45/359
f 120/33/330 124/40/362 126/45/361
f 125/41/363 121/46/365 127/47/364
f 123/38/366 121/46/365 115/39/342
f 123/38/339 126/45/359 127/47/367
f 123/38/366 127/47/368 121/46/365
f 124/40/369 128/48/370 126/45/359
f 128/48/371 127/47/367 126/45/372
f 129/88/373 131/90/375 130/89/374
f 130/89/376 131/90/375 132/91/377
f 130/89/376 132/91/379 133/92/378
f 133/92/380 132/91/382 134/93/381
f 129/94/373 135/96/383 131/95/375
f 131/95/375 135/96/383 136/97/384
f 131/95/385 136/97/387 137/98/386
f 131/95/388 137/98/386 132/99/379
f 135/96/389 138/100/390 136/97/387
f 136/97/391 138/100/392 137/98/386
f 132/99/377 137/98/394 139/101/393
f 132/99/395 139/101/393 134/102/396
f 137/98/397 138/100/392 139/101/398
f 134/102/381 139/101/399 133/103/378
f 138/100/392 140/104/400 139/101/393
f 138/100/401 141/105/403 140/104/402
f 138/100/401 135/106/389 141/105/404
f 140/104/402 133/103/378 139/101/393
f 140/104/405 141/105/404 133/103/380
f 135/106/406 130/107/376 141/105/407
f 135/106/406 129/108/373 130/107/376
f 130/107/376 133/103/409 141/105/408
f 142/15/410 144/12/412 143/14/411
f 143/14/413 144/12/415 145/4/414
f 143/14/413 145/4/414 146/13/416
f 143/14/413 146/13/416 147/16/417
f 144/12/418 148/2/419 145/4/414
f 146/13/420 145/4/414 149/6/421
f 148/2/422 150/1/423 145/4/414
f 148/2/424 151/3/424 150/1/423
f 145/4/414 150/1/423 149/6/422
f 151/3/421 152/5/425 150/1/423
f 149/6/422 150/1/426 153/8/422
f 152/5/427 154/7/428 150/1/423
f 153/8/422 150/1/423 155/10/429
f 154/7/428 156/9/430 150/1/423
f 155/10/431 150/1/423 157/11/432
f 150/1/423 156/9/430 157/11/433
f 158/109/434 160/111/436 159/110/435
f 159/110/437 160/111/439 152/112/438
f 159/110/437 152/112/438 151/113/440
f 159/110/437 151/113/440 148/114/441
f 160/111/436 161/115/442 152/112/438
f 160/111/436 162/116/444 161/115/443
f 160/111/445 163/117/447 162/116/446
f 152/112/438 161/115/449 154/118/448
f 162/116/444 163/117/451 155/119/450
f 162/116/444 156/120/452 161/115/443
f 162/116/444 155/119/454 157/121/453
f 162/116/444 157/121/455 156/120/452
f 156/120/456 154/118/448 161/115/443
f 163/117/447 164/122/457 155/119/454
f 163/117/447 165/123/459 164/122/458
f 155/119/454 164/122/457 153/124/460
f 153/124/460 164/122/457 149/125/461
f 149/126/462 164/128/457 146/127/463
f 146/127/463 164/128/457 166/129/464
f 166/129/465 164/128/458 167/130/466
f 167/130/466 164/128/458 165/131/459
f 167/130/466 165/131/468 168/132/467
f 168/132/469 165/131/468 158/133/434
f 168/132/467 158/133/434 169/134/470
f 169/134/470 158/133/471 159/135/437
f 169/134/472 159/135/437 144/136/473
f 144/136/473 159/135/437 148/137/441
f 170/138/474 172/140/475 171/139/475
f 171/139/476 172/140/476 173/141/477
f 174/142/478 176/144/480 175/143/479
f 175/143/481 176/144/483 177/145/482
f 175/143/481 177/145/482 178/146/484
f 175/143/485 178/146/487 179/147/486
f 175/143/488 179/147/486 174/148/489
f 177/145/490 180/149/492 178/146/491
f 177/145/490 181/150/493 180/149/492
f 179/147/486 178/146/495 182/151/494
f 179/147/496 182/151/498 183/152/497
f 179/147/499 183/152/500 174/153/489
f 178/146/495 180/149/492 182/151/501
f 181/150/493 184/154/502 180/149/492
f 181/150/493 185/155/504 184/154/503
f 183/152/497 182/151/506 186/156/505
f 183/152/507 186/156/509 176/157/508
f 183/152/510 176/157/512 174/158/511
f 180/149/492 184/154/502 187/159/513
f 180/149/492 187/159/514 182/151/501
f 185/155/515 188/160/516 184/154/503
f 186/156/509 177/161/482 176/157/480
f 186/156/505 182/151/494 189/162/517
f 186/156/509 189/162/517 177/161/482
f 182/151/494 187/159/519 189/162/518
f 184/154/520 188/160/522 190/163/521
f 184/154/520 190/163/523 187/159/514
f 187/159/514 190/163/524 189/162/517
f 177/161/482 189/162/517 181/164/525
f 188/160/526 191/165/527 190/163/523
f 181/164/525 189/162/518 192/166/528
f 181/164/529 192/166/531 185/167/530
f 190/163/524 191/165/533 192/166/532
f 190/163/534 192/166/535 189/162/518
f 185/167/536 192/166/528 193/168/537
f 192/166/532 191/165/533 193/168/538
f 194/169/539 196/171/541 195/170/540
f 195/170/540 196/171/543 197/172/542
f 197/172/542 196/171/545 198/173/544
f 197/172/546 198/173/548 199/174/547
f 196/171/549 200/175/551 198/173/550
f 196/171/552 194/176/554 200/175/553
f 199/174/555 198/173/548 201/177/556
f 199/174/555 201/177/556 202/178/557
f 199/174/555 202/178/557 203/179/558
f 199/174/547 203/179/558 204/180/559
f 199/174/547 204/180/560 197/181/546
f 201/177/561 198/173/550 200/175/562
f 201/177/563 200/175/551 202/178/564
f 194/176/539 205/182/565 200/175/562
f 194/176/554 206/183/566 205/182/565
f 194/176/554 207/184/567 206/183/566
f 194/176/568 195/185/540 207/184/569
f 206/183/566 203/179/570 202/178/564
f 206/183/571 207/184/573 204/180/572
f 206/183/574 202/178/576 205/182/575
f 206/183/571 204/180/572 203/179/577
f 204/180/578 195/185/580 197/181/579
f 204/180/572 207/184/581 195/185/540
f 202/178/564 200/175/553 205/182/565
f 208/186/582 210/188/584 209/187/583
f 209/187/585 210/188/584 211/189/586
f 209/187/585 211/189/588 212/190/587
f 209/187/589 212/190/591 213/191/590
f 209/187/583 213/191/590 208/192/592
f 210/188/584 214/193/594 211/189/593
f 212/190/595 215/194/597 213/191/596
f 212/190/598 211/189/588 216/195/599
f 212/190/595 216/195/599 215/194/600
f 208/192/592 213/191/590 217/196/601
f 214/193/594 218/197/602 211/189/588
f 214/193/603 219/198/605 218/197/604
f 211/189/588 218/197/604 216/195/599
f 215/194/606 220/199/607 213/191/596
f 215/194/606 216/195/599 221/200/608
f 215/194/606 222/201/609 220/199/607
f 215/194/606 221/200/611 222/201/610
f 216/195/612 218/197/613 221/200/608
f 213/191/614 220/199/607 217/196/615
f 219/198/616 223/202/617 218/197/604
f 222/201/609 221/200/611 224/203/618
f 222/201/619 225/204/621 220/199/620
f 222/201/609 224/203/622 225/204/621
f 218/197/604 223/202/624 226/205/623
f 218/197/604 226/205/623 221/200/608
f 226/205/623 224/203/625 221/200/611
f 226/205/626 223/202/627 224/203/618
f 224/206/618 223/208/628 225/207/621
f 225/207/621 223/208/628 227/209/629
f 225/207/630 227/209/632 228/210/631
f 225/207/621 228/210/631 229/211/633
f 225/207/634 229/211/635 220/212/620
f 220/212/607 229/211/635 217/213/636
f 217/213/636 229/211/633 230/214/637
f 217/213/636 230/214/637 208/215/638
f 229/211/633 231/216/640 230/214/639
f 229/211/635 232/217/642 231/216/641
f 208/215/643 230/214/637 210/218/584
f 231/216/640 232/217/645 233/219/644
f 231/216/646 234/220/648 230/214/647
f 231/216/640 233/219/650 235/221/649
f 231/216/646 235/221/651 234/220/648
f 210/218/652 230/214/639 236/222/653
f 230/214/647 234/220/648 236/222/654
f 232/217/655 237/223/656 233/219/644
f 238/123/657 240/117/659 239/122/658
f 239/122/660 240/117/662 10/119/661
f 239/122/663 10/119/665 8/124/664
f 239/122/663 8/124/664 6/125/666
f 240/117/662 241/116/668 10/119/667
f 240/117/659 242/111/670 241/116/669
f 10/119/667 241/116/669 11/121/671
f 242/111/672 243/115/674 241/116/673
f 242/111/670 5/112/676 243/115/675
f 242/111/677 244/110/678 5/112/676
f 242/111/677 245/109/679 244/110/678
f 11/121/680 241/116/668 9/120/681
f 241/116/668 243/115/674 9/120/681
f 5/112/676 244/110/678 3/113/682
f 5/112/676 7/118/683 243/115/674
f 7/118/684 9/120/681 243/115/675
f 3/113/682 244/110/678 2/114/685
f 246/88/686 248/89/688 247/90/687
f 247/90/689 248/89/688 249/91/690
f 249/91/690 248/89/692 250/92/691
f 249/91/690 250/92/694 251/93/693
f 246/94/695 247/95/687 252/96/696
f 252/96/696 247/95/698 253/97/697
f 252/96/696 253/97/700 254/100/699
f 247/95/689 255/98/702 253/97/701
f 247/95/687 249/99/704 255/98/703
f 253/97/700 255/98/702 254/100/705
f 249/99/706 256/101/707 255/98/703
f 249/99/708 251/102/709 256/101/707
f 255/98/702 256/101/711 254/100/710
f 251/102/712 250/103/694 256/101/713
f 254/100/699 256/101/707 257/104/714
f 254/100/699 257/104/716 258/105/715
f 254/100/699 258/105/715 252/106/717
f 257/104/718 256/101/713 250/103/694
f 257/104/714 250/103/691 258/105/719
f 252/106/696 258/105/721 248/107/720
f 252/106/696 248/107/720 246/108/722
f 248/107/723 258/105/719 250/103/694
f 259/141/724 261/140/725 260/139/725
f 260/139/726 261/140/726 262/138/727
f 6/126/666 13/127/729 239/128/728
f 239/128/728 13/127/731 263/129/730
f 239/128/658 263/129/730 264/130/732
f 239/128/728 264/130/733 238/131/657
f 238/131/734 264/130/732 265/132/735
f 238/131/657 265/132/736 245/133/679
f 245/133/679 265/132/735 266/134/737
f 245/133/679 266/134/737 244/135/678
f 244/135/678 266/134/739 12/136/738
f 244/135/678 12/136/738 2/137/685
f 267/224/740 269/226/742 268/225/741
f 268/225/741 269/226/744 270/227/743
f 268/225/741 270/227/746 271/228/745
f 268/225/741 271/228/745 272/229/747
f 269/226/748 273/230/750 270/227/749
f 272/229/747 271/228/745 274/231/751
f 270/227/749 273/230/753 275/232/752
f 270/227/746 276/233/754 271/228/745
f 270/227/749 275/232/752 277/234/755
f 270/227/756 277/234/755 276/233/754
f 275/232/757 278/235/758 277/234/755
f 275/232/757 279/236/759 278/235/758
f 276/233/754 277/234/755 280/237/760
f 277/234/755 278/235/758 280/237/761
f 279/236/759 281/238/762 278/235/758
f 279/236/759 282/239/763 281/238/762
f 280/237/760 278/235/765 283/240/764
f 281/238/762 282/239/767 284/241/766
f 281/238/762 285/242/769 278/235/768
f 281/238/770 284/241/766 285/242/769
f 278/235/758 285/242/769 283/240/771
f 282/239/772 286/243/774 284/241/773
f 283/240/764 285/242/769 287/244/775
f 284/241/773 286/243/777 288/245/776
f 284/241/773 289/246/778 285/242/769
f 284/241/773 288/245/779 289/246/778
f 287/244/780 285/242/782 290/247/781
f 287/244/780 290/247/781 291/248/783
f 285/242/769 289/246/785 290/247/784
f 286/243/786 292/249/787 288/245/776
f 291/248/783 290/247/789 293/250/788
f 291/248/783 293/250/791 294/251/790
f 289/246/792 288/245/776 295/252/793
f 289/246/785 295/252/794 290/247/789
f 290/247/781 295/252/793 293/250/795
f 292/249/787 296/253/796 288/245/779
f 292/249/787 297/254/797 296/253/796
f 294/251/798 293/250/791 298/255/799
f 294/251/798 298/255/801 299/250/800
f 294/251/798 299/250/803 300/248/802
f 295/252/794 288/245/776 301/256/804
f 295/252/794 301/256/806 293/250/805
f 288/245/776 296/253/807 301/256/804
f 297/254/808 302/257/810 296/253/809
f 297/254/808 303/258/811 302/257/810
f 298/255/799 304/259/813 299/250/812
f 298/255/814 293/250/795 305/259/815
f 298/255/801 306/260/817 304/259/816
f 298/255/814 305/259/819 306/260/818
f 305/259/819 293/250/805 301/256/806
f 305/259/819 296/253/821 302/257/820
f 305/259/819 302/257/810 306/260/818
f 305/259/819 301/256/804 296/253/821
f 300/248/802 299/250/800 307/247/822
f 300/248/802 307/247/824 308/244/823
f 303/258/825 309/261/826 302/257/810
f 303/258/827 310/262/829 309/261/828
f 302/257/830 309/261/826 306/260/818
f 304/259/816 311/256/831 299/250/800
f 304/259/816 306/260/817 312/257/832
f 304/259/816 313/253/833 311/256/831
f 304/259/816 312/257/834 313/253/833
f 308/244/835 307/247/824 314/242/836
f 308/244/837 314/242/839 315/240/838
f 310/262/840 316/263/842 309/261/841
f 310/262/843 317/264/845 316/263/844
f 309/261/846 316/263/848 306/260/847
f 299/250/803 311/256/850 318/252/849
f 299/250/803 318/252/849 307/247/822
f 313/253/851 312/257/853 319/254/852
f 313/253/854 320/245/855 311/256/831
f 313/253/851 319/254/857 321/249/856
f 313/253/833 321/249/856 320/245/858
f 311/256/859 320/245/861 318/252/860
f 315/240/838 314/242/839 322/235/862
f 315/240/838 322/235/864 323/237/863
f 317/264/845 324/262/865 316/263/842
f 306/260/817 325/261/866 312/257/832
f 306/260/847 316/263/844 325/261/867
f 316/263/842 324/262/869 325/261/868
f 307/247/870 318/252/849 326/246/871
f 307/247/822 326/246/871 314/242/839
f 318/252/872 320/245/858 326/246/873
f 319/254/874 312/257/832 327/258/875
f 327/258/876 325/261/868 324/262/869
f 327/258/876 312/257/878 325/261/877
f 321/249/856 328/243/880 320/245/879
f 323/237/881 322/235/883 329/234/882
f 323/237/884 329/234/882 330/233/885
f 314/242/886 326/246/888 331/241/887
f 314/242/839 332/238/889 322/235/883
f 314/242/836 331/241/890 332/238/889
f 320/245/879 328/243/892 331/241/891
f 320/245/858 331/241/890 326/246/873
f 330/233/885 329/234/882 333/227/893
f 330/233/885 333/227/895 334/228/894
f 322/235/864 332/238/889 335/236/896
f 322/235/883 336/232/897 329/234/882
f 322/235/883 335/236/899 336/232/898
f 329/234/900 336/232/901 333/227/893
f 328/243/892 337/239/902 331/241/891
f 337/239/902 335/236/903 332/238/889
f 337/239/904 332/238/905 331/241/887
f 334/228/906 333/227/895 338/225/907
f 334/228/908 338/225/907 339/229/909
f 334/228/906 339/229/909 340/231/910
f 336/232/897 341/230/911 333/227/893
f 338/225/912 333/227/893 342/226/913
f 338/225/912 342/226/913 343/224/914
f 342/226/915 333/227/893 341/230/911
f 291/265/916 344/267/917 287/266/780
f 287/266/780 344/267/917 283/268/764
f 283/268/764 344/267/917 280/269/760
f 345/270/918 347/272/920 346/271/919
f 346/271/919 347/272/920 348/273/921
f 346/271/919 348/273/923 349/274/922
f 347/272/924 350/275/925 348/273/921
f 349/274/926 348/273/923 351/276/927
f 350/275/928 352/277/930 348/273/929
f 350/275/931 353/278/932 352/277/930
f 348/273/923 352/277/930 351/276/933
f 353/278/934 354/279/935 352/277/930
f 353/278/934 355/280/936 354/279/935
f 352/277/930 354/279/935 351/276/927
f 355/280/936 356/281/937 354/279/935
f 351/276/927 354/279/935 357/282/938
f 354/279/935 356/281/939 357/282/938
f 334/283/894 358/285/940 330/284/885
f 330/284/885 358/285/940 359/286/941
f 330/284/942 359/286/941 360/287/943
f 330/284/885 360/287/944 323/288/863
f 358/285/940 361/289/945 359/286/941
f 358/285/940 362/290/947 361/289/946
f 323/288/884 360/287/944 363/291/948
f 323/288/881 363/291/948 364/292/949
f 359/286/950 365/293/951 360/287/944
f 359/286/941 366/294/953 365/293/952
f 364/292/954 363/291/956 367/295/955
f 364/292/957 367/295/959 368/296/958
f 364/292/949 368/296/960 300/297/802
f 360/287/961 365/293/963 369/298/962
f 360/287/944 369/298/964 363/291/948
f 363/291/948 369/298/964 367/295/965
f 366/294/966 370/299/967 365/293/963
f 366/294/966 371/300/969 370/299/968
f 365/293/963 370/299/968 369/298/964
f 300/297/802 368/296/958 372/301/970
f 300/297/971 372/301/972 294/302/798
f 367/295/965 369/298/962 373/303/973
f 367/295/965 374/304/974 368/296/958
f 367/295/965 373/303/976 374/304/975
f 371/300/977 375/305/979 370/299/978
f 294/302/980 372/301/970 291/297/981
f 369/298/962 376/306/982 373/303/973
f 369/298/964 370/299/968 376/306/983
f 370/299/968 375/305/985 376/306/984
f 368/296/958 374/304/974 377/307/986
f 368/296/958 377/307/987 372/301/970
f 291/297/783 372/301/970 378/296/988
f 291/297/989 378/296/990 344/292/917
f 372/301/970 377/307/991 378/296/988
f 373/303/992 379/308/994 374/304/993
f 373/303/973 380/309/996 379/308/995
f 344/292/997 378/296/990 381/295/998
f 344/292/999 381/295/998 382/291/1000
f 344/292/997 382/291/1001 280/288/760
f 377/307/986 374/304/974 383/310/1002
f 377/307/991 384/304/1003 378/296/990
f 377/307/991 383/310/1002 384/304/1003
f 378/296/990 384/304/1005 381/295/1004
f 379/308/995 385/311/1007 374/304/1006
f 379/308/995 386/312/1008 385/311/1007
f 374/304/975 385/311/1007 383/310/1002
f 280/288/760 382/291/1000 387/287/1009
f 280/288/760 387/287/1010 276/284/754
f 381/295/998 384/304/1012 345/303/1011
f 381/295/998 388/298/1013 382/291/1000
f 381/295/998 345/303/1011 388/298/1013
f 382/291/1000 388/298/1013 387/287/1014
f 386/312/1015 389/313/1016 385/311/1007
f 386/312/1015 390/314/1018 389/313/1017
f 383/310/1019 391/311/1020 384/304/1012
f 383/310/1002 385/311/1022 392/315/1021
f 383/310/1002 392/315/1024 391/311/1023
f 392/315/1024 389/313/1026 391/311/1025
f 392/315/1021 385/311/1007 389/313/1026
f 276/284/754 387/287/1027 356/286/937
f 276/284/754 356/286/937 393/285/1028
f 276/284/754 393/285/1028 271/283/745
f 345/303/1011 346/306/1029 388/298/1013
f 345/303/1011 384/304/1012 394/308/1030
f 345/303/1031 394/308/1030 347/309/924
f 384/304/1003 391/311/1020 394/308/1030
f 390/314/1018 395/312/1032 389/313/1026
f 395/312/1033 394/308/1030 391/311/1020
f 395/312/1034 391/311/1035 389/313/1026
f 387/287/1027 396/293/1036 356/286/937
f 387/287/1014 388/298/1013 396/293/1036
f 393/285/1037 356/286/937 397/289/1038
f 393/285/1028 397/289/1040 398/290/1039
f 346/306/1041 399/299/1042 388/298/1013
f 346/306/1041 349/305/1043 399/299/1042
f 388/298/1013 399/299/1042 396/293/1036
f 356/286/937 396/293/1045 357/294/1044
f 396/293/1036 399/299/1042 357/294/1046
f 349/305/1047 351/300/1049 399/299/1048
f 351/300/1050 357/294/938 399/299/1042
f 400/316/1051 402/318/1053 401/317/1052
f 402/318/1053 403/319/1054 401/316/1052
f 402/318/1055 404/320/1057 403/319/1056
f 402/318/1058 405/321/1060 404/320/1059
f 402/318/1061 406/322/1063 405/321/1062
f 402/318/1061 400/317/1064 406/322/1063
f 401/316/1065 403/319/1067 407/323/1066
f 401/316/1068 408/324/1070 400/317/1069
f 401/316/1065 407/323/1066 409/325/1071
f 401/316/1068 410/326/1072 408/324/1070
f 401/316/1073 409/325/1075 411/327/1074
f 401/316/1068 411/327/1074 410/326/1076
f 400/317/1077 408/324/1078 406/322/1063
f 404/320/1079 405/321/1081 412/328/1080
f 404/320/1057 413/329/1082 403/319/1056
f 404/320/1083 412/328/1080 413/329/1084
f 403/319/1067 413/329/1082 407/323/1085
f 409/325/1075 414/330/1087 411/327/1086
f 409/325/1075 407/323/1089 415/331/1088
f 410/326/1090 416/332/1091 408/324/1070
f 410/326/1092 411/327/1074 417/333/1093
f 410/326/1090 417/333/1093 416/332/1094
f 406/322/1063 408/324/1078 418/334/1095
f 408/324/1078 416/332/1091 418/334/1095
f 405/321/1060 340/335/1097 412/328/1096
f 413/329/1098 419/336/1100 407/323/1099
f 413/329/1101 412/328/1080 420/337/1102
f 413/329/1101 420/337/1104 419/336/1103
f 414/330/1105 421/338/1106 411/327/1086
f 414/330/1087 422/339/1107 421/338/1106
f 415/331/1108 407/323/1089 423/340/1109
f 415/331/1088 423/340/1109 422/339/1110
f 407/323/1089 419/336/1103 423/340/1111
f 417/333/1093 424/341/1113 416/332/1112
f 417/333/1114 411/327/1086 425/342/1115
f 417/333/1116 426/343/1117 424/341/1113
f 417/333/1116 425/342/1115 426/343/1117
f 411/327/1086 421/338/1118 425/342/1115
f 416/332/1119 424/341/1113 418/334/1120
f 340/335/1097 339/344/1122 412/328/1121
f 420/337/1102 427/345/1124 419/336/1123
f 420/337/1104 412/328/1121 338/346/907
f 420/337/1125 343/347/1127 427/345/1126
f 420/337/1128 338/346/912 343/347/1127
f 338/346/907 412/328/1121 339/344/1122
f 422/339/1129 423/340/1131 428/348/1130
f 422/339/1129 428/348/1133 421/338/1132
f 426/343/1134 425/342/1115 429/349/1135
f 426/343/1117 268/350/741 424/341/1136
f 426/343/1137 429/349/1135 267/351/740
f 426/343/1138 267/351/740 268/350/1139
f 418/334/1095 424/341/1113 274/352/1140
f 419/336/1123 427/345/1142 430/353/1141
f 419/336/1123 430/353/1144 423/340/1143
f 430/353/1145 428/348/1130 423/340/1146
f 421/338/1132 431/354/1148 425/342/1147
f 421/338/1132 428/348/1149 431/354/1148
f 431/354/1150 429/349/1135 425/342/1151
f 268/350/741 272/355/1152 424/341/1136
f 272/355/1152 274/352/1154 424/341/1153
f 300/265/1155 308/266/835 364/267/949
f 364/267/949 308/266/835 315/268/1156
f 364/267/1157 315/268/838 323/269/863
f 373/270/976 376/271/1159 380/272/1158
f 380/272/1158 376/271/984 432/273/1160
f 380/272/1161 432/273/1160 433/275/1162
f 376/271/1159 375/274/985 432/273/1160
f 433/275/1163 432/273/1160 434/277/1164
f 433/275/1165 434/277/1164 435/278/1166
f 375/274/985 371/276/1168 432/273/1167
f 432/273/1160 371/276/1169 434/277/1164
f 435/278/1170 434/277/1172 436/279/1171
f 435/278/1170 436/279/1174 437/280/1173
f 434/277/1164 371/276/977 436/279/1171
f 437/280/1173 436/279/1174 359/281/1175
f 371/276/969 366/282/966 436/279/1174
f 366/282/966 359/281/941 436/279/1174
f 350/356/928 347/358/924 438/357/1176
f 438/357/1176 347/358/920 394/359/1030
f 438/357/1177 394/359/1030 439/360/1178
f 438/357/1179 439/360/1180 379/359/995
f 438/357/1176 379/359/995 380/358/1158
f 438/357/1176 380/358/996 433/356/1162
f 394/359/1030 395/361/1033 439/360/1178
f 379/359/994 439/360/1180 386/361/1008
f 395/361/1181 390/362/1183 439/360/1182
f 390/362/1184 386/361/1185 439/360/1178
f 440/363/1186 441/365/1187 353/364/934
f 353/364/1188 441/365/1190 442/366/1189
f 353/364/934 442/366/1192 443/367/1191
f 353/364/1193 443/367/1191 355/368/1194
f 441/365/1187 444/369/1195 442/366/1189
f 355/368/1194 443/367/1196 356/370/939
f 442/366/1197 444/369/1195 445/371/1198
f 442/366/1192 446/372/1199 443/367/1191
f 442/366/1192 445/371/1198 446/372/1200
f 356/370/1201 443/367/1202 397/373/1038
f 443/367/1191 446/372/1203 397/373/1038
f 444/369/1195 447/374/1204 445/371/1198
f 445/371/1198 447/374/1205 446/372/1200
f 397/373/1206 446/372/1203 398/375/1207
f 446/372/1208 447/374/1209 398/375/1207
f 448/363/1210 435/364/1170 449/365/1211
f 449/365/1211 435/364/1213 450/366/1212
f 449/365/1211 450/366/1212 451/369/1214
f 435/364/1170 452/367/1215 450/366/1212
f 435/364/1216 437/368/1217 452/367/1215
f 451/369/1214 450/366/1219 453/371/1218
f 451/369/1220 453/371/1218 454/374/1221
f 452/367/1222 437/368/1223 359/370/1175
f 452/367/1224 455/372/1225 450/366/1212
f 452/367/1226 359/370/1175 361/373/945
f 452/367/1226 361/373/945 455/372/1227
f 453/371/1218 455/372/1225 454/374/1228
f 453/371/1218 450/366/1219 455/372/1229
f 361/373/945 362/375/1230 455/372/1225
f 362/375/1231 454/374/1221 455/372/1225
f 456/169/1232 458/170/1234 457/171/1233
f 457/171/1235 458/170/1237 459/172/1236
f 457/171/1235 459/172/1236 460/173/1238
f 457/171/1235 460/173/1240 461/175/1239
f 457/171/1241 461/175/1242 456/176/1232
f 459/172/1243 462/174/1245 460/173/1244
f 456/176/1232 461/175/1247 463/182/1246
f 456/176/1248 463/182/1246 464/183/1249
f 456/176/1250 464/183/1252 465/184/1251
f 456/176/1250 465/184/1251 458/185/1234
f 460/173/1244 462/174/1254 466/177/1253
f 460/173/1240 466/177/1253 461/175/1239
f 463/182/1255 467/178/1256 464/183/1252
f 463/182/1255 461/175/1239 467/178/1257
f 466/177/1253 462/174/1258 467/178/1256
f 466/177/1253 467/178/1257 461/175/1239
f 458/185/1237 465/184/1260 468/180/1259
f 458/185/1237 468/180/1259 459/181/1261
f 459/181/1236 468/180/1259 462/174/1245
f 465/184/1262 464/183/1252 468/180/1263
f 467/178/1256 462/174/1258 469/179/1264
f 467/178/1257 469/179/1265 464/183/1252
f 469/179/1264 462/174/1245 468/180/1259
f 469/179/1266 468/180/1268 464/183/1267
f 470/186/1269 472/187/1271 471/188/1270
f 471/188/1272 472/187/1274 473/189/1273
f 471/188/1272 473/189/1276 474/193/1275
f 472/187/1271 475/190/1277 473/189/1276
f 472/187/1278 476/191/1280 475/190/1279
f 472/187/1278 470/192/1281 476/191/1280
f 474/193/1275 473/189/1276 477/197/1282
f 474/193/1275 477/197/1284 478/198/1283
f 475/190/1285 476/191/1280 479/194/1286
f 475/190/1277 480/195/1287 473/189/1273
f 475/190/1285 479/194/1286 480/195/1287
f 473/189/1276 480/195/1287 477/197/1284
f 470/192/1288 481/196/1289 476/191/1280
f 478/198/1290 477/197/1284 482/202/1291
f 479/194/1292 483/200/1294 480/195/1293
f 479/194/1286 476/191/1280 484/199/1295
f 479/194/1286 485/201/1297 483/200/1296
f 479/194/1298 484/199/1299 485/201/1297
f 476/191/1280 481/196/1300 484/199/1295
f 480/195/1287 483/200/1301 477/197/1284
f 482/202/1302 477/197/1284 486/205/1303
f 482/202/1291 486/205/1303 487/203/1304
f 483/200/1294 485/201/1297 487/203/1304
f 483/200/1305 486/205/1306 477/197/1282
f 483/200/1301 487/203/1304 486/205/1303
f 484/199/1295 488/204/1307 485/201/1297
f 488/204/1307 487/203/1304 485/201/1308
f 487/206/1304 488/207/1309 482/208/1291
f 482/208/1291 488/207/1307 489/209/1310
f 489/209/1311 488/207/1313 490/210/1312
f 490/210/1314 488/207/1313 491/211/1315
f 491/211/1315 488/207/1317 484/212/1316
f 491/211/1318 484/212/1295 481/213/1319
f 491/211/1315 481/213/1319 492/214/1320
f 491/211/1318 492/214/1320 493/216/1321
f 491/211/1315 493/216/1323 494/217/1322
f 481/213/1319 470/215/1281 492/214/1320
f 494/217/1324 493/216/1323 495/219/1325
f 494/217/1326 495/219/1328 496/223/1327
f 492/214/1329 470/215/1331 471/218/1330
f 492/214/1320 497/220/1332 493/216/1321
f 492/214/1333 471/218/1272 498/222/1334
f 492/214/1320 498/222/1335 497/220/1332
f 495/219/1328 493/216/1321 499/221/1336
f 493/216/1337 497/220/1339 499/221/1338
f 500/142/1340 502/143/1342 501/144/1341
f 501/144/1341 502/143/1342 503/145/1343
f 503/145/1343 502/143/1345 504/146/1344
f 503/145/1343 504/146/1347 505/149/1346
f 503/145/1343 505/149/1349 506/150/1348
f 502/143/1350 507/147/1352 504/146/1351
f 502/143/1350 500/148/1354 507/147/1353
f 506/150/1355 505/149/1357 508/154/1356
f 506/150/1358 508/154/1360 509/155/1359
f 504/146/1351 507/147/1362 510/151/1361
f 504/146/1351 510/151/1363 505/149/1346
f 509/155/1359 508/154/1356 511/160/1364
f 507/147/1365 512/152/1367 510/151/1366
f 507/147/1365 500/153/1369 512/152/1368
f 505/149/1346 513/159/1371 508/154/1370
f 505/149/1346 510/151/1373 513/159/1372
f 511/160/1374 508/154/1370 514/163/1375
f 511/160/1374 514/163/1375 515/165/1376
f 508/154/1377 513/159/1379 514/163/1378
f 512/152/1380 516/156/1381 510/151/1361
f 512/152/1382 501/157/1341 516/156/1383
f 512/152/1384 500/158/1385 501/157/1341
f 515/165/1386 514/163/1388 517/166/1387
f 515/165/1386 517/166/1387 518/168/1389
f 513/159/1379 510/151/1366 519/162/1390
f 513/159/1379 519/162/1391 514/163/1388
f 514/163/1388 519/162/1392 517/166/1387
f 510/151/1393 516/156/1381 519/162/1390
f 501/157/1341 503/161/1343 516/156/1383
f 516/156/1394 503/161/1396 519/162/1395
f 518/168/1397 517/166/1399 509/167/1398
f 519/162/1395 503/161/1343 506/164/1355
f 519/162/1392 506/164/1355 517/166/1387
f 506/164/1355 509/167/1398 517/166/1400
f 29/376/72 60/378/168 520/377/1401
f 29/376/72 520/377/1403 36/379/1402
f 60/378/168 521/380/1404 520/377/1403
f 60/378/168 68/381/1405 521/380/1404
f 36/379/1406 520/377/1408 522/382/1407
f 36/379/73 522/382/1407 44/383/115
f 521/380/1404 68/381/1410 523/384/1409
f 521/380/1404 524/385/1411 520/377/1401
f 521/380/1404 523/384/1409 525/386/1412
f 521/380/1413 525/386/1412 524/385/1411
f 520/377/1401 524/385/1414 522/382/1407
f 44/383/112 522/382/1415 47/387/119
f 68/381/1410 75/388/190 523/384/1416
f 525/386/1417 526/389/1418 524/385/1411
f 525/386/1419 523/384/1416 527/390/1420
f 525/386/1417 528/391/1421 526/389/1418
f 525/386/1412 527/390/1423 529/392/1422
f 525/386/1424 530/393/1426 528/391/1425
f 525/386/1417 529/392/1428 530/393/1427
f 47/387/1429 522/382/1407 531/394/1430
f 47/387/1431 531/394/1432 62/395/161
f 524/385/1433 526/389/1435 531/394/1434
f 524/385/1436 531/394/1434 522/382/1407
f 75/388/190 532/396/1437 523/384/1409
f 75/388/1438 89/397/229 532/396/1437
f 527/390/1439 533/398/1440 529/392/1422
f 527/390/1420 523/384/1441 533/398/1440
f 532/396/1437 89/397/229 533/398/1442
f 532/396/1437 533/398/1442 523/384/1409
f 528/391/1443 530/393/1426 534/399/1444
f 528/391/1425 94/400/1445 526/389/1418
f 528/391/1446 534/399/1444 535/401/1447
f 528/391/1448 103/402/269 94/400/266
f 528/391/1446 535/401/1447 103/402/1449
f 530/393/1450 529/392/1428 534/399/1451
f 62/395/161 531/394/1432 70/403/1452
f 70/403/1452 531/394/1453 526/389/1418
f 70/403/1454 526/389/1418 94/400/244
f 89/397/1455 101/404/1456 533/398/1440
f 529/392/1457 101/404/1459 534/399/1458
f 529/392/1428 533/398/1440 101/404/1456
f 103/402/1460 535/401/1447 106/405/1461
f 106/405/1461 535/401/1447 534/399/1462
f 106/405/285 534/399/1463 101/404/1459
f 146/406/1464 536/408/1466 147/407/1465
f 146/406/463 166/409/464 536/408/1467
f 147/407/1468 536/408/1466 143/410/1469
f 166/409/1470 167/411/1471 536/408/1466
f 143/410/1469 536/408/1473 537/412/1472
f 143/410/1474 537/412/1476 142/413/1475
f 536/408/1466 167/411/1478 537/412/1477
f 142/413/1475 537/412/1476 144/414/1479
f 167/411/466 168/415/467 537/412/1477
f 144/414/473 537/412/1476 169/416/470
f 537/412/1476 168/415/467 169/416/1480
f 237/417/656 228/419/1482 538/418/1481
f 237/417/1483 538/418/1484 233/420/650
f 228/419/1485 227/421/629 538/418/1484
f 233/420/650 538/418/1484 539/422/1486
f 233/420/650 539/422/1488 235/423/1487
f 227/421/629 540/424/1489 538/418/1481
f 227/421/629 223/425/1491 540/424/1490
f 538/418/1484 540/424/1489 539/422/1486
f 235/423/1487 539/422/1493 541/426/1492
f 235/423/1494 541/426/1496 234/427/1495
f 223/425/624 219/428/616 540/424/1489
f 539/422/1493 542/429/1498 541/426/1497
f 539/422/1486 540/424/1489 543/430/1499
f 539/422/1500 543/430/1502 542/429/1501
f 540/424/1489 219/428/616 543/430/1503
f 234/427/648 541/426/1497 236/431/653
f 542/429/1504 543/430/1502 236/431/1505
f 542/429/1501 236/431/1506 541/426/1497
f 219/428/1507 214/432/603 543/430/1499
f 236/431/653 543/430/1499 210/433/1508
f 543/430/1499 214/432/1509 210/433/1508
f 263/409/1510 544/408/1511 264/411/732
f 263/409/1512 13/406/1514 544/408/1513
f 264/411/733 544/408/1513 545/412/1515
f 264/411/733 545/412/1516 265/415/736
f 13/406/1517 16/407/1518 544/408/1511
f 265/415/736 545/412/1515 266/416/737
f 544/408/1511 16/407/1520 14/410/1519
f 544/408/1521 14/410/1522 545/412/1515
f 266/416/1523 545/412/1516 12/414/1524
f 14/410/1525 15/413/1526 545/412/1515
f 15/413/1527 12/414/1528 545/412/1516
f 409/434/1075 546/435/1530 414/434/1529
f 409/434/1531 415/434/1533 546/435/1532
f 414/434/1087 546/435/1530 547/435/1534
f 414/434/1535 547/435/1536 422/436/1107
f 415/434/1537 548/435/1539 546/435/1538
f 415/434/1088 422/436/1107 548/435/1540
f 547/435/1534 546/435/1530 549/437/1541
f 547/435/1534 550/438/1542 422/436/1107
f 547/435/1534 549/437/1541 550/438/1543
f 548/435/1540 549/437/1541 546/435/1538
f 548/435/1539 422/436/1107 550/438/1544
f 548/435/1545 550/438/1544 549/437/1541
f 274/439/1154 271/441/745 551/440/1546
f 274/439/1547 551/440/1546 418/442/1095
f 271/441/1548 393/443/1550 551/440/1549
f 418/442/1095 551/440/1552 552/444/1551
f 418/442/1095 552/444/1551 406/445/1063
f 393/443/1028 553/446/1553 551/440/1546
f 393/443/1550 398/447/1554 553/446/1553
f 406/445/1555 552/444/1556 405/442/1062
f 551/440/1546 553/446/1553 440/448/1557
f 551/440/1546 440/448/1557 552/444/1558
f 398/447/1559 554/449/1561 553/446/1560
f 398/447/1207 447/450/1563 554/449/1562
f 405/442/1062 552/444/1551 555/440/1564
f 405/442/1060 555/440/1565 340/439/1097
f 440/448/1186 553/446/1566 441/451/1190
f 440/448/1557 556/452/1568 552/444/1567
f 440/448/1557 557/453/1569 556/452/1568
f 440/448/1186 353/454/1188 557/453/1570
f 553/446/1571 554/449/1572 441/451/1187
f 447/450/1563 444/455/1574 554/449/1573
f 444/455/1195 441/451/1190 554/449/1562
f 340/439/910 555/440/1564 334/441/906
f 552/444/1575 556/452/1577 448/448/1576
f 552/444/1567 448/448/1576 555/440/1578
f 556/452/1577 557/453/1579 448/448/1576
f 353/454/934 558/456/1581 557/453/1580
f 334/441/908 555/440/1583 358/443/1582
f 448/448/1210 557/453/1584 435/454/1166
f 448/448/1576 559/446/1585 555/440/1578
f 448/448/1576 449/451/1211 559/446/1586
f 555/440/1587 559/446/1585 358/443/940
f 558/456/1581 560/457/1589 557/453/1588
f 558/456/1581 561/458/1591 560/457/1590
f 435/454/1216 557/453/1584 562/456/1592
f 557/453/1584 560/457/1594 562/456/1593
f 449/451/1211 563/449/1595 559/446/1585
f 449/451/1211 451/455/1214 563/449/1596
f 358/443/940 559/446/1585 362/447/947
f 559/446/1597 563/449/1599 362/447/1598
f 561/458/1600 564/459/1601 560/457/1594
f 562/456/1593 560/457/1594 565/458/1602
f 560/457/1589 564/459/1604 565/458/1603
f 451/455/1214 454/450/1221 563/449/1596
f 454/450/1221 362/447/947 563/449/1599
f 350/460/1605 566/462/1607 353/461/1606
f 350/460/928 438/463/1176 566/462/1607
f 353/461/932 566/462/1607 558/464/1581
f 438/463/1177 567/465/1609 566/462/1608
f 438/463/1610 568/462/1612 567/465/1611
f 438/463/1613 433/460/1165 568/462/1612
f 558/464/1614 566/462/1607 561/466/1615
f 566/462/1608 567/465/1611 561/466/1600
f 568/462/1612 433/460/1162 435/461/1166
f 568/462/1612 565/466/1616 567/465/1609
f 568/462/1612 435/461/1166 562/464/1593
f 568/462/1612 562/464/1592 565/466/1617
f 561/466/1618 567/465/1609 569/467/1619
f 561/466/1600 569/467/1620 564/468/1604
f 569/467/1621 567/465/1611 565/466/1617
f 569/467/1621 565/466/1617 564/468/1601
f 490/419/1312 496/417/1327 570/418/1622
f 490/419/1314 570/418/1623 489/421/1311
f 496/417/1624 495/420/1328 570/418/1625
f 489/421/1311 570/418/1622 571/424/1626
f 489/421/1627 571/424/1629 482/425/1628
f 495/420/1630 572/422/1631 570/418/1623
f 495/420/1632 499/423/1634 572/422/1633
f 570/418/1625 572/422/1633 571/424/1635
f 482/425/1628 571/424/1635 478/428/1290
f 499/423/1636 573/426/1637 572/422/1631
f 499/423/1634 497/427/1339 573/426/1637
f 478/428/1638 571/424/1635 574/430/1639
f 478/428/1640 574/430/1641 474/432/1275
f 571/424/1635 572/422/1631 574/430/1639
f 573/426/1642 497/427/1643 498/431/1334
f 573/426/1642 575/429/1645 572/422/1644
f 573/426/1642 498/431/1334 575/429/1645
f 575/429/1646 498/431/1334 574/430/1641
f 575/429/1645 574/430/1639 572/422/1631
f 474/432/1647 574/430/1641 471/433/1648
f 574/430/1641 498/431/1334 471/433/1272
usemtl Sonic:CHE_NML_SNC_eye1
f 576/469/1649 578/471/1649 577/470/1649
f 576/469/1650 577/470/1652 579/472/1651
f 576/469/1653 580/473/1655 578/471/1654
f 576/469/1656 579/472/1651 581/474/1657
f 576/469/1658 582/475/1660 580/473/1659
f 576/469/1661 581/474/1657 583/476/1662
f 576/469/1653 584/477/1664 582/475/1663
f 576/469/1656 583/476/1666 585/478/1665
f 576/469/1653 585/478/1667 584/477/1664
f 583/476/1666 586/479/1669 585/478/1668
f 583/476/1666 587/480/1670 586/479/1669
f 584/477/1671 585/478/1667 588/481/1672
f 585/478/1667 586/479/1674 588/481/1673
f 587/480/1675 589/482/1676 586/479/1669
f 588/481/1672 586/479/1674 590/483/1677
f 588/481/1672 590/483/1677 591/484/1678
f 588/481/1673 591/484/1680 592/485/1679
f 589/482/1681 593/486/1682 586/479/1669
f 593/486/1683 590/483/1684 586/479/1674
f 592/485/1685 591/484/1687 594/481/1686
f 594/481/1688 591/484/1690 595/483/1689
f 594/481/1688 595/483/1692 596/479/1691
f 594/481/1686 596/479/1694 597/478/1693
f 594/481/1688 597/478/1693 598/477/1695
f 595/483/1696 599/486/1698 596/479/1697
f 598/477/1699 597/478/1701 600/469/1700
f 598/477/1699 600/469/1703 601/475/1702
f 596/479/1697 599/486/1698 602/482/1704
f 596/479/1697 603/476/1705 597/478/1693
f 596/479/1691 602/482/1707 604/480/1706
f 596/479/1691 604/480/1709 603/476/1708
f 597/478/1710 603/476/1711 600/469/1700
f 601/475/1712 600/469/1714 605/473/1713
f 603/476/1708 606/474/1715 600/469/1714
f 605/473/1713 600/469/1714 607/471/1716
f 606/474/1715 608/472/1717 600/469/1714
f 607/471/1716 600/469/1714 609/470/1718
f 600/469/1700 608/472/1720 609/470/1719
