# Blender 5.1.0
# www.blender.org
mtllib woodboxing_ring.mtl
o Cube.007
v 6.705156 -0.660092 7.245768
v 6.678443 1.944114 7.209569
v 6.710482 -0.665652 6.841833
v 6.683769 1.938554 6.805633
v 7.109109 -0.655875 7.251036
v 7.082396 1.948331 7.214836
v 7.114434 -0.661436 6.847100
v 7.087722 1.942770 6.810901
v 0.696075 -1.791792 -9.922374
v 0.696075 -1.901298 -9.922372
v 0.740122 -1.791792 -9.191052
v 0.740122 -1.901298 -9.191056
v -1.694061 -1.791792 -9.778417
v -1.694060 -1.901299 -9.778417
v -1.650013 -1.791792 -9.047097
v -1.650013 -1.901298 -9.047097
v 0.689726 -1.901647 -9.783648
v 0.689726 -2.180585 -9.783648
v 0.689726 -1.901647 -7.129940
v 0.689726 -2.180585 -7.129941
v -1.643664 -1.901648 -9.783650
v -1.643664 -2.180585 -9.783648
v -1.643664 -1.901648 -7.129941
v -1.643664 -2.180585 -7.129941
v -1.643664 -2.180585 -9.114306
v 0.689726 -1.901647 -9.114306
v -1.643664 -1.901647 -9.114305
v 0.689727 -2.180585 -9.114306
v 0.689726 -1.516973 -7.129941
v -1.643663 -1.516973 -7.129941
v 0.689726 -1.516973 -9.114306
v -1.643665 -1.516973 -9.114305
v -1.643664 -2.180585 -8.458734
v 0.689726 -1.901647 -8.458732
v -1.643664 -1.901647 -8.458734
v 0.689727 -2.180585 -8.458732
v 0.689726 -1.516973 -8.458734
v -1.643664 -1.516973 -8.458734
v 0.689726 -1.126380 -7.129941
v -1.643664 -1.126380 -7.129941
v 0.689727 -1.126380 -8.458734
v -1.643664 -1.126380 -8.458734
v -1.643664 -2.180585 -7.788418
v 0.689726 -1.901647 -7.788420
v 0.689726 -1.516973 -7.788418
v -1.643664 -1.901647 -7.788417
v 0.689726 -2.180585 -7.788420
v -1.643664 -1.516973 -7.788418
v 0.689726 -1.126380 -7.788418
v -1.643665 -1.126380 -7.788419
v 0.689726 -0.729869 -7.129941
v -1.643664 -0.729869 -7.129941
v 0.689726 -0.729869 -7.788418
v -1.643663 -0.729869 -7.788418
v 0.723699 -1.393446 -9.175292
v 0.724635 -1.502941 -9.174026
v 0.715661 -1.385039 -8.442740
v 0.716598 -1.494535 -8.441474
v -1.670536 -1.414234 -9.201325
v -1.669599 -1.523729 -9.200059
v -1.678573 -1.405827 -8.468772
v -1.677638 -1.515323 -8.467505
v 0.730759 -0.990851 -8.484012
v 0.733761 -1.100237 -8.479846
v 0.704306 -0.963718 -7.752347
v 0.707307 -1.073104 -7.748183
v -1.661244 -1.059686 -8.567945
v -1.658243 -1.169072 -8.563779
v -1.687699 -1.032553 -7.836280
v -1.684698 -1.141939 -7.832114
v 0.717854 -0.623533 -7.869406
v 0.717218 -0.733035 -7.870250
v 0.723206 -0.629212 -7.136802
v 0.722570 -0.738713 -7.137647
v -1.676508 -0.609754 -7.851807
v -1.677144 -0.719256 -7.852652
v -1.671156 -0.615433 -7.119203
v -1.671793 -0.724935 -7.120048
v -8.511118 -0.619481 -7.156631
v -8.511118 -0.728987 -7.156632
v -7.778516 -0.619481 -7.148632
v -7.778517 -0.728987 -7.148631
v -8.673738 -0.619481 7.736001
v -8.673738 -0.728987 7.736001
v -7.941136 -0.619481 7.744000
v -7.941137 -0.728987 7.744000
v -7.790253 -0.618926 -7.228559
v -7.790253 -0.729542 -7.228559
v -7.050181 -0.618926 -7.228558
v -7.050181 -0.729542 -7.228559
v -7.790253 -0.618926 7.815928
v -7.790254 -0.729542 7.815927
v -7.050181 -0.618926 7.815928
v -7.050181 -0.729542 7.815928
v -6.983704 -0.619021 -7.215551
v -6.983705 -0.729446 -7.215551
v -6.244912 -0.619021 -7.215551
v -6.244913 -0.729446 -7.215551
v -6.983704 -0.619021 7.802919
v -6.983704 -0.729446 7.802919
v -6.244911 -0.619021 7.802919
v -6.244912 -0.729446 7.802919
v -6.202050 -0.619481 -7.151681
v -6.202048 -0.728987 -7.151681
v -5.469411 -0.619481 -7.154371
v -5.469410 -0.728987 -7.154371
v -6.147388 -0.619481 7.741739
v -6.147386 -0.728987 7.741739
v -5.414746 -0.619481 7.739050
v -5.414747 -0.728987 7.739049
v -5.374897 -0.618571 -7.276778
v -5.374897 -0.729897 -7.276778
v -4.630081 -0.618571 -7.276776
v -4.630081 -0.729897 -7.276776
v -5.374896 -0.618571 7.864143
v -5.374896 -0.729897 7.864144
v -4.630081 -0.618571 7.864144
v -4.630081 -0.729897 7.864144
v -4.562901 -0.619481 -7.153076
v -4.562901 -0.728987 -7.153076
v -3.830257 -0.619481 -7.153076
v -3.830257 -0.728987 -7.153076
v -4.562901 -0.619481 7.740444
v -4.562902 -0.728987 7.740444
v -3.830256 -0.619481 7.740443
v -3.830257 -0.728987 7.740443
v -3.756991 -0.619481 -7.153077
v -3.756993 -0.728987 -7.153077
v -3.024348 -0.619481 -7.153076
v -3.024347 -0.728987 -7.153075
v -3.756992 -0.619481 7.740444
v -3.756992 -0.728987 7.740443
v -3.024346 -0.619481 7.740444
v -3.024347 -0.728987 7.740443
v -2.940723 -0.619481 -7.153578
v -2.940724 -0.728987 -7.153577
v -2.208079 -0.619481 -7.152558
v -2.208079 -0.728987 -7.152557
v -2.961440 -0.619481 7.739926
v -2.961440 -0.728987 7.739926
v -2.228796 -0.619481 7.740946
v -2.228796 -0.728987 7.740946
v -2.067508 -0.619481 -7.156491
v -2.067508 -0.728987 -7.156492
v -1.334903 -0.619481 -7.148853
v -1.334903 -0.728987 -7.148853
v -2.222797 -0.619481 7.736220
v -2.222797 -0.728987 7.736219
v -1.490191 -0.619481 7.743859
v -1.490191 -0.728987 7.743859
v -1.323648 -0.621815 -6.969856
v -1.323648 -0.726653 -6.969856
v -0.622233 -0.621815 -6.969855
v -0.622233 -0.726653 -6.969856
v -1.323648 -0.621815 7.557224
v -1.323648 -0.726653 7.557224
v -0.622233 -0.621815 7.557224
v -0.622232 -0.726653 7.557224
v -0.540540 -0.618407 -7.299153
v -0.540539 -0.730061 -7.299151
v 0.206477 -0.618407 -7.299152
v 0.206477 -0.730061 -7.299151
v -0.540539 -0.618407 7.886518
v -0.540539 -0.730061 7.886519
v 0.206477 -0.618407 7.886519
v 0.206478 -0.730061 7.886519
v 0.269795 -0.619068 -7.209202
v 0.269796 -0.729400 -7.209201
v 1.007962 -0.619068 -7.209201
v 1.007962 -0.729400 -7.209202
v 0.269796 -0.619068 7.796570
v 0.269796 -0.729400 7.796571
v 1.007962 -0.619068 7.796571
v 1.007963 -0.729400 7.796571
v 1.033449 -0.619481 -7.150725
v 1.033449 -0.728987 -7.150725
v 1.766081 -0.619481 -7.155155
v 1.766081 -0.728987 -7.155155
v 1.123497 -0.619481 7.742522
v 1.123497 -0.728987 7.742522
v 1.856128 -0.619481 7.738094
v 1.856127 -0.728987 7.738093
v 1.924554 -0.620952 -6.954462
v 1.924553 -0.727516 -6.954461
v 2.637513 -0.620952 -6.951478
v 2.637512 -0.727516 -6.951477
v 1.863884 -0.620952 7.538845
v 1.863883 -0.727516 7.538844
v 2.576842 -0.620952 7.541829
v 2.576842 -0.727516 7.541829
v 2.644247 -0.619481 -7.150669
v 2.644247 -0.728987 -7.150670
v 3.376879 -0.619481 -7.155199
v 3.376878 -0.728987 -7.155199
v 2.736336 -0.619481 7.742567
v 2.736336 -0.728987 7.742567
v 3.468967 -0.619481 7.738036
v 3.468967 -0.728987 7.738036
v 3.414832 -0.619481 -7.148628
v 3.414832 -0.728987 -7.148628
v 4.147432 -0.619481 -7.156636
v 4.147432 -0.728987 -7.156636
v 3.577604 -0.619481 7.744003
v 3.577603 -0.728987 7.744002
v 4.310203 -0.619481 7.735997
v 4.310202 -0.728987 7.735996
v 4.292673 -0.617362 -7.246839
v 4.292594 -0.726868 -7.246867
v 5.025319 -0.617896 -7.247784
v 5.025239 -0.727402 -7.247812
v 4.311616 -0.621066 7.835179
v 4.311536 -0.730572 7.835151
v 5.044260 -0.621600 7.834233
v 5.044182 -0.731106 7.834207
v 5.081535 -0.597814 -7.206031
v 5.081306 -0.707320 -7.206339
v 5.814173 -0.599346 -7.208671
v 5.813944 -0.708852 -7.208980
v 5.134729 -0.639616 7.796348
v 5.134500 -0.749121 7.796039
v 5.867369 -0.641148 7.793707
v 5.867138 -0.750654 7.793399
v 5.936004 -0.637477 -7.154240
v 5.936194 -0.746983 -7.153985
v 6.668645 -0.636196 -7.152061
v 6.668834 -0.745702 -7.151805
v 5.891658 -0.602766 7.739172
v 5.891847 -0.712272 7.739429
v 6.624298 -0.601484 7.741352
v 6.624488 -0.710990 7.741607
v 6.719834 -0.619481 -7.227944
v 6.719833 -0.728987 -7.227944
v 7.452479 -0.619481 -7.227944
v 7.452478 -0.728987 -7.227946
v 6.719835 -0.619481 7.815311
v 6.719835 -0.728987 7.815311
v 7.452480 -0.619481 7.815311
v 7.452479 -0.728987 7.815311
v -8.444690 -1.075236 -6.007164
v -8.444689 -0.700302 -6.007164
v -8.444690 -1.075236 -6.411172
v -8.444688 -0.700302 -6.411172
v 7.250896 -1.075236 -6.007164
v 7.250895 -0.700302 -6.007164
v 7.250895 -1.075236 -6.411172
v 7.250896 -0.700302 -6.411172
v -8.427261 -2.193983 -6.415658
v -8.427261 -0.712565 -6.415657
v -8.427262 -2.193983 -6.819665
v -8.427261 -0.712565 -6.819666
v -8.023252 -2.193983 -6.415656
v -8.023252 -0.712565 -6.415658
v -8.023252 -2.193983 -6.819666
v -8.023252 -0.712565 -6.819664
v 6.846886 -2.193983 7.501320
v 6.846886 -0.712565 7.501320
v 6.846886 -2.193983 7.097311
v 6.846886 -0.712565 7.097311
v 7.250896 -2.193983 7.501320
v 7.250896 -0.712565 7.501320
v 7.250896 -2.193983 7.097311
v 7.250896 -0.712565 7.097311
v -8.427262 -2.193983 7.501321
v -8.427261 -0.712565 7.501321
v -8.427263 -2.193983 7.097312
v -8.427262 -0.712565 7.097312
v -8.023253 -2.193983 7.501321
v -8.023254 -0.712565 7.501321
v -8.023252 -2.193983 7.097312
v -8.023253 -0.712565 7.097312
v 6.704497 -0.660612 -6.272377
v 6.696770 1.943951 -6.282749
v 6.706023 -0.662216 -6.676380
v 6.698295 1.942347 -6.686750
v 7.108502 -0.659407 -6.270856
v 7.100774 1.945156 -6.281228
v 7.110027 -0.661011 -6.674860
v 7.102299 1.943552 -6.685231
v -8.444690 -1.075236 7.077596
v -8.444688 -0.700302 7.077596
v -8.444689 -1.075236 6.673587
v -8.444687 -0.700302 6.673587
v 7.250896 -1.075236 7.077596
v 7.250896 -0.700302 7.077596
v 7.250896 -1.075236 6.673587
v 7.250896 -0.700302 6.673587
v -8.066764 -1.581494 -6.976324
v -8.066764 -1.206560 -6.976324
v -7.662755 -1.581494 -6.976325
v -7.662754 -1.206560 -6.976325
v -8.066764 -1.581494 7.701081
v -8.066765 -1.206560 7.701081
v -7.662756 -1.581494 7.701081
v -7.662755 -1.206560 7.701080
v 6.487223 -1.581494 -6.976325
v 6.487223 -1.206560 -6.976326
v 6.891232 -1.581494 -6.976325
v 6.891232 -1.206560 -6.976326
v 6.487222 -1.581494 7.701081
v 6.487222 -1.206560 7.701081
v 6.891231 -1.581494 7.701080
v 6.891231 -1.206560 7.701080
v 10.211573 -1.791792 5.428802
v 10.211573 -1.901298 5.428803
v 9.478928 -1.791792 5.428802
v 9.478928 -1.901298 5.428802
v 10.211573 -1.791792 3.034336
v 10.211573 -1.901298 3.034337
v 9.478928 -1.791792 3.034336
v 9.478928 -1.901298 3.034337
v 10.144163 -1.901647 5.398264
v 10.144163 -2.180585 5.398264
v 7.490455 -1.901647 5.398265
v 7.490455 -2.180585 5.398264
v 10.144163 -1.901647 3.064875
v 10.144163 -2.180585 3.064874
v 7.490455 -1.901647 3.064874
v 7.490455 -2.180585 3.064874
v 9.474821 -2.180585 3.064874
v 9.474821 -1.901647 5.398264
v 9.474821 -1.901647 3.064875
v 9.474821 -2.180585 5.398264
v 7.490455 -1.516973 5.398264
v 7.490455 -1.516973 3.064875
v 9.474821 -1.516973 5.398264
v 9.474821 -1.516973 3.064875
v 8.819248 -2.180585 3.064875
v 8.819247 -1.901647 5.398264
v 8.819248 -1.901647 3.064875
v 8.819248 -2.180585 5.398264
v 8.819247 -1.516973 5.398264
v 8.819248 -1.516973 3.064875
v 7.490455 -1.126380 5.398264
v 7.490455 -1.126380 3.064875
v 8.819248 -1.126380 5.398264
v 8.819248 -1.126380 3.064874
v 8.148933 -2.180585 3.064875
v 8.148933 -1.901647 5.398264
v 8.148933 -1.516973 5.398264
v 8.148933 -1.901647 3.064874
v 8.148933 -2.180585 5.398264
v 8.148933 -1.516973 3.064874
v 8.148933 -1.126380 5.398264
v 8.148933 -1.126380 3.064875
v 7.490455 -0.729869 5.398264
v 7.490455 -0.729869 3.064875
v 8.148933 -0.729869 5.398264
v 8.148933 -0.729869 3.064875
v 9.556997 -1.410658 5.426541
v 9.556381 -1.520159 5.425724
v 8.824383 -1.406575 5.431754
v 8.823767 -1.516077 5.430937
v 9.540062 -1.392691 3.032202
v 9.539446 -1.502193 3.031385
v 8.807446 -1.388609 3.037416
v 8.806830 -1.498111 3.036598
v 8.864183 -0.986072 5.433511
v 8.865596 -1.095552 5.435432
v 8.131701 -0.995736 5.421482
v 8.133114 -1.105216 5.423403
v 8.904042 -1.027574 3.039736
v 8.905455 -1.137054 3.041657
v 8.171559 -1.037238 3.027707
v 8.172973 -1.146719 3.029628
v 8.236716 -0.638635 5.424787
v 8.235643 -0.748127 5.423371
v 7.504161 -0.631576 5.433851
v 7.503089 -0.741068 5.432436
v 8.207395 -0.607400 3.030704
v 8.206322 -0.716892 3.029288
v 7.474839 -0.600341 3.039768
v 7.473767 -0.709833 3.038352
v -8.243832 0.409692 -6.495823
v 6.955505 0.409691 -6.495825
v -8.243829 0.398917 -6.536037
v 6.955506 0.398916 -6.536036
v -8.243831 0.369480 -6.565474
v 6.955506 0.369479 -6.565474
v -8.243829 0.329268 -6.576249
v 6.955506 0.329267 -6.576248
v -8.243831 0.289056 -6.565474
v 6.955506 0.289055 -6.565473
v -8.243832 0.259619 -6.536037
v 6.955505 0.259618 -6.536036
v -8.243830 0.248844 -6.495824
v 6.955506 0.248844 -6.495826
v -8.243832 0.259619 -6.455614
v 6.955506 0.259618 -6.455613
v -8.243830 0.289056 -6.426176
v 6.955506 0.289055 -6.426175
v -8.243831 0.329268 -6.415400
v 6.955506 0.329267 -6.415401
v -8.243830 0.369480 -6.426177
v 6.955506 0.369479 -6.426176
v -8.243831 0.398917 -6.455613
v 6.955506 0.398916 -6.455613
v -5.710608 0.106062 -6.495823
v -3.177383 -0.072050 -6.495823
v -0.644162 -0.132459 -6.495824
v 1.889061 -0.072050 -6.495824
v 4.422283 0.106061 -6.495824
v 4.422283 0.095287 -6.536036
v 1.889060 -0.082825 -6.536037
v -0.644163 -0.143234 -6.536036
v -3.177385 -0.082825 -6.536037
v -5.710608 0.095287 -6.536037
v 4.422283 0.065849 -6.565473
v 1.889061 -0.112262 -6.565473
v -0.644162 -0.172671 -6.565473
v -3.177384 -0.112262 -6.565473
v -5.710608 0.065850 -6.565473
v 4.422283 0.025638 -6.576249
v 1.889060 -0.152474 -6.576249
v -0.644162 -0.212883 -6.576248
v -3.177385 -0.152474 -6.576249
v -5.710608 0.025638 -6.576249
v 4.422283 -0.014574 -6.565473
v 1.889060 -0.192686 -6.565475
v -0.644163 -0.253095 -6.565474
v -3.177386 -0.192685 -6.565474
v -5.710608 -0.014574 -6.565474
v 4.422283 -0.044011 -6.536036
v 1.889060 -0.222123 -6.536037
v -0.644162 -0.282532 -6.536035
v -3.177385 -0.222123 -6.536037
v -5.710608 -0.044011 -6.536037
v 4.422283 -0.054786 -6.495825
v 1.889060 -0.232898 -6.495825
v -0.644162 -0.293307 -6.495825
v -3.177385 -0.232897 -6.495824
v -5.710608 -0.054786 -6.495824
v 4.422283 -0.044011 -6.455612
v 1.889060 -0.222123 -6.455612
v -0.644162 -0.282532 -6.455612
v -3.177385 -0.222123 -6.455614
v -5.710608 -0.044011 -6.455614
v 4.422283 -0.014574 -6.426175
v 1.889060 -0.192686 -6.426177
v -0.644162 -0.253095 -6.426177
v -3.177386 -0.192685 -6.426176
v -5.710607 -0.014574 -6.426177
v 4.422283 0.025638 -6.415400
v 1.889060 -0.152474 -6.415400
v -0.644162 -0.212883 -6.415401
v -3.177385 -0.152474 -6.415401
v -5.710608 0.025638 -6.415401
v 4.422283 0.065849 -6.426176
v 1.889060 -0.112262 -6.426175
v -0.644162 -0.172671 -6.426176
v -3.177386 -0.112262 -6.426176
v -5.710608 0.065850 -6.426176
v 4.422283 0.095287 -6.455613
v 1.889060 -0.082825 -6.455612
v -0.644162 -0.143234 -6.455612
v -3.177386 -0.082825 -6.455614
v -5.710607 0.095287 -6.455613
v -8.243831 1.474794 -6.495822
v 6.955505 1.474793 -6.495824
v -8.243832 1.464019 -6.536036
v 6.955505 1.464018 -6.536035
v -8.243831 1.434582 -6.565474
v 6.955505 1.434581 -6.565473
v -8.243832 1.394370 -6.576248
v 6.955505 1.394369 -6.576247
v -8.243830 1.354158 -6.565473
v 6.955505 1.354158 -6.565472
v -8.243831 1.324721 -6.536036
v 6.955505 1.324721 -6.536035
v -8.243831 1.313946 -6.495823
v 6.955506 1.313946 -6.495825
v -8.243831 1.324721 -6.455613
v 6.955505 1.324721 -6.455612
v -8.243831 1.354158 -6.426175
v 6.955505 1.354158 -6.426174
v -8.243830 1.394370 -6.415399
v 6.955505 1.394369 -6.415400
v -8.243832 1.434582 -6.426176
v 6.955505 1.434581 -6.426175
v -8.243831 1.464019 -6.455613
v 6.955505 1.464018 -6.455612
v -5.710608 1.171164 -6.495823
v -3.177384 0.993052 -6.495824
v -0.644162 0.932643 -6.495823
v 1.889061 0.993052 -6.495823
v 4.422283 1.171163 -6.495823
v 4.422283 1.160389 -6.536035
v 1.889060 0.982277 -6.536036
v -0.644163 0.921868 -6.536035
v -3.177385 0.982277 -6.536036
v -5.710608 1.160389 -6.536036
v 4.422282 1.130952 -6.565472
v 1.889060 0.952840 -6.565473
v -0.644162 0.892431 -6.565472
v -3.177385 0.952840 -6.565472
v -5.710608 1.130952 -6.565472
v 4.422282 1.090740 -6.576248
v 1.889060 0.912628 -6.576248
v -0.644162 0.852219 -6.576247
v -3.177385 0.912628 -6.576248
v -5.710608 1.090740 -6.576248
v 4.422283 1.050528 -6.565472
v 1.889060 0.872416 -6.565474
v -0.644163 0.812007 -6.565473
v -3.177385 0.872417 -6.565473
v -5.710608 1.050528 -6.565473
v 4.422283 1.021091 -6.536036
v 1.889060 0.842979 -6.536036
v -0.644162 0.782570 -6.536034
v -3.177384 0.842980 -6.536036
v -5.710608 1.021091 -6.536036
v 4.422282 1.010316 -6.495824
v 1.889060 0.832205 -6.495825
v -0.644163 0.771795 -6.495824
v -3.177385 0.832205 -6.495823
v -5.710608 1.010316 -6.495823
v 4.422283 1.021091 -6.455611
v 1.889060 0.842979 -6.455612
v -0.644162 0.782570 -6.455612
v -3.177385 0.842979 -6.455613
v -5.710608 1.021091 -6.455613
v 4.422283 1.050528 -6.426174
v 1.889060 0.872416 -6.426177
v -0.644163 0.812007 -6.426176
v -3.177385 0.872417 -6.426176
v -5.710608 1.050528 -6.426176
v 4.422283 1.090740 -6.415399
v 1.889060 0.912628 -6.415399
v -0.644163 0.852219 -6.415400
v -3.177385 0.912628 -6.415401
v -5.710608 1.090740 -6.415402
v 4.422282 1.130952 -6.426175
v 1.889060 0.952840 -6.426174
v -0.644162 0.892431 -6.426175
v -3.177386 0.952840 -6.426175
v -5.710608 1.130952 -6.426175
v 4.422283 1.160389 -6.455612
v 1.889059 0.982277 -6.455611
v -0.644163 0.921868 -6.455612
v -3.177385 0.982277 -6.455613
v -5.710608 1.160389 -6.455613
v -8.243832 0.409692 7.093888
v 6.955505 0.409691 7.093887
v -8.243831 0.398917 7.053676
v 6.955505 0.398916 7.053675
v -8.243830 0.369480 7.024239
v 6.955505 0.369479 7.024238
v -8.243831 0.329268 7.013464
v 6.955505 0.329267 7.013463
v -8.243831 0.289056 7.024239
v 6.955505 0.289056 7.024238
v -8.243831 0.259619 7.053676
v 6.955505 0.259618 7.053675
v -8.243830 0.248844 7.093888
v 6.955506 0.248844 7.093887
v -8.243831 0.259619 7.134099
v 6.955505 0.259618 7.134099
v -8.243830 0.289056 7.163537
v 6.955505 0.289055 7.163536
v -8.243831 0.329268 7.174312
v 6.955505 0.329267 7.174311
v -8.243831 0.369480 7.163537
v 6.955505 0.369479 7.163536
v -8.243831 0.398917 7.134100
v 6.955505 0.398916 7.134099
v -5.710608 0.106062 7.093888
v -3.177385 -0.072050 7.093888
v -0.644162 -0.132460 7.093887
v 1.889061 -0.072050 7.093887
v 4.422283 0.106061 7.093887
v 4.422283 0.095287 7.053676
v 1.889060 -0.082825 7.053676
v -0.644163 -0.143234 7.053676
v -3.177385 -0.082825 7.053676
v -5.710608 0.095287 7.053676
v 4.422282 0.065849 7.024238
v 1.889060 -0.112262 7.024239
v -0.644162 -0.172671 7.024239
v -3.177386 -0.112262 7.024239
v -5.710608 0.065850 7.024239
v 4.422282 0.025638 7.013463
v 1.889060 -0.152474 7.013463
v -0.644162 -0.212883 7.013464
v -3.177385 -0.152474 7.013464
v -5.710608 0.025638 7.013464
v 4.422283 -0.014574 7.024238
v 1.889060 -0.192686 7.024239
v -0.644163 -0.253095 7.024239
v -3.177386 -0.192685 7.024239
v -5.710608 -0.014574 7.024239
v 4.422282 -0.044011 7.053676
v 1.889059 -0.222123 7.053676
v -0.644162 -0.282532 7.053676
v -3.177386 -0.222123 7.053676
v -5.710608 -0.044011 7.053676
v 4.422282 -0.054786 7.093887
v 1.889060 -0.232898 7.093887
v -0.644163 -0.293307 7.093887
v -3.177385 -0.232897 7.093888
v -5.710608 -0.054786 7.093888
v 4.422283 -0.044011 7.134099
v 1.889059 -0.222123 7.134099
v -0.644162 -0.282532 7.134099
v -3.177386 -0.222123 7.134099
v -5.710608 -0.044011 7.134099
v 4.422283 -0.014574 7.163536
v 1.889060 -0.192686 7.163537
v -0.644163 -0.253095 7.163537
v -3.177385 -0.192685 7.163537
v -5.710608 -0.014574 7.163537
v 4.422283 0.025638 7.174311
v 1.889060 -0.152474 7.174311
v -0.644163 -0.212883 7.174311
v -3.177385 -0.152474 7.174311
v -5.710608 0.025638 7.174312
v 4.422282 0.065849 7.163537
v 1.889060 -0.112262 7.163537
v -0.644162 -0.172671 7.163537
v -3.177385 -0.112262 7.163537
v -5.710608 0.065850 7.163537
v 4.422283 0.095287 7.134099
v 1.889060 -0.082825 7.134099
v -0.644163 -0.143234 7.134099
v -3.177385 -0.082825 7.134099
v -5.710608 0.095287 7.134099
v -8.243832 1.474794 7.093889
v 6.955505 1.474793 7.093888
v -8.243831 1.464019 7.053677
v 6.955505 1.464018 7.053676
v -8.243833 1.434582 7.024240
v 6.955505 1.434581 7.024239
v -8.243831 1.394370 7.013465
v 6.955505 1.394369 7.013464
v -8.243832 1.354158 7.024240
v 6.955505 1.354158 7.024239
v -8.243831 1.324721 7.053677
v 6.955505 1.324720 7.053676
v -8.243832 1.313946 7.093889
v 6.955505 1.313946 7.093888
v -8.243831 1.324721 7.134100
v 6.955505 1.324720 7.134100
v -8.243832 1.354158 7.163538
v 6.955505 1.354158 7.163537
v -8.243831 1.394370 7.174313
v 6.955505 1.394369 7.174312
v -8.243832 1.434582 7.163538
v 6.955505 1.434581 7.163537
v -8.243831 1.464019 7.134100
v 6.955505 1.464018 7.134100
v -5.710608 1.171164 7.093889
v -3.177385 0.993052 7.093888
v -0.644163 0.932642 7.093888
v 1.889060 0.993052 7.093888
v 4.422283 1.171163 7.093888
v 4.422282 1.160388 7.053676
v 1.889060 0.982277 7.053677
v -0.644163 0.921868 7.053677
v -3.177386 0.982277 7.053677
v -5.710608 1.160389 7.053677
v 4.422282 1.130952 7.024239
v 1.889060 0.952840 7.024239
v -0.644163 0.892431 7.024240
v -3.177386 0.952840 7.024240
v -5.710609 1.130952 7.024240
v 4.422282 1.090740 7.013464
v 1.889059 0.912628 7.013464
v -0.644162 0.852219 7.013464
v -3.177386 0.912628 7.013465
v -5.710608 1.090740 7.013465
v 4.422282 1.050528 7.024239
v 1.889059 0.872416 7.024239
v -0.644163 0.812007 7.024240
v -3.177386 0.872417 7.024240
v -5.710608 1.050528 7.024240
v 4.422282 1.021091 7.053676
v 1.889059 0.842979 7.053677
v -0.644162 0.782570 7.053677
v -3.177386 0.842979 7.053677
v -5.710609 1.021091 7.053677
v 4.422282 1.010316 7.093888
v 1.889060 0.832204 7.093888
v -0.644163 0.771795 7.093888
v -3.177386 0.832205 7.093888
v -5.710608 1.010316 7.093889
v 4.422282 1.021091 7.134100
v 1.889059 0.842979 7.134100
v -0.644162 0.782570 7.134100
v -3.177386 0.842979 7.134100
v -5.710608 1.021091 7.134100
v 4.422282 1.050528 7.163537
v 1.889059 0.872416 7.163537
v -0.644163 0.812007 7.163538
v -3.177386 0.872417 7.163538
v -5.710608 1.050528 7.163538
v 4.422282 1.090740 7.174312
v 1.889059 0.912628 7.174312
v -0.644163 0.852219 7.174312
v -3.177386 0.912628 7.174312
v -5.710608 1.090740 7.174312
v 4.422282 1.130951 7.163537
v 1.889060 0.952840 7.163538
v -0.644162 0.892431 7.163538
v -3.177385 0.952840 7.163538
v -5.710609 1.130952 7.163538
v 4.422282 1.160389 7.134100
v 1.889059 0.982277 7.134100
v -0.644163 0.921868 7.134100
v -3.177386 0.982277 7.134100
v -5.710608 1.160389 7.134100
v 6.888853 0.409692 -6.524865
v 6.888853 0.409691 7.160781
v 6.929065 0.398917 -6.524865
v 6.929065 0.398916 7.160781
v 6.958502 0.369480 -6.524863
v 6.958502 0.369479 7.160781
v 6.969277 0.329268 -6.524865
v 6.969277 0.329267 7.160781
v 6.958502 0.289056 -6.524862
v 6.958502 0.289055 7.160781
v 6.929065 0.259619 -6.524865
v 6.929065 0.259618 7.160781
v 6.888853 0.248844 -6.524864
v 6.888853 0.248844 7.160781
v 6.848641 0.259619 -6.524864
v 6.848641 0.259618 7.160781
v 6.819204 0.289056 -6.524863
v 6.819204 0.289055 7.160781
v 6.808429 0.329268 -6.524864
v 6.808429 0.329267 7.160781
v 6.819204 0.369480 -6.524862
v 6.819204 0.369479 7.160781
v 6.848641 0.398917 -6.524864
v 6.848641 0.398916 7.160781
v 6.888853 0.106062 -4.243923
v 6.888853 -0.072050 -1.962981
v 6.888853 -0.132460 0.317960
v 6.888853 -0.072050 2.598900
v 6.888853 0.106061 4.879841
v 6.929065 0.095287 4.879840
v 6.929065 -0.082825 2.598899
v 6.929065 -0.143234 0.317959
v 6.929065 -0.082825 -1.962982
v 6.929065 0.095287 -4.243922
v 6.958502 0.065849 4.879840
v 6.958502 -0.112262 2.598899
v 6.958502 -0.172671 0.317959
v 6.958502 -0.112262 -1.962982
v 6.958502 0.065850 -4.243923
v 6.969277 0.025638 4.879840
v 6.969277 -0.152474 2.598900
v 6.969277 -0.212883 0.317958
v 6.969277 -0.152474 -1.962982
v 6.969277 0.025638 -4.243923
v 6.958502 -0.014574 4.879840
v 6.958502 -0.192686 2.598900
v 6.958502 -0.253095 0.317959
v 6.958502 -0.192685 -1.962982
v 6.958502 -0.014574 -4.243923
v 6.929065 -0.044011 4.879841
v 6.929065 -0.222123 2.598899
v 6.929065 -0.282532 0.317959
v 6.929065 -0.222123 -1.962982
v 6.929065 -0.044011 -4.243923
v 6.888853 -0.054786 4.879840
v 6.888853 -0.232898 2.598900
v 6.888853 -0.293307 0.317958
v 6.888853 -0.232897 -1.962981
v 6.888853 -0.054786 -4.243924
v 6.848641 -0.044011 4.879840
v 6.848641 -0.222123 2.598899
v 6.848641 -0.282532 0.317959
v 6.848641 -0.222123 -1.962982
v 6.848641 -0.044011 -4.243923
v 6.819204 -0.014574 4.879840
v 6.819204 -0.192686 2.598899
v 6.819204 -0.253095 0.317958
v 6.819204 -0.192685 -1.962983
v 6.819204 -0.014574 -4.243923
v 6.808429 0.025638 4.879840
v 6.808429 -0.152474 2.598899
v 6.808429 -0.212883 0.317959
v 6.808429 -0.152474 -1.962982
v 6.808429 0.025638 -4.243922
v 6.819204 0.065849 4.879840
v 6.819204 -0.112262 2.598899
v 6.819204 -0.172671 0.317958
v 6.819204 -0.112262 -1.962981
v 6.819204 0.065850 -4.243923
v 6.848641 0.095287 4.879840
v 6.848641 -0.082825 2.598899
v 6.848641 -0.143234 0.317959
v 6.848641 -0.082825 -1.962982
v 6.848641 0.095287 -4.243922
v 6.888853 1.474794 -6.524864
v 6.888853 1.474793 7.160782
v 6.929065 1.464019 -6.524864
v 6.929065 1.464018 7.160782
v 6.958502 1.434582 -6.524862
v 6.958502 1.434581 7.160782
v 6.969276 1.394370 -6.524864
v 6.969276 1.394369 7.160782
v 6.958502 1.354158 -6.524862
v 6.958502 1.354158 7.160782
v 6.929065 1.324721 -6.524864
v 6.929065 1.324720 7.160782
v 6.888853 1.313946 -6.524863
v 6.888853 1.313946 7.160782
v 6.848641 1.324721 -6.524863
v 6.848641 1.324720 7.160782
v 6.819204 1.354158 -6.524862
v 6.819204 1.354158 7.160782
v 6.808429 1.394370 -6.524863
v 6.808429 1.394369 7.160782
v 6.819204 1.434582 -6.524861
v 6.819204 1.434581 7.160782
v 6.848641 1.464019 -6.524863
v 6.848641 1.464018 7.160782
v 6.888853 1.171164 -4.243922
v 6.888853 0.993052 -1.962980
v 6.888853 0.932643 0.317960
v 6.888853 0.993052 2.598901
v 6.888853 1.171163 4.879842
v 6.929065 1.160389 4.879841
v 6.929065 0.982277 2.598900
v 6.929065 0.921868 0.317960
v 6.929065 0.982277 -1.962981
v 6.929065 1.160389 -4.243921
v 6.958502 1.130952 4.879841
v 6.958502 0.952840 2.598900
v 6.958502 0.892431 0.317960
v 6.958502 0.952840 -1.962981
v 6.958502 1.130952 -4.243922
v 6.969276 1.090740 4.879841
v 6.969276 0.912628 2.598901
v 6.969276 0.852219 0.317959
v 6.969276 0.912628 -1.962981
v 6.969276 1.090740 -4.243922
v 6.958502 1.050528 4.879841
v 6.958502 0.872416 2.598900
v 6.958502 0.812007 0.317960
v 6.958502 0.872416 -1.962982
v 6.958502 1.050528 -4.243922
v 6.929065 1.021091 4.879841
v 6.929065 0.842979 2.598900
v 6.929065 0.782570 0.317960
v 6.929065 0.842979 -1.962981
v 6.929065 1.021091 -4.243922
v 6.888853 1.010316 4.879841
v 6.888853 0.832205 2.598901
v 6.888853 0.771795 0.317959
v 6.888853 0.832205 -1.962980
v 6.888853 1.010316 -4.243923
v 6.848641 1.021091 4.879841
v 6.848641 0.842979 2.598900
v 6.848641 0.782570 0.317960
v 6.848641 0.842979 -1.962982
v 6.848641 1.021091 -4.243922
v 6.819204 1.050528 4.879841
v 6.819204 0.872416 2.598900
v 6.819204 0.812007 0.317959
v 6.819204 0.872417 -1.962982
v 6.819204 1.050528 -4.243922
v 6.808429 1.090740 4.879841
v 6.808429 0.912628 2.598900
v 6.808429 0.852219 0.317960
v 6.808429 0.912628 -1.962981
v 6.808429 1.090740 -4.243922
v 6.819204 1.130952 4.879841
v 6.819204 0.952840 2.598900
v 6.819204 0.892431 0.317959
v 6.819204 0.952840 -1.962981
v 6.819204 1.130952 -4.243922
v 6.848641 1.160389 4.879841
v 6.848641 0.982277 2.598900
v 6.848641 0.921868 0.317960
v 6.848641 0.982277 -1.962982
v 6.848641 1.160389 -4.243921
v -8.323523 -0.661851 -6.276311
v -8.281523 1.941825 -6.221332
v -8.331600 -0.653193 -6.680146
v -8.289599 1.950482 -6.625166
v -7.919648 -0.668193 -6.284525
v -7.877646 1.935483 -6.229546
v -7.927725 -0.659535 -6.688360
v -7.885724 1.944141 -6.633380
v -8.322087 -0.660862 7.243467
v -8.320317 1.943731 7.245831
v -8.322434 -0.660495 6.839458
v -8.320664 1.944098 6.841823
v -7.918078 -0.661136 7.243119
v -7.916307 1.943457 7.245483
v -7.918426 -0.660769 6.839110
v -7.916656 1.943824 6.841475
v -8.131266 1.474794 -6.524863
v -8.131265 1.474793 7.160782
v -8.091052 1.464019 -6.524863
v -8.091054 1.464018 7.160782
v -8.061615 1.434582 -6.524861
v -8.061616 1.434581 7.160782
v -8.050842 1.394370 -6.524863
v -8.050840 1.394369 7.160782
v -8.061616 1.354158 -6.524862
v -8.061616 1.354157 7.160782
v -8.091053 1.324721 -6.524862
v -8.091053 1.324720 7.160782
v -8.131264 1.313946 -6.524863
v -8.131266 1.313946 7.160783
v -8.171475 1.324721 -6.524863
v -8.171476 1.324720 7.160782
v -8.200913 1.354158 -6.524863
v -8.200915 1.354158 7.160782
v -8.211689 1.394370 -6.524863
v -8.211688 1.394369 7.160782
v -8.200913 1.434582 -6.524862
v -8.200913 1.434581 7.160782
v -8.171476 1.464019 -6.524863
v -8.171477 1.464018 7.160782
v -8.131265 1.171164 -4.243920
v -8.131265 0.993052 -1.962981
v -8.131264 0.932643 0.317960
v -8.131266 0.993052 2.598901
v -8.131265 1.171163 4.879842
v -8.091054 1.160389 4.879841
v -8.091054 0.982277 2.598900
v -8.091052 0.921868 0.317960
v -8.091053 0.982277 -1.962981
v -8.091053 1.160389 -4.243922
v -8.061616 1.130952 4.879841
v -8.061615 0.952840 2.598901
v -8.061615 0.892431 0.317960
v -8.061617 0.952840 -1.962982
v -8.061616 1.130952 -4.243921
v -8.050841 1.090740 4.879841
v -8.050840 0.912628 2.598900
v -8.050841 0.852219 0.317960
v -8.050841 0.912628 -1.962981
v -8.050840 1.090740 -4.243921
v -8.061615 1.050528 4.879841
v -8.061616 0.872416 2.598900
v -8.061617 0.812007 0.317959
v -8.061615 0.872416 -1.962981
v -8.061617 1.050528 -4.243921
v -8.091053 1.021091 4.879842
v -8.091053 0.842979 2.598901
v -8.091053 0.782570 0.317960
v -8.091053 0.842979 -1.962981
v -8.091053 1.021091 -4.243922
v -8.131265 1.010316 4.879841
v -8.131266 0.832204 2.598901
v -8.131265 0.771795 0.317960
v -8.131264 0.832205 -1.962981
v -8.131265 1.010316 -4.243922
v -8.171476 1.021091 4.879841
v -8.171476 0.842979 2.598900
v -8.171477 0.782570 0.317960
v -8.171476 0.842979 -1.962981
v -8.171476 1.021091 -4.243923
v -8.200915 1.050528 4.879841
v -8.200913 0.872416 2.598901
v -8.200913 0.812007 0.317960
v -8.200913 0.872417 -1.962982
v -8.200912 1.050528 -4.243922
v -8.211687 1.090740 4.879841
v -8.211688 0.912628 2.598900
v -8.211688 0.852219 0.317960
v -8.211688 0.912628 -1.962981
v -8.211688 1.090740 -4.243922
v -8.200914 1.130952 4.879842
v -8.200914 0.952840 2.598900
v -8.200914 0.892431 0.317960
v -8.200913 0.952840 -1.962981
v -8.200913 1.130952 -4.243922
v -8.171477 1.160388 4.879842
v -8.171477 0.982277 2.598901
v -8.171477 0.921868 0.317960
v -8.171475 0.982277 -1.962981
v -8.171478 1.160389 -4.243922
v -8.139155 0.409692 -6.524863
v -8.139155 0.409691 7.160781
v -8.098944 0.398917 -6.524862
v -8.098944 0.398916 7.160781
v -8.069505 0.369480 -6.524862
v -8.069506 0.369479 7.160782
v -8.058732 0.329268 -6.524863
v -8.058731 0.329267 7.160781
v -8.069506 0.289056 -6.524865
v -8.069507 0.289055 7.160781
v -8.098943 0.259619 -6.524862
v -8.098943 0.259618 7.160781
v -8.139153 0.248844 -6.524863
v -8.139154 0.248844 7.160782
v -8.179366 0.259619 -6.524863
v -8.179366 0.259618 7.160781
v -8.208804 0.289056 -6.524863
v -8.208805 0.289056 7.160781
v -8.219579 0.329268 -6.524862
v -8.219578 0.329267 7.160782
v -8.208803 0.369480 -6.524863
v -8.208804 0.369479 7.160782
v -8.179367 0.398917 -6.524863
v -8.179367 0.398916 7.160781
v -8.139155 0.106062 -4.243923
v -8.139154 -0.072050 -1.962981
v -8.139154 -0.132459 0.317960
v -8.139154 -0.072050 2.598900
v -8.139156 0.106061 4.879841
v -8.098943 0.095287 4.879840
v -8.098944 -0.082825 2.598900
v -8.098942 -0.143234 0.317959
v -8.098943 -0.082825 -1.962982
v -8.098943 0.095287 -4.243922
v -8.069506 0.065849 4.879841
v -8.069506 -0.112262 2.598899
v -8.069506 -0.172671 0.317959
v -8.069506 -0.112262 -1.962982
v -8.069506 0.065850 -4.243923
v -8.058731 0.025638 4.879841
v -8.058732 -0.152474 2.598900
v -8.058731 -0.212883 0.317959
v -8.058732 -0.152474 -1.962982
v -8.058731 0.025638 -4.243923
v -8.069507 -0.014574 4.879840
v -8.069507 -0.192686 2.598899
v -8.069507 -0.253095 0.317959
v -8.069505 -0.192685 -1.962982
v -8.069507 -0.014574 -4.243922
v -8.098943 -0.044011 4.879841
v -8.098944 -0.222123 2.598899
v -8.098944 -0.282532 0.317959
v -8.098943 -0.222123 -1.962982
v -8.098943 -0.044011 -4.243923
v -8.139154 -0.054786 4.879840
v -8.139155 -0.232898 2.598900
v -8.139155 -0.293307 0.317959
v -8.139154 -0.232897 -1.962981
v -8.139155 -0.054786 -4.243923
v -8.179367 -0.044011 4.879840
v -8.179366 -0.222123 2.598899
v -8.179366 -0.282532 0.317959
v -8.179365 -0.222123 -1.962981
v -8.179367 -0.044011 -4.243922
v -8.208805 -0.014574 4.879841
v -8.208803 -0.192686 2.598900
v -8.208802 -0.253095 0.317959
v -8.208804 -0.192685 -1.962982
v -8.208803 -0.014574 -4.243923
v -8.219578 0.025638 4.879841
v -8.219578 -0.152474 2.598899
v -8.219578 -0.212883 0.317959
v -8.219579 -0.152474 -1.962982
v -8.219578 0.025638 -4.243922
v -8.208804 0.065849 4.879841
v -8.208805 -0.112262 2.598900
v -8.208804 -0.172671 0.317958
v -8.208803 -0.112262 -1.962982
v -8.208804 0.065850 -4.243922
v -8.179367 0.095287 4.879841
v -8.179367 -0.082825 2.598900
v -8.179367 -0.143234 0.317959
v -8.179367 -0.082825 -1.962982
v -8.179367 0.095287 -4.243923
v 6.846887 -2.193983 -6.327634
v 6.846887 -0.712565 -6.327632
v 6.846887 -2.193983 -6.731642
v 6.846887 -0.712565 -6.731643
v 7.250896 -2.193983 -6.327632
v 7.250896 -0.712565 -6.327633
v 7.250896 -2.193983 -6.731642
v 7.250896 -0.712565 -6.731642
vn -0.9999 -0.0104 -0.0130
vn 0.0132 -0.0138 -0.9998
vn 0.9999 0.0104 0.0130
vn -0.0132 0.0138 0.9998
vn 0.0103 -0.9999 0.0139
vn -0.0103 0.9999 -0.0139
vn -0.0000 1.0000 -0.0000
vn 0.0601 -0.0000 0.9982
vn -0.9982 -0.0000 0.0601
vn -0.0000 -1.0000 -0.0000
vn 0.9982 -0.0000 -0.0601
vn -0.0601 -0.0000 -0.9982
vn -0.0000 -0.0000 -1.0000
vn -0.0000 -0.0000 1.0000
vn -1.0000 -0.0000 -0.0000
vn 1.0000 -0.0000 -0.0000
vn -0.0086 0.9999 -0.0116
vn -0.0110 0.0115 0.9999
vn -0.9999 -0.0087 -0.0109
vn 0.0086 -0.9999 0.0116
vn 0.9999 0.0087 0.0109
vn 0.0110 -0.0115 -0.9999
vn -0.0274 0.9989 -0.0380
vn -0.0361 0.0370 0.9987
vn -0.9990 -0.0287 -0.0351
vn 0.0274 -0.9989 0.0380
vn 0.9990 0.0287 0.0351
vn 0.0361 -0.0370 -0.9987
vn 0.0058 1.0000 0.0077
vn 0.0073 -0.0078 0.9999
vn -1.0000 0.0058 0.0073
vn -0.0058 -1.0000 -0.0077
vn 1.0000 -0.0058 -0.0073
vn -0.0073 0.0078 -0.9999
vn 0.9999 -0.0000 0.0109
vn -0.0109 -0.0000 0.9999
vn 0.0109 -0.0000 -0.9999
vn -0.9999 -0.0000 -0.0109
vn 1.0000 -0.0000 -0.0037
vn 0.0037 -0.0000 1.0000
vn -0.0037 -0.0000 -1.0000
vn -1.0000 -0.0000 0.0037
vn 1.0000 -0.0000 0.0014
vn -0.0014 -0.0000 1.0000
vn 0.0014 -0.0000 -1.0000
vn -1.0000 -0.0000 -0.0014
vn 0.9999 -0.0000 0.0104
vn -0.0104 -0.0000 0.9999
vn 0.0104 -0.0000 -0.9999
vn -0.9999 -0.0000 -0.0104
vn 1.0000 -0.0000 -0.0060
vn 0.0060 -0.0000 1.0000
vn -0.0060 -0.0000 -1.0000
vn -1.0000 -0.0000 0.0060
vn 1.0000 -0.0000 0.0042
vn -0.0042 -0.0000 1.0000
vn 0.0042 -0.0000 -1.0000
vn -1.0000 -0.0000 -0.0042
vn 1.0000 -0.0000 -0.0062
vn 0.0062 -0.0000 1.0000
vn -0.0062 -0.0000 -1.0000
vn -1.0000 -0.0000 0.0062
vn 0.9999 -0.0000 -0.0109
vn 0.0109 -0.0000 0.9999
vn -0.0109 -0.0000 -0.9999
vn -0.9999 -0.0000 0.0109
vn 0.0007 1.0000 0.0002
vn 1.0000 -0.0007 -0.0013
vn 0.0013 -0.0003 1.0000
vn -0.0007 -1.0000 -0.0002
vn -0.0013 0.0003 -1.0000
vn -1.0000 0.0007 0.0013
vn 0.0021 1.0000 0.0028
vn 1.0000 -0.0021 -0.0036
vn 0.0036 -0.0028 1.0000
vn -0.0021 -1.0000 -0.0028
vn -0.0036 0.0028 -1.0000
vn -1.0000 0.0021 0.0036
vn -0.0017 1.0000 -0.0023
vn 1.0000 0.0017 0.0030
vn -0.0030 0.0023 1.0000
vn 0.0017 -1.0000 0.0023
vn 0.0030 -0.0023 -1.0000
vn -1.0000 -0.0017 -0.0030
vn -1.0000 -0.0030 -0.0038
vn 0.0038 -0.0040 -1.0000
vn 1.0000 0.0030 0.0038
vn -0.0038 0.0040 1.0000
vn 0.0030 -1.0000 0.0040
vn -0.0030 1.0000 -0.0040
vn 0.0056 1.0000 0.0075
vn -1.0000 0.0056 0.0071
vn -0.0071 0.0075 -0.9999
vn -0.0056 -1.0000 -0.0075
vn 0.0071 -0.0075 0.9999
vn 1.0000 -0.0056 -0.0071
vn -0.0129 0.9998 -0.0175
vn -0.9998 -0.0132 -0.0164
vn 0.0166 -0.0173 -0.9997
vn 0.0129 -0.9998 0.0175
vn -0.0166 0.0173 0.9997
vn 0.9998 0.0132 0.0164
vn 0.0098 0.9999 0.0129
vn -0.9999 0.0096 0.0124
vn -0.0122 0.0130 -0.9998
vn -0.0098 -0.9999 -0.0129
vn 0.0122 -0.0130 0.9998
vn 0.9999 -0.0096 -0.0124
vn -0.1150 0.9595 -0.2571
vn -0.0845 0.7046 -0.7046
vn -0.0310 0.2587 -0.9655
vn 0.0310 -0.2587 -0.9655
vn 0.0844 -0.7046 -0.7046
vn 0.1150 -0.9595 -0.2571
vn 0.1150 -0.9595 0.2571
vn 0.0845 -0.7046 0.7046
vn 0.0310 -0.2587 0.9655
vn -0.0310 0.2587 0.9655
vn -0.0845 0.7046 0.7046
vn -0.1150 0.9595 0.2571
vn 0.1150 0.9595 0.2571
vn 0.0678 0.9637 0.2582
vn 0.0230 0.9657 0.2588
vn -0.0230 0.9657 0.2587
vn -0.0678 0.9637 0.2582
vn 0.0844 0.7046 0.7046
vn 0.0497 0.7062 0.7062
vn 0.0169 0.7070 0.7070
vn -0.0169 0.7070 0.7070
vn -0.0497 0.7062 0.7062
vn 0.0310 0.2587 0.9655
vn 0.0182 0.2588 0.9658
vn 0.0062 0.2588 0.9659
vn -0.0062 0.2588 0.9659
vn -0.0182 0.2588 0.9658
vn -0.0310 -0.2587 0.9655
vn -0.0182 -0.2588 0.9658
vn -0.0062 -0.2588 0.9659
vn 0.0062 -0.2588 0.9659
vn 0.0182 -0.2588 0.9658
vn -0.0845 -0.7046 0.7046
vn -0.0497 -0.7062 0.7062
vn -0.0169 -0.7070 0.7070
vn 0.0169 -0.7070 0.7070
vn 0.0497 -0.7062 0.7062
vn -0.1150 -0.9595 0.2571
vn -0.0678 -0.9637 0.2582
vn -0.0230 -0.9657 0.2588
vn 0.0230 -0.9657 0.2587
vn 0.0678 -0.9637 0.2582
vn -0.1150 -0.9595 -0.2571
vn -0.0678 -0.9637 -0.2582
vn -0.0230 -0.9657 -0.2588
vn 0.0230 -0.9657 -0.2588
vn 0.0678 -0.9637 -0.2582
vn -0.0845 -0.7046 -0.7046
vn -0.0497 -0.7062 -0.7062
vn -0.0169 -0.7070 -0.7070
vn 0.0169 -0.7070 -0.7070
vn 0.0497 -0.7062 -0.7062
vn -0.0310 -0.2587 -0.9655
vn -0.0182 -0.2588 -0.9658
vn -0.0062 -0.2588 -0.9659
vn 0.0062 -0.2588 -0.9659
vn 0.0182 -0.2588 -0.9658
vn 0.0310 0.2587 -0.9655
vn 0.0182 0.2588 -0.9658
vn 0.0062 0.2588 -0.9659
vn -0.0062 0.2588 -0.9659
vn -0.0182 0.2588 -0.9658
vn 0.0845 0.7046 -0.7046
vn 0.0497 0.7062 -0.7062
vn 0.0169 0.7070 -0.7070
vn -0.0169 0.7070 -0.7070
vn -0.0497 0.7062 -0.7062
vn 0.1150 0.9595 -0.2571
vn 0.0678 0.9637 -0.2582
vn 0.0230 0.9657 -0.2588
vn -0.0230 0.9657 -0.2587
vn -0.0678 0.9637 -0.2582
vn -0.0230 0.9657 0.2588
vn 0.0845 0.7046 0.7046
vn 0.0062 -0.2589 0.9659
vn -0.0230 -0.9657 0.2587
vn 0.0845 -0.7046 -0.7046
vn 0.0230 0.9657 0.2587
vn -0.0844 -0.7046 0.7046
vn -0.0230 -0.9657 -0.2587
vn -0.0844 0.7046 0.7046
vn 0.0497 0.7062 0.7063
vn 0.2567 0.9580 -0.1275
vn 0.7040 0.7040 -0.0937
vn 0.9654 0.2587 -0.0344
vn 0.9654 -0.2587 0.0344
vn 0.7040 -0.7040 0.0937
vn 0.2567 -0.9580 0.1275
vn -0.2567 -0.9580 0.1275
vn -0.7040 -0.7040 0.0937
vn -0.9654 -0.2587 0.0344
vn -0.9654 0.2587 -0.0344
vn -0.7040 0.7040 -0.0937
vn -0.2567 0.9580 -0.1275
vn -0.2567 0.9580 0.1275
vn -0.2581 0.9632 0.0752
vn -0.2587 0.9656 0.0256
vn -0.2587 0.9656 -0.0256
vn -0.2581 0.9632 -0.0752
vn -0.7040 0.7040 0.0937
vn -0.7060 0.7060 0.0551
vn -0.7070 0.7070 0.0187
vn -0.7070 0.7070 -0.0187
vn -0.7060 0.7060 -0.0551
vn -0.9654 0.2587 0.0344
vn -0.9657 0.2588 0.0202
vn -0.9659 0.2588 0.0069
vn -0.9659 0.2588 -0.0069
vn -0.9657 0.2588 -0.0202
vn -0.9654 -0.2587 -0.0344
vn -0.9657 -0.2588 -0.0202
vn -0.9659 -0.2588 -0.0069
vn -0.9659 -0.2588 0.0069
vn -0.9657 -0.2588 0.0202
vn -0.7040 -0.7040 -0.0937
vn -0.7060 -0.7060 -0.0551
vn -0.7070 -0.7070 -0.0187
vn -0.7070 -0.7070 0.0187
vn -0.7060 -0.7060 0.0551
vn -0.2567 -0.9580 -0.1275
vn -0.2581 -0.9632 -0.0752
vn -0.2587 -0.9656 -0.0256
vn -0.2587 -0.9656 0.0256
vn -0.2581 -0.9632 0.0752
vn 0.2567 -0.9580 -0.1275
vn 0.2581 -0.9632 -0.0752
vn 0.2587 -0.9656 -0.0256
vn 0.2587 -0.9656 0.0256
vn 0.2581 -0.9632 0.0752
vn 0.7040 -0.7040 -0.0937
vn 0.7060 -0.7060 -0.0551
vn 0.7070 -0.7070 -0.0187
vn 0.7070 -0.7070 0.0187
vn 0.7060 -0.7060 0.0551
vn 0.9654 -0.2587 -0.0344
vn 0.9657 -0.2588 -0.0202
vn 0.9659 -0.2588 -0.0069
vn 0.9659 -0.2588 0.0069
vn 0.9657 -0.2588 0.0202
vn 0.9654 0.2587 0.0344
vn 0.9657 0.2588 0.0202
vn 0.9659 0.2588 0.0069
vn 0.9659 0.2588 -0.0069
vn 0.9657 0.2588 -0.0202
vn 0.7040 0.7040 0.0937
vn 0.7060 0.7060 0.0551
vn 0.7070 0.7070 0.0187
vn 0.7070 0.7070 -0.0187
vn 0.7060 0.7060 -0.0551
vn 0.2567 0.9580 0.1275
vn 0.2581 0.9632 0.0752
vn 0.2587 0.9656 0.0256
vn 0.2587 0.9656 -0.0256
vn 0.2581 0.9632 -0.0752
vn -0.9997 0.0157 0.0203
vn -0.0200 0.0214 -0.9996
vn 0.9997 -0.0157 -0.0203
vn 0.0200 -0.0214 0.9996
vn -0.0161 -0.9996 -0.0211
vn 0.0161 0.9996 0.0211
vn -1.0000 0.0007 0.0009
vn -0.0009 0.0009 -1.0000
vn 1.0000 -0.0007 -0.0009
vn 0.0009 -0.0009 1.0000
vn -0.0007 -1.0000 -0.0009
vn 0.0007 1.0000 0.0009
vn -0.9654 -0.2586 0.0344
vn -0.9654 0.2586 -0.0344
vn -0.9657 0.2587 -0.0202
vn -0.9653 -0.2587 -0.0344
vn -0.9657 -0.2587 0.0202
vn 0.9653 -0.2587 0.0344
vn 0.9654 0.2586 0.0344
vt 0.292205 0.714913
vt 0.292205 0.797801
vt 0.279514 0.797803
vt 0.279514 0.714915
vt 0.292205 0.797800
vt 0.292205 0.714915
vt 0.304896 0.714913
vt 0.304896 0.797798
vt 0.173566 0.712888
vt 0.173566 0.795777
vt 0.160876 0.795775
vt 0.160876 0.712887
vt 0.233483 0.797799
vt 0.233483 0.714914
vt 0.246173 0.714917
vt 0.246173 0.797801
vt 0.173566 0.808636
vt 0.173566 0.795779
vt 0.186257 0.795781
vt 0.186257 0.808638
vt 0.211641 0.795777
vt 0.211641 0.808634
vt 0.198951 0.808636
vt 0.198951 0.795779
vt 0.093731 0.639458
vt 0.093731 0.563253
vt 0.116746 0.563253
vt 0.116746 0.639458
vt 0.044970 0.792336
vt 0.041530 0.792336
vt 0.041530 0.716268
vt 0.044970 0.716268
vt 0.020933 0.788160
vt 0.024373 0.788160
vt 0.024373 0.811435
vt 0.020933 0.811435
vt 0.256499 0.640653
vt 0.256499 0.564448
vt 0.279514 0.564448
vt 0.279514 0.640653
vt 0.156360 0.789090
vt 0.159800 0.789090
vt 0.159800 0.812365
vt 0.156360 0.812365
vt 0.038090 0.716268
vt 0.041530 0.716268
vt 0.038090 0.792336
vt 0.082034 0.725418
vt 0.082034 0.799679
vt 0.069949 0.799679
vt 0.069949 0.725418
vt 0.231376 0.636686
vt 0.222613 0.636686
vt 0.222613 0.562424
vt 0.231376 0.562424
vt 0.139304 0.500099
vt 0.130542 0.500099
vt 0.130542 0.478797
vt 0.139304 0.478797
vt 0.213531 0.498926
vt 0.140229 0.498926
vt 0.140229 0.477969
vt 0.213531 0.477969
vt 0.233483 0.543492
vt 0.242246 0.543492
vt 0.242246 0.564448
vt 0.233483 0.564448
vt 0.091404 0.716787
vt 0.082641 0.716787
vt 0.082641 0.642526
vt 0.091404 0.642526
vt 0.233483 0.479993
vt 0.242246 0.479993
vt 0.242246 0.501295
vt 0.233483 0.501295
vt 0.213531 0.562425
vt 0.140229 0.562425
vt 0.140229 0.541122
vt 0.213531 0.541122
vt 0.139304 0.520963
vt 0.130542 0.520963
vt 0.254510 0.640653
vt 0.254510 0.714914
vt 0.233483 0.714914
vt 0.233483 0.640653
vt 0.118457 0.542296
vt 0.118457 0.563253
vt 0.106187 0.563253
vt 0.106187 0.542296
vt 0.210529 0.636686
vt 0.210529 0.562425
vt 0.242246 0.522159
vt 0.254330 0.501295
vt 0.254330 0.522159
vt 0.130542 0.542296
vt 0.130542 0.563253
vt 0.118457 0.520963
vt 0.118457 0.500099
vt 0.254330 0.543492
vt 0.046934 0.716788
vt 0.046935 0.642526
vt 0.067529 0.642526
vt 0.067529 0.716788
vt 0.139304 0.542296
vt 0.233483 0.522159
vt 0.140229 0.520258
vt 0.213531 0.520259
vt 0.266600 0.564448
vt 0.266600 0.543492
vt 0.279056 0.543492
vt 0.279056 0.564448
vt 0.198259 0.636686
vt 0.198259 0.562424
vt 0.059205 0.716788
vt 0.059205 0.791049
vt 0.046934 0.791049
vt 0.046934 0.716788
vt 0.266600 0.522159
vt 0.254330 0.564448
vt 0.279514 0.714913
vt 0.279514 0.640652
vt 0.300572 0.640652
vt 0.300572 0.714913
vt 0.139304 0.563253
vt 0.106187 0.520963
vt 0.346231 0.640653
vt 0.346231 0.714914
vt 0.325545 0.714914
vt 0.325545 0.640653
vt 0.116746 0.789917
vt 0.116746 0.715656
vt 0.129203 0.715656
vt 0.129203 0.789917
vt 0.093731 0.563253
vt 0.093731 0.542296
vt 0.185802 0.636686
vt 0.185802 0.562424
vt 0.024375 0.567746
vt 0.024375 0.643948
vt 0.001361 0.643950
vt 0.001361 0.567748
vt 0.278432 0.791114
vt 0.274992 0.791115
vt 0.274992 0.714915
vt 0.278432 0.714914
vt 0.020933 0.764845
vt 0.024373 0.764845
vt 0.024373 0.788160
vt 0.020933 0.788160
vt 0.092964 0.566324
vt 0.092964 0.642526
vt 0.069949 0.642524
vt 0.069949 0.566322
vt 0.069589 0.810228
vt 0.066149 0.810229
vt 0.066149 0.786913
vt 0.069589 0.786913
vt 0.341674 0.791115
vt 0.338234 0.791114
vt 0.338234 0.714914
vt 0.341674 0.714914
vt 0.093731 0.715656
vt 0.093731 0.639482
vt 0.116731 0.639458
vt 0.116731 0.715632
vt 0.132872 0.715660
vt 0.136309 0.715656
vt 0.136309 0.791813
vt 0.132872 0.791818
vt 0.017491 0.811465
vt 0.014053 0.811461
vt 0.014053 0.788160
vt 0.017491 0.788163
vt 0.139747 0.639482
vt 0.139747 0.715656
vt 0.116747 0.715631
vt 0.017493 0.788163
vt 0.020932 0.788160
vt 0.020932 0.811461
vt 0.017493 0.811465
vt 0.139747 0.791818
vt 0.136309 0.791813
vt 0.139747 0.715660
vt 0.348560 0.564448
vt 0.348560 0.640652
vt 0.325545 0.564449
vt 0.159800 0.789090
vt 0.156360 0.789090
vt 0.156360 0.712887
vt 0.159800 0.712887
vt 0.321599 0.763490
vt 0.325039 0.763490
vt 0.325039 0.786807
vt 0.321599 0.786807
vt 0.046934 0.642525
vt 0.046934 0.566322
vt 0.069949 0.566323
vt 0.069949 0.642526
vt 0.069589 0.786913
vt 0.066149 0.786913
vt 0.066149 0.763597
vt 0.069589 0.763597
vt 0.152920 0.712887
vt 0.156360 0.789090
vt 0.152920 0.789090
vt 0.532230 0.473993
vt 0.532230 0.000000
vt 0.555246 0.000000
vt 0.555246 0.473993
vt 0.976003 0.000000
vt 0.979444 0.000000
vt 0.979443 0.473963
vt 0.976003 0.473963
vt 0.017493 0.764845
vt 0.020933 0.764845
vt 0.020933 0.788160
vt 0.017493 0.788160
vt 0.394135 0.473992
vt 0.394136 0.000000
vt 0.417151 0.000000
vt 0.417151 0.473992
vt 0.325039 0.810122
vt 0.321599 0.810122
vt 0.321599 0.786807
vt 0.325039 0.786807
vt 0.979443 0.947956
vt 0.976003 0.947956
vt 0.976003 0.473993
vt 0.979443 0.473993
vt 0.140229 0.000000
vt 0.140229 0.478797
vt 0.116980 0.478797
vt 0.116980 0.000000
vt 0.357280 0.956258
vt 0.353805 0.956258
vt 0.353805 0.477461
vt 0.357279 0.477461
vt 0.062680 0.740341
vt 0.059205 0.740341
vt 0.059205 0.716788
vt 0.062680 0.716788
vt 0.116980 0.000000
vt 0.093731 0.478797
vt 0.093731 0.000000
vt 0.082641 0.716787
vt 0.086116 0.716787
vt 0.086116 0.740340
vt 0.082641 0.740340
vt 0.901740 0.962523
vt 0.898265 0.962523
vt 0.898265 0.483726
vt 0.901740 0.483726
vt 0.140229 0.477969
vt 0.163438 0.000000
vt 0.163438 0.477969
vt 0.908678 0.961695
vt 0.905209 0.961695
vt 0.905209 0.483726
vt 0.908678 0.483726
vt 0.066149 0.740300
vt 0.062680 0.740300
vt 0.062680 0.716788
vt 0.066149 0.716788
vt 0.186646 0.000000
vt 0.186646 0.477969
vt 0.163438 0.477969
vt 0.163438 0.000000
vt 0.089585 0.740300
vt 0.086116 0.740299
vt 0.089585 0.716787
vt 0.905209 0.961695
vt 0.901740 0.961695
vt 0.901740 0.483726
vt 0.905209 0.483726
vt 0.739372 0.000000
vt 0.739372 0.473993
vt 0.716356 0.473993
vt 0.716356 0.000000
vt 0.949551 0.973509
vt 0.946111 0.973509
vt 0.946111 0.499519
vt 0.949551 0.499519
vt 0.086081 0.763657
vt 0.082641 0.763657
vt 0.082641 0.740340
vt 0.086081 0.740340
vt 0.486199 0.473993
vt 0.486199 0.000000
vt 0.509215 0.000000
vt 0.509214 0.473992
vt 0.017493 0.764845
vt 0.014053 0.764845
vt 0.014053 0.741528
vt 0.017493 0.741528
vt 0.962243 0.473993
vt 0.965683 0.473993
vt 0.965683 0.947983
vt 0.962243 0.947983
vt 0.093731 0.481866
vt 0.070333 0.481866
vt 0.070333 0.000000
vt 0.777664 0.955859
vt 0.774166 0.955859
vt 0.774166 0.473993
vt 0.777664 0.473993
vt 0.116699 0.739360
vt 0.113202 0.739360
vt 0.113202 0.715656
vt 0.116699 0.715656
vt 0.070332 0.000000
vt 0.070333 0.481866
vt 0.046934 0.481866
vt 0.046934 0.000000
vt 0.129203 0.715656
vt 0.132700 0.715656
vt 0.132700 0.739360
vt 0.129203 0.739360
vt 0.824236 0.955858
vt 0.820739 0.955858
vt 0.820739 0.473992
vt 0.824236 0.473992
vt 0.417151 0.473993
vt 0.417151 0.000000
vt 0.440167 0.000000
vt 0.440167 0.473993
vt 0.955363 0.473993
vt 0.951923 0.473993
vt 0.951922 0.000000
vt 0.955362 0.000000
vt 0.325039 0.740173
vt 0.321599 0.740173
vt 0.321599 0.716857
vt 0.325039 0.716857
vt 0.509215 0.473993
vt 0.509215 0.000000
vt 0.532230 0.000000
vt 0.532230 0.473992
vt 0.132643 0.739360
vt 0.132643 0.762676
vt 0.129203 0.762676
vt 0.939231 0.499519
vt 0.942671 0.499519
vt 0.942671 0.973511
vt 0.939231 0.973511
vt 0.624293 0.000000
vt 0.624293 0.473993
vt 0.601278 0.473993
vt 0.601278 0.000000
vt 0.962243 0.000000
vt 0.965683 0.000000
vt 0.965683 0.473993
vt 0.962243 0.473993
vt 0.014053 0.718211
vt 0.017493 0.718211
vt 0.017493 0.741528
vt 0.014053 0.741528
vt 0.647309 0.473992
vt 0.647309 0.000000
vt 0.670325 0.000000
vt 0.670325 0.473992
vt 0.024373 0.741528
vt 0.020933 0.741528
vt 0.020933 0.718211
vt 0.024373 0.718211
vt 0.942671 0.499519
vt 0.946111 0.499519
vt 0.946111 0.973511
vt 0.942671 0.973511
vt 0.578262 0.473993
vt 0.578262 0.000000
vt 0.601278 0.000000
vt 0.601278 0.473993
vt 0.955363 0.473993
vt 0.958803 0.473993
vt 0.958803 0.947985
vt 0.955363 0.947985
vt 0.109627 0.739430
vt 0.113067 0.739430
vt 0.113067 0.762747
vt 0.109627 0.762747
vt 0.463183 0.473992
vt 0.463183 0.000000
vt 0.486199 0.000000
vt 0.486199 0.473993
vt 0.086116 0.740300
vt 0.089556 0.740300
vt 0.089556 0.763616
vt 0.086116 0.763616
vt 0.958803 0.473993
vt 0.962243 0.947985
vt 0.958803 0.947985
vt 0.647309 0.000000
vt 0.647309 0.473993
vt 0.624294 0.473993
vt 0.624294 0.000000
vt 0.976003 0.473965
vt 0.972563 0.473965
vt 0.972563 0.000000
vt 0.976003 0.000000
vt 0.086116 0.763616
vt 0.089556 0.763616
vt 0.089556 0.786932
vt 0.086116 0.786932
vt 0.716356 0.000000
vt 0.693341 0.473993
vt 0.693341 0.000000
vt 0.062645 0.786973
vt 0.059205 0.786973
vt 0.059205 0.763657
vt 0.062645 0.763657
vt 0.969123 0.473993
vt 0.972563 0.473993
vt 0.972563 0.947958
vt 0.969123 0.947958
vt 0.831435 0.923590
vt 0.831435 0.461260
vt 0.853469 0.461260
vt 0.853469 0.923590
vt 0.989432 0.936323
vt 0.986139 0.936323
vt 0.986139 0.473993
vt 0.989432 0.473993
vt 0.213545 0.522945
vt 0.216839 0.522945
vt 0.216839 0.545268
vt 0.213545 0.545268
vt 0.876230 0.462330
vt 0.876230 0.000000
vt 0.898264 0.000000
vt 0.898265 0.462330
vt 0.153067 0.789090
vt 0.156360 0.789090
vt 0.156360 0.811413
vt 0.153067 0.811413
vt 0.986177 0.462331
vt 0.982884 0.462331
vt 0.982884 0.000000
vt 0.986177 0.000000
vt 0.046934 0.483290
vt 0.023467 0.483290
vt 0.023467 0.000000
vt 0.736330 0.957283
vt 0.732822 0.957283
vt 0.732822 0.473993
vt 0.736329 0.473993
vt 0.113202 0.739430
vt 0.109694 0.739430
vt 0.109694 0.715656
vt 0.113202 0.715656
vt 0.023467 0.000000
vt 0.023467 0.483290
vt 0.000000 0.483290
vt 0.000000 0.000000
vt 0.106187 0.715656
vt 0.109694 0.739430
vt 0.106187 0.739430
vt 0.732822 0.957283
vt 0.729314 0.957283
vt 0.729314 0.473993
vt 0.732822 0.473993
vt 0.233025 0.000000
vt 0.233025 0.477565
vt 0.209836 0.477565
vt 0.209836 0.000000
vt 0.915610 0.961291
vt 0.912144 0.961291
vt 0.912144 0.483726
vt 0.915610 0.483726
vt 0.089585 0.716787
vt 0.093051 0.716787
vt 0.093051 0.740280
vt 0.089585 0.740280
vt 0.209836 0.000000
vt 0.209836 0.477565
vt 0.186646 0.477565
vt 0.186646 0.000000
vt 0.066149 0.716788
vt 0.069615 0.716788
vt 0.069615 0.740280
vt 0.066149 0.740280
vt 0.908678 0.483726
vt 0.912144 0.483726
vt 0.912144 0.961291
vt 0.908678 0.961291
vt 0.371119 0.473993
vt 0.371120 0.000000
vt 0.394135 0.000000
vt 0.394135 0.473993
vt 0.958803 0.473985
vt 0.955363 0.473985
vt 0.955363 0.000000
vt 0.958803 0.000000
vt 0.113067 0.786063
vt 0.109627 0.786063
vt 0.109627 0.762747
vt 0.113067 0.762747
vt 0.578262 0.000000
vt 0.578262 0.473993
vt 0.555246 0.000000
vt 0.109627 0.786063
vt 0.106187 0.786063
vt 0.106187 0.762747
vt 0.969123 0.000000
vt 0.972563 0.473985
vt 0.969123 0.473985
vt 0.853832 0.461260
vt 0.853832 0.000000
vt 0.876230 0.000000
vt 0.876230 0.461260
vt 0.979443 0.473993
vt 0.982791 0.473993
vt 0.982791 0.935248
vt 0.979443 0.935248
vt 0.216893 0.522945
vt 0.213545 0.500255
vt 0.216893 0.500255
vt 0.831435 0.461260
vt 0.831435 0.000000
vt 0.853832 0.461260
vt 0.216893 0.500255
vt 0.213545 0.477565
vt 0.216893 0.477565
vt 0.982791 0.473993
vt 0.986139 0.473993
vt 0.986139 0.935248
vt 0.982791 0.935248
vt 0.693341 0.473993
vt 0.670325 0.000000
vt 0.955362 0.947977
vt 0.951922 0.947977
vt 0.951922 0.473993
vt 0.955363 0.473993
vt 0.116642 0.785993
vt 0.113202 0.785993
vt 0.113202 0.762677
vt 0.116642 0.762677
vt 0.440167 0.473993
vt 0.440167 0.000000
vt 0.463183 0.000000
vt 0.463183 0.473993
vt 0.132643 0.785993
vt 0.129203 0.785993
vt 0.132643 0.762676
vt 0.969123 0.947977
vt 0.965683 0.947977
vt 0.762388 0.000000
vt 0.762388 0.473993
vt 0.739372 0.473993
vt 0.739372 0.000000
vt 0.982884 0.473966
vt 0.979444 0.473966
vt 0.017493 0.788160
vt 0.014053 0.788160
vt 0.017493 0.764845
vt 0.785403 0.000000
vt 0.785403 0.473993
vt 0.762388 0.473993
vt 0.762388 0.000000
vt 0.086081 0.786972
vt 0.082641 0.786972
vt 0.082641 0.763657
vt 0.086081 0.763657
vt 0.976003 0.947959
vt 0.972563 0.947959
vt 0.972563 0.473993
vt 0.976003 0.473993
vt 0.279056 0.000001
vt 0.279056 0.479993
vt 0.256041 0.479992
vt 0.256041 0.000000
vt 0.922490 0.963718
vt 0.919050 0.963718
vt 0.919050 0.483726
vt 0.922490 0.483726
vt 0.325039 0.763490
vt 0.321599 0.763490
vt 0.321599 0.740174
vt 0.325039 0.740174
vt 0.233025 0.479993
vt 0.233025 0.000001
vt 0.256041 0.000000
vt 0.256041 0.479992
vt 0.106187 0.762747
vt 0.915610 0.483726
vt 0.919050 0.963718
vt 0.915610 0.963718
vt 0.325088 0.477459
vt 0.325088 0.000000
vt 0.348104 0.000001
vt 0.348104 0.477461
vt 0.929371 0.483726
vt 0.932811 0.483726
vt 0.932811 0.961185
vt 0.929371 0.961185
vt 0.017493 0.741528
vt 0.020933 0.741528
vt 0.017493 0.764845
vt 0.371119 0.000000
vt 0.371120 0.477459
vt 0.348104 0.477461
vt 0.348104 0.000001
vt 0.024373 0.764845
vt 0.020933 0.764845
vt 0.024373 0.741528
vt 0.932811 0.483726
vt 0.936251 0.483726
vt 0.936251 0.961185
vt 0.932811 0.961186
vt 0.831435 0.000000
vt 0.831435 0.473992
vt 0.808419 0.473992
vt 0.808419 0.000000
vt 0.962243 0.000000
vt 0.962243 0.473990
vt 0.958803 0.473990
vt 0.089585 0.740280
vt 0.093025 0.740280
vt 0.093025 0.763596
vt 0.089585 0.763596
vt 0.808419 0.473992
vt 0.785403 0.473992
vt 0.785403 0.000000
vt 0.062645 0.763657
vt 0.059205 0.763657
vt 0.059205 0.740341
vt 0.062645 0.740341
vt 0.969123 0.473990
vt 0.965683 0.473990
vt 0.279057 0.478758
vt 0.279056 0.000000
vt 0.302072 0.000000
vt 0.302072 0.478758
vt 0.929370 0.962484
vt 0.925930 0.962484
vt 0.925930 0.483726
vt 0.929370 0.483726
vt 0.017493 0.718211
vt 0.020933 0.718211
vt 0.020933 0.741528
vt 0.017493 0.741528
vt 0.325088 0.000000
vt 0.325088 0.478758
vt 0.302072 0.478758
vt 0.302072 0.000000
vt 0.066120 0.763617
vt 0.062680 0.763617
vt 0.066120 0.740300
vt 0.925930 0.962484
vt 0.922490 0.962484
vt 0.925930 0.483726
vt 0.258863 0.836373
vt 0.247084 0.836373
vt 0.247084 0.823515
vt 0.258863 0.823515
vt 0.797182 0.473992
vt 0.797182 0.973511
vt 0.785403 0.973511
vt 0.303985 0.823518
vt 0.292207 0.823518
vt 0.292207 0.810661
vt 0.303985 0.810661
vt 0.729314 0.973511
vt 0.717536 0.973511
vt 0.717536 0.473993
vt 0.729314 0.473993
vt 0.642298 0.973511
vt 0.642298 0.473993
vt 0.654990 0.473993
vt 0.654990 0.973511
vt 0.629606 0.473993
vt 0.629606 0.973511
vt 0.616915 0.973511
vt 0.616915 0.473993
vt 0.173566 0.795777
vt 0.173566 0.842924
vt 0.160874 0.842924
vt 0.160875 0.795777
vt 0.119114 0.789917
vt 0.119114 0.837064
vt 0.106423 0.837064
vt 0.106422 0.789917
vt 0.024375 0.837676
vt 0.024375 0.790529
vt 0.037067 0.790529
vt 0.037067 0.837676
vt 0.325545 0.844940
vt 0.325545 0.797793
vt 0.338237 0.797793
vt 0.338237 0.844940
vt 0.059626 0.851053
vt 0.046934 0.851053
vt 0.046934 0.838196
vt 0.059626 0.838196
vt 0.186258 0.842924
vt 0.198950 0.842924
vt 0.198950 0.855782
vt 0.186258 0.855782
vt 0.014053 0.801104
vt 0.014053 0.848250
vt 0.001361 0.848250
vt 0.001361 0.801104
vt 0.198950 0.795777
vt 0.198950 0.842924
vt 0.186258 0.842924
vt 0.186258 0.795777
vt 0.271555 0.797793
vt 0.271555 0.844940
vt 0.258863 0.844940
vt 0.258863 0.797793
vt 0.279514 0.844950
vt 0.279514 0.797803
vt 0.292206 0.797803
vt 0.292206 0.844950
vt 0.140229 0.842925
vt 0.152920 0.842925
vt 0.152920 0.855783
vt 0.140229 0.855783
vt 0.224333 0.855782
vt 0.211641 0.855782
vt 0.211641 0.842924
vt 0.224333 0.842924
vt 0.082641 0.799679
vt 0.082641 0.846826
vt 0.069949 0.846826
vt 0.131806 0.789917
vt 0.131806 0.837064
vt 0.119114 0.837064
vt 0.304896 0.844945
vt 0.304896 0.797798
vt 0.317587 0.797798
vt 0.317587 0.844945
vt 0.224333 0.795777
vt 0.224333 0.842924
vt 0.211641 0.842924
vt 0.093731 0.837064
vt 0.106422 0.837064
vt 0.106422 0.849922
vt 0.093731 0.849922
vt 0.338237 0.857797
vt 0.325545 0.857797
vt 0.325545 0.844940
vt 0.186258 0.712887
vt 0.186258 0.795779
vt 0.173566 0.712887
vt 0.152920 0.795778
vt 0.140229 0.795779
vt 0.140229 0.712887
vt 0.211641 0.712885
vt 0.198950 0.795777
vt 0.198950 0.712885
vt 0.224333 0.712885
vt 0.224333 0.795777
vt 0.211641 0.795777
vt 0.211641 0.712885
vt 0.160874 0.855781
vt 0.160874 0.842923
vt 0.173566 0.842924
vt 0.173566 0.855781
vt 0.271554 0.857798
vt 0.258863 0.857797
vt 0.271554 0.844940
vt 0.185345 0.834353
vt 0.173566 0.834353
vt 0.173566 0.821496
vt 0.185345 0.821496
vt 0.808960 0.973511
vt 0.797182 0.473992
vt 0.808960 0.473992
vt 0.303985 0.836376
vt 0.292207 0.836376
vt 0.717536 0.973511
vt 0.705757 0.973511
vt 0.705757 0.473993
vt 0.717536 0.473993
vt 0.629606 0.973511
vt 0.629606 0.473993
vt 0.642298 0.473993
vt 0.951922 0.000000
vt 0.951922 0.499519
vt 0.939231 0.499519
vt 0.939231 0.000000
vt 0.258863 0.810657
vt 0.247084 0.810657
vt 0.247084 0.797800
vt 0.258863 0.797800
vt 0.820739 0.941107
vt 0.808960 0.941107
vt 0.820739 0.473992
vt 0.173566 0.808638
vt 0.185345 0.808638
vt 0.185345 0.821496
vt 0.173566 0.821496
vt 0.774166 0.941107
vt 0.762388 0.941107
vt 0.762388 0.473993
vt 0.774166 0.473993
vt 0.693065 0.941107
vt 0.693065 0.473993
vt 0.705757 0.473993
vt 0.705757 0.941107
vt 0.680374 0.941107
vt 0.680374 0.473993
vt 0.258863 0.810657
vt 0.247084 0.823515
vt 0.738831 0.473993
vt 0.750609 0.473993
vt 0.750609 0.941107
vt 0.738831 0.941107
vt 0.210729 0.834353
vt 0.198951 0.834353
vt 0.198951 0.821495
vt 0.210729 0.821495
vt 0.750609 0.473993
vt 0.762388 0.941107
vt 0.750609 0.941107
vt 0.667682 0.473993
vt 0.667682 0.941107
vt 0.654990 0.941107
vt 0.680374 0.941107
vt 0.667682 0.941107
vt 0.667682 0.473993
vt 0.139762 0.563253
vt 0.139762 0.639458
vt 0.116746 0.563253
vt 0.325039 0.716857
vt 0.321599 0.716857
vt 0.321599 0.640652
vt 0.325039 0.640652
vt 0.116642 0.762677
vt 0.113202 0.762677
vt 0.113202 0.739360
vt 0.116642 0.739360
vt 0.233483 0.640653
vt 0.233483 0.564448
vt 0.256499 0.564448
vt 0.256499 0.640653
vt 0.069589 0.763597
vt 0.066149 0.763597
vt 0.066149 0.740280
vt 0.069589 0.740280
vt 0.216893 0.477565
vt 0.220333 0.477565
vt 0.220333 0.553770
vt 0.216893 0.553770
vt 0.013445 0.726842
vt 0.013445 0.801104
vt 0.001361 0.801104
vt 0.001361 0.726842
vt 0.140229 0.562424
vt 0.148991 0.562424
vt 0.148991 0.636686
vt 0.140229 0.636686
vt 0.046934 0.504592
vt 0.038172 0.504592
vt 0.038172 0.483290
vt 0.046934 0.483290
vt 0.279056 0.543492
vt 0.352359 0.543492
vt 0.352359 0.564448
vt 0.279056 0.564448
vt 0.092508 0.502823
vt 0.083745 0.502823
vt 0.083745 0.481866
vt 0.092508 0.481866
vt 0.014053 0.643950
vt 0.022815 0.643950
vt 0.022815 0.718211
vt 0.092508 0.566322
vt 0.083745 0.566322
vt 0.083745 0.545020
vt 0.092508 0.545020
vt 0.279056 0.479993
vt 0.352359 0.479993
vt 0.352359 0.501295
vt 0.279056 0.501295
vt 0.046934 0.525456
vt 0.038172 0.525456
vt 0.321599 0.714913
vt 0.300572 0.640652
vt 0.026087 0.546789
vt 0.026087 0.567746
vt 0.013817 0.567746
vt 0.013817 0.546789
vt 0.161076 0.562424
vt 0.161076 0.636686
vt 0.083745 0.524156
vt 0.071661 0.545020
vt 0.071661 0.524156
vt 0.038172 0.546789
vt 0.038172 0.567746
vt 0.026087 0.525456
vt 0.026087 0.504592
vt 0.071661 0.502823
vt 0.044970 0.642007
vt 0.024375 0.716268
vt 0.024375 0.642007
vt 0.046934 0.546789
vt 0.092508 0.524156
vt 0.352359 0.522159
vt 0.279056 0.522159
vt 0.059391 0.481866
vt 0.059391 0.502823
vt 0.046934 0.502823
vt 0.046934 0.481866
vt 0.173346 0.562424
vt 0.173346 0.636686
vt 0.024375 0.790529
vt 0.024375 0.716268
vt 0.036646 0.716268
vt 0.036645 0.790529
vt 0.059391 0.524156
vt 0.071661 0.481866
vt 0.045433 0.567746
vt 0.045433 0.642007
vt 0.046934 0.567746
vt 0.013817 0.525456
vt 0.277184 0.640653
vt 0.277184 0.714914
vt 0.256499 0.714914
vt 0.106187 0.715656
vt 0.106187 0.789917
vt 0.093731 0.789917
vt 0.001361 0.567746
vt 0.001361 0.546789
vt 0.185802 0.562425
vt 0.185802 0.636686
vt 0.325545 0.564449
vt 0.325545 0.640652
vt 0.302530 0.640651
vt 0.302530 0.564448
vt 0.232285 0.789088
vt 0.228845 0.789088
vt 0.228845 0.712885
vt 0.232285 0.712885
vt 0.066120 0.786933
vt 0.062680 0.786933
vt 0.062680 0.763617
vt 0.066120 0.763617
vt 0.302530 0.564448
vt 0.302530 0.640651
vt 0.279514 0.640652
vt 0.279514 0.564449
vt 0.089585 0.763596
vt 0.093025 0.763596
vt 0.093025 0.786913
vt 0.089585 0.786913
vt 0.227773 0.789088
vt 0.224333 0.789088
vt 0.224333 0.712885
vt 0.227773 0.712885
vt 0.232285 0.636691
vt 0.232285 0.712885
vt 0.209272 0.712880
vt 0.209272 0.636686
vt 0.345114 0.791109
vt 0.341674 0.791108
vt 0.341674 0.714914
vt 0.345114 0.714915
vt 0.086081 0.786973
vt 0.086081 0.810287
vt 0.082641 0.810286
vt 0.209272 0.712880
vt 0.186258 0.712885
vt 0.186258 0.636691
vt 0.066119 0.810247
vt 0.062680 0.810248
vt 0.062680 0.786934
vt 0.066119 0.786933
vt 0.348554 0.791108
vt 0.348554 0.714914
vt 0.163243 0.712884
vt 0.163243 0.636686
vt 0.186258 0.636689
vt 0.274992 0.791114
vt 0.271552 0.791114
vt 0.271552 0.714914
vt 0.274992 0.714915
vt 0.089585 0.786913
vt 0.093025 0.786913
vt 0.093025 0.810228
vt 0.089585 0.810228
vt 0.140229 0.712887
vt 0.140229 0.636689
vt 0.086116 0.786932
vt 0.089556 0.786932
vt 0.089556 0.810247
vt 0.086116 0.810247
vt 0.321025 0.791112
vt 0.317585 0.791113
vt 0.317585 0.714913
vt 0.321025 0.714913
vt 0.359472 0.880562
vt 0.359476 0.961186
vt 0.358213 0.961186
vt 0.358209 0.880562
vt 0.357288 0.961186
vt 0.357283 0.880562
vt 0.929692 0.403105
vt 0.939231 0.483726
vt 0.937967 0.483726
vt 0.928429 0.403105
vt 0.936704 0.483726
vt 0.927166 0.403105
vt 0.935779 0.483725
vt 0.926241 0.403105
vt 0.777668 0.554615
vt 0.777673 0.473993
vt 0.778936 0.473993
vt 0.778931 0.554615
vt 0.780199 0.473993
vt 0.780194 0.554615
vt 0.781124 0.473993
vt 0.781119 0.554615
vt 0.399095 0.554614
vt 0.408634 0.473993
vt 0.409897 0.473993
vt 0.400359 0.554614
vt 0.411160 0.473993
vt 0.401622 0.554614
vt 0.412085 0.473993
vt 0.402547 0.554613
vt 0.360735 0.880562
vt 0.360740 0.961186
vt 0.360740 0.477461
vt 0.360735 0.558079
vt 0.359472 0.558079
vt 0.359477 0.477461
vt 0.360732 0.638698
vt 0.359469 0.638698
vt 0.360731 0.719318
vt 0.359468 0.719318
vt 0.360732 0.799940
vt 0.359469 0.799940
vt 0.411160 0.957718
vt 0.401622 0.877097
vt 0.402547 0.877097
vt 0.412085 0.957718
vt 0.396027 0.796476
vt 0.396952 0.796476
vt 0.394129 0.715856
vt 0.395054 0.715855
vt 0.396027 0.635235
vt 0.396952 0.635234
vt 0.409897 0.957718
vt 0.400359 0.877097
vt 0.394763 0.796477
vt 0.392866 0.715856
vt 0.394763 0.635235
vt 0.408634 0.957718
vt 0.399096 0.877097
vt 0.393500 0.796476
vt 0.391602 0.715856
vt 0.393500 0.635235
vt 0.780199 0.957718
vt 0.780194 0.877099
vt 0.781119 0.877099
vt 0.781124 0.957718
vt 0.780191 0.796479
vt 0.781116 0.796479
vt 0.780190 0.715858
vt 0.781115 0.715858
vt 0.780191 0.635237
vt 0.781116 0.635237
vt 0.778936 0.957718
vt 0.778931 0.877099
vt 0.778928 0.796479
vt 0.778927 0.715858
vt 0.778928 0.635237
vt 0.777673 0.957718
vt 0.777668 0.877099
vt 0.777665 0.796479
vt 0.777664 0.715858
vt 0.777665 0.635237
vt 0.936704 0.000000
vt 0.927166 0.080621
vt 0.926241 0.080621
vt 0.935779 0.000000
vt 0.921570 0.161242
vt 0.920645 0.161242
vt 0.919673 0.241863
vt 0.918748 0.241863
vt 0.921570 0.322484
vt 0.920645 0.322484
vt 0.937967 0.000000
vt 0.928429 0.080621
vt 0.922834 0.161242
vt 0.920936 0.241863
vt 0.922834 0.322484
vt 0.939231 0.000000
vt 0.929692 0.080621
vt 0.924097 0.161242
vt 0.922199 0.241863
vt 0.924097 0.322484
vt 0.358213 0.477461
vt 0.358208 0.558079
vt 0.357283 0.558078
vt 0.357288 0.477461
vt 0.358206 0.638698
vt 0.357281 0.638697
vt 0.358205 0.719318
vt 0.357280 0.719318
vt 0.358206 0.799940
vt 0.357281 0.799939
vt 0.362932 0.880562
vt 0.362936 0.961186
vt 0.361673 0.961186
vt 0.361668 0.880562
vt 0.360748 0.961186
vt 0.360743 0.880562
vt 0.866691 0.864364
vt 0.876230 0.944985
vt 0.874967 0.944985
vt 0.865428 0.864364
vt 0.873703 0.944985
vt 0.864165 0.864364
vt 0.872778 0.944985
vt 0.863240 0.864364
vt 0.781128 0.554615
vt 0.781134 0.473993
vt 0.782397 0.473993
vt 0.782391 0.554615
vt 0.783660 0.473993
vt 0.783655 0.554615
vt 0.784585 0.473993
vt 0.784580 0.554615
vt 0.440061 0.554614
vt 0.449600 0.473993
vt 0.450863 0.473993
vt 0.441325 0.554614
vt 0.452126 0.473993
vt 0.442588 0.554614
vt 0.453051 0.473993
vt 0.443513 0.554613
vt 0.364195 0.880562
vt 0.364200 0.961186
vt 0.364200 0.477461
vt 0.364195 0.558079
vt 0.362932 0.558079
vt 0.362936 0.477461
vt 0.364192 0.638698
vt 0.362929 0.638698
vt 0.364191 0.719318
vt 0.362928 0.719318
vt 0.364192 0.799939
vt 0.362929 0.799940
vt 0.452126 0.957718
vt 0.442588 0.877097
vt 0.443513 0.877097
vt 0.453051 0.957718
vt 0.436993 0.796476
vt 0.437918 0.796476
vt 0.435095 0.715856
vt 0.436020 0.715855
vt 0.436993 0.635235
vt 0.437918 0.635234
vt 0.450863 0.957718
vt 0.441325 0.877097
vt 0.435729 0.796477
vt 0.433832 0.715856
vt 0.435729 0.635235
vt 0.449600 0.957718
vt 0.440061 0.877097
vt 0.434466 0.796476
vt 0.432568 0.715856
vt 0.434466 0.635235
vt 0.783660 0.957718
vt 0.783655 0.877099
vt 0.784580 0.877099
vt 0.784585 0.957718
vt 0.783652 0.796479
vt 0.784577 0.796479
vt 0.783651 0.715858
vt 0.784576 0.715858
vt 0.783652 0.635237
vt 0.784577 0.635237
vt 0.782397 0.957718
vt 0.782391 0.877099
vt 0.782389 0.796479
vt 0.782387 0.715858
vt 0.782388 0.635237
vt 0.781134 0.957718
vt 0.781128 0.877099
vt 0.781125 0.796479
vt 0.781124 0.715858
vt 0.781125 0.635237
vt 0.873703 0.461260
vt 0.864165 0.541881
vt 0.863240 0.541880
vt 0.872778 0.461260
vt 0.858570 0.622502
vt 0.857645 0.622501
vt 0.856672 0.703123
vt 0.855747 0.703122
vt 0.858570 0.783743
vt 0.857645 0.783743
vt 0.874967 0.461260
vt 0.865428 0.541881
vt 0.859833 0.622502
vt 0.857935 0.703123
vt 0.859833 0.783744
vt 0.876230 0.461260
vt 0.866691 0.541881
vt 0.861096 0.622502
vt 0.859198 0.703123
vt 0.861096 0.783744
vt 0.361673 0.477461
vt 0.361668 0.558079
vt 0.360743 0.558078
vt 0.360748 0.477461
vt 0.361666 0.638698
vt 0.360741 0.638697
vt 0.361665 0.719318
vt 0.360740 0.719318
vt 0.361666 0.799939
vt 0.360740 0.799939
vt 0.366392 0.880562
vt 0.366396 0.961186
vt 0.365133 0.961186
vt 0.365128 0.880562
vt 0.364208 0.961186
vt 0.364203 0.880562
vt 0.887174 0.865435
vt 0.896713 0.946056
vt 0.895450 0.946056
vt 0.885911 0.865435
vt 0.894186 0.946056
vt 0.884648 0.865435
vt 0.893261 0.946056
vt 0.883723 0.865435
vt 0.824240 0.554614
vt 0.824245 0.473992
vt 0.825508 0.473992
vt 0.825503 0.554615
vt 0.826772 0.473992
vt 0.826767 0.554614
vt 0.827697 0.473992
vt 0.827692 0.554614
vt 0.905758 0.080621
vt 0.915296 0.000000
vt 0.916559 0.000000
vt 0.907021 0.080621
vt 0.917822 0.000000
vt 0.908284 0.080621
vt 0.918748 0.000000
vt 0.909209 0.080621
vt 0.367655 0.880562
vt 0.367659 0.961186
vt 0.367660 0.477461
vt 0.367655 0.558079
vt 0.366392 0.558079
vt 0.366396 0.477461
vt 0.367652 0.638698
vt 0.366389 0.638698
vt 0.367651 0.719318
vt 0.366388 0.719318
vt 0.367652 0.799939
vt 0.366389 0.799940
vt 0.917823 0.483726
vt 0.908284 0.403105
vt 0.909209 0.403104
vt 0.918748 0.483725
vt 0.902689 0.322484
vt 0.903614 0.322484
vt 0.900791 0.241863
vt 0.901716 0.241863
vt 0.902689 0.161242
vt 0.903614 0.161242
vt 0.916559 0.483726
vt 0.907021 0.403105
vt 0.901425 0.322484
vt 0.899528 0.241863
vt 0.901425 0.161242
vt 0.915296 0.483726
vt 0.905758 0.403105
vt 0.900162 0.322484
vt 0.898265 0.241863
vt 0.900162 0.161242
vt 0.826772 0.957717
vt 0.826767 0.877098
vt 0.827692 0.877098
vt 0.827697 0.957717
vt 0.826764 0.796478
vt 0.827689 0.796478
vt 0.826763 0.715857
vt 0.827688 0.715857
vt 0.826764 0.635236
vt 0.827689 0.635236
vt 0.825509 0.957717
vt 0.825503 0.877098
vt 0.825500 0.796478
vt 0.825499 0.715858
vt 0.825500 0.635236
vt 0.824245 0.957717
vt 0.824240 0.877098
vt 0.824237 0.796478
vt 0.824236 0.715857
vt 0.824237 0.635236
vt 0.894186 0.462331
vt 0.884648 0.542952
vt 0.883723 0.542951
vt 0.893261 0.462330
vt 0.879053 0.623572
vt 0.878128 0.623572
vt 0.877155 0.704193
vt 0.876230 0.704193
vt 0.879053 0.784814
vt 0.878128 0.784814
vt 0.895450 0.462331
vt 0.885911 0.542952
vt 0.880316 0.623573
vt 0.878418 0.704194
vt 0.880316 0.784814
vt 0.896713 0.462331
vt 0.887174 0.542952
vt 0.881579 0.623572
vt 0.879681 0.704193
vt 0.881579 0.784814
vt 0.365133 0.477461
vt 0.365128 0.558079
vt 0.364203 0.558078
vt 0.364208 0.477461
vt 0.365126 0.638698
vt 0.364200 0.638697
vt 0.365125 0.719318
vt 0.364200 0.719318
vt 0.365126 0.799939
vt 0.364200 0.799939
vt 0.369852 0.880562
vt 0.369856 0.961186
vt 0.368593 0.961186
vt 0.368588 0.880562
vt 0.367668 0.961186
vt 0.367663 0.880562
vt 0.382064 0.877097
vt 0.391602 0.957718
vt 0.390339 0.957718
vt 0.380801 0.877097
vt 0.389076 0.957718
vt 0.379538 0.877097
vt 0.388151 0.957718
vt 0.378613 0.877097
vt 0.827701 0.554614
vt 0.827706 0.473992
vt 0.828969 0.473992
vt 0.828964 0.554615
vt 0.830233 0.473992
vt 0.830228 0.554614
vt 0.831158 0.473992
vt 0.831153 0.554614
vt 0.419578 0.554614
vt 0.429117 0.473993
vt 0.430380 0.473993
vt 0.420842 0.554614
vt 0.431643 0.473993
vt 0.422105 0.554614
vt 0.432568 0.473993
vt 0.423030 0.554613
vt 0.371115 0.880562
vt 0.371119 0.961186
vt 0.371119 0.477461
vt 0.371115 0.558079
vt 0.369852 0.558079
vt 0.369856 0.477461
vt 0.371112 0.638698
vt 0.369849 0.638698
vt 0.371111 0.719318
vt 0.369848 0.719318
vt 0.371112 0.799940
vt 0.369849 0.799940
vt 0.431643 0.957718
vt 0.422105 0.877097
vt 0.423030 0.877097
vt 0.432568 0.957718
vt 0.416510 0.796476
vt 0.417435 0.796476
vt 0.414612 0.715856
vt 0.415537 0.715855
vt 0.416510 0.635235
vt 0.417435 0.635234
vt 0.430380 0.957718
vt 0.420842 0.877097
vt 0.415246 0.796477
vt 0.413349 0.715856
vt 0.415246 0.635235
vt 0.429117 0.957718
vt 0.419578 0.877097
vt 0.413983 0.796476
vt 0.412085 0.715856
vt 0.413983 0.635235
vt 0.830233 0.957717
vt 0.830228 0.877098
vt 0.831153 0.877098
vt 0.831158 0.957717
vt 0.830225 0.796478
vt 0.831150 0.796478
vt 0.830224 0.715857
vt 0.831149 0.715857
vt 0.830225 0.635236
vt 0.831150 0.635236
vt 0.828969 0.957717
vt 0.828964 0.877098
vt 0.828961 0.796478
vt 0.828960 0.715858
vt 0.828961 0.635236
vt 0.827706 0.957717
vt 0.827701 0.877098
vt 0.827698 0.796478
vt 0.827697 0.715857
vt 0.827698 0.635236
vt 0.389076 0.473993
vt 0.379538 0.554614
vt 0.378613 0.554613
vt 0.388151 0.473993
vt 0.373942 0.635235
vt 0.373017 0.635234
vt 0.372045 0.715856
vt 0.371119 0.715855
vt 0.373942 0.796476
vt 0.373017 0.796476
vt 0.390339 0.473993
vt 0.380801 0.554614
vt 0.375206 0.635235
vt 0.373308 0.715856
vt 0.375206 0.796477
vt 0.391602 0.473993
vt 0.382064 0.554614
vt 0.376469 0.635235
vt 0.374571 0.715856
vt 0.376469 0.796476
vt 0.368593 0.477461
vt 0.368588 0.558079
vt 0.367663 0.558078
vt 0.367668 0.477461
vt 0.368586 0.638698
vt 0.367660 0.638697
vt 0.368585 0.719318
vt 0.367660 0.719318
vt 0.368586 0.799940
vt 0.367660 0.799939
vt 0.991623 0.546589
vt 0.991626 0.473993
vt 0.992889 0.473993
vt 0.992886 0.546589
vt 0.525445 0.836952
vt 0.534983 0.909544
vt 0.534058 0.909544
vt 0.524520 0.836953
vt 0.532795 0.909544
vt 0.523256 0.836953
vt 0.531532 0.909544
vt 0.521993 0.836953
vt 0.999796 0.836948
vt 0.999798 0.909545
vt 0.998873 0.909544
vt 0.998872 0.836947
vt 0.997610 0.909544
vt 0.997608 0.836947
vt 0.996347 0.909544
vt 0.996345 0.836947
vt 0.542476 0.546584
vt 0.552014 0.473993
vt 0.552939 0.473993
vt 0.543401 0.546585
vt 0.554203 0.473993
vt 0.544664 0.546585
vt 0.555466 0.473993
vt 0.545928 0.546585
vt 0.989435 0.546590
vt 0.989438 0.473993
vt 0.990363 0.473993
vt 0.990360 0.546589
vt 0.990363 0.909544
vt 0.990360 0.836957
vt 0.991623 0.836957
vt 0.991626 0.909544
vt 0.990358 0.764368
vt 0.991621 0.764368
vt 0.990357 0.691777
vt 0.991621 0.691777
vt 0.990358 0.619184
vt 0.991621 0.619184
vt 0.989438 0.909545
vt 0.989435 0.836957
vt 0.989433 0.764368
vt 0.989432 0.691777
vt 0.989433 0.619184
vt 0.554203 0.909545
vt 0.544664 0.836953
vt 0.545928 0.836953
vt 0.555466 0.909544
vt 0.539069 0.764361
vt 0.540332 0.764361
vt 0.537171 0.691769
vt 0.538434 0.691769
vt 0.539069 0.619177
vt 0.540332 0.619177
vt 0.552939 0.909544
vt 0.543401 0.836953
vt 0.537806 0.764361
vt 0.535908 0.691769
vt 0.537806 0.619177
vt 0.552014 0.909544
vt 0.542476 0.836952
vt 0.536881 0.764360
vt 0.534983 0.691768
vt 0.536881 0.619176
vt 0.997610 0.473993
vt 0.997608 0.546579
vt 0.996345 0.546580
vt 0.996347 0.473993
vt 0.997607 0.619168
vt 0.996344 0.619168
vt 0.997607 0.691759
vt 0.996344 0.691759
vt 0.997607 0.764352
vt 0.996344 0.764352
vt 0.998873 0.473993
vt 0.998871 0.546580
vt 0.998871 0.619168
vt 0.998870 0.691759
vt 0.998871 0.764352
vt 0.999798 0.473993
vt 0.999796 0.546580
vt 0.999795 0.619169
vt 0.999795 0.691760
vt 0.999795 0.764353
vt 0.532795 0.473993
vt 0.523256 0.546585
vt 0.521993 0.546585
vt 0.531532 0.473993
vt 0.517661 0.619177
vt 0.516398 0.619177
vt 0.515763 0.691769
vt 0.514500 0.691769
vt 0.517661 0.764361
vt 0.516398 0.764361
vt 0.534058 0.473993
vt 0.524520 0.546585
vt 0.518924 0.619177
vt 0.517027 0.691769
vt 0.518924 0.764361
vt 0.534983 0.473993
vt 0.525445 0.546585
vt 0.519849 0.619176
vt 0.517952 0.691768
vt 0.519849 0.764360
vt 0.992886 0.836957
vt 0.992890 0.909544
vt 0.992885 0.764368
vt 0.992884 0.691777
vt 0.992884 0.619184
vt 0.988368 0.072597
vt 0.988371 0.000000
vt 0.989634 0.000000
vt 0.989631 0.072597
vt 0.586893 0.836952
vt 0.596432 0.909544
vt 0.595507 0.909544
vt 0.585968 0.836953
vt 0.594243 0.909545
vt 0.584705 0.836953
vt 0.592980 0.909544
vt 0.583442 0.836952
vt 0.999998 0.362955
vt 1.000000 0.435552
vt 0.999075 0.435552
vt 0.999074 0.362954
vt 0.997812 0.435551
vt 0.997810 0.362954
vt 0.996549 0.435552
vt 0.996547 0.362954
vt 0.603925 0.546585
vt 0.613463 0.473993
vt 0.614388 0.473993
vt 0.604850 0.546585
vt 0.615651 0.473993
vt 0.606113 0.546585
vt 0.616915 0.473993
vt 0.607376 0.546585
vt 0.986180 0.072597
vt 0.986183 0.000001
vt 0.987108 0.000000
vt 0.987105 0.072597
vt 0.987108 0.435552
vt 0.987105 0.362964
vt 0.988368 0.362964
vt 0.988371 0.435551
vt 0.987103 0.290375
vt 0.988366 0.290375
vt 0.987102 0.217784
vt 0.988366 0.217784
vt 0.987103 0.145191
vt 0.988366 0.145191
vt 0.986183 0.435552
vt 0.986180 0.362965
vt 0.986178 0.290376
vt 0.986177 0.217785
vt 0.986178 0.145192
vt 0.615651 0.909545
vt 0.606113 0.836953
vt 0.607376 0.836953
vt 0.616915 0.909544
vt 0.600518 0.764361
vt 0.601781 0.764361
vt 0.598620 0.691769
vt 0.599883 0.691769
vt 0.600518 0.619177
vt 0.601781 0.619177
vt 0.614388 0.909544
vt 0.604850 0.836953
vt 0.599254 0.764361
vt 0.597357 0.691769
vt 0.599254 0.619177
vt 0.613463 0.909544
vt 0.603925 0.836952
vt 0.598329 0.764360
vt 0.596432 0.691768
vt 0.598329 0.619176
vt 0.997812 0.000000
vt 0.997810 0.072587
vt 0.996547 0.072587
vt 0.996549 0.000000
vt 0.997809 0.145176
vt 0.996546 0.145176
vt 0.997809 0.217766
vt 0.996546 0.217767
vt 0.997809 0.290359
vt 0.996546 0.290360
vt 0.999075 0.000000
vt 0.999074 0.072587
vt 0.999073 0.145176
vt 0.999072 0.217767
vt 0.999073 0.290360
vt 1.000000 0.000001
vt 0.999998 0.072587
vt 0.999997 0.145176
vt 0.999997 0.217767
vt 0.999998 0.290360
vt 0.594243 0.473993
vt 0.584705 0.546585
vt 0.583442 0.546585
vt 0.592980 0.473993
vt 0.579110 0.619177
vt 0.577847 0.619177
vt 0.577212 0.691769
vt 0.575949 0.691769
vt 0.579110 0.764361
vt 0.577847 0.764361
vt 0.595507 0.473993
vt 0.585968 0.546585
vt 0.580373 0.619177
vt 0.578475 0.691769
vt 0.580373 0.764361
vt 0.596432 0.473993
vt 0.586893 0.546585
vt 0.581298 0.619176
vt 0.579400 0.691768
vt 0.581298 0.764360
vt 0.989631 0.362964
vt 0.989634 0.435552
vt 0.989629 0.290375
vt 0.989629 0.217784
vt 0.989629 0.145191
vt 0.317585 0.714913
vt 0.317585 0.797794
vt 0.304896 0.797798
vt 0.304896 0.714917
vt 0.325545 0.714920
vt 0.338234 0.714914
vt 0.338234 0.797787
vt 0.258863 0.714918
vt 0.258863 0.797800
vt 0.246173 0.797795
vt 0.246173 0.714914
vt 0.271552 0.714920
vt 0.271552 0.797793
vt 0.258863 0.797788
vt 0.258863 0.714914
vt 0.292207 0.810656
vt 0.292207 0.797800
vt 0.304896 0.797804
vt 0.304896 0.810661
vt 0.211641 0.821495
vt 0.198951 0.821491
vt 0.198951 0.808636
vt 0.211641 0.808640
vt 0.198950 0.795777
vt 0.186258 0.795777
vt 0.014053 0.643950
vt 0.014053 0.726842
vt 0.233025 0.477565
vt 0.233025 0.560457
vt 0.220333 0.560457
vt 0.220333 0.477565
vt 0.069949 0.725418
vt 0.069949 0.642526
vt 0.082641 0.725418
vt 0.198950 0.842924
vt 0.198950 0.855782
vt 0.131806 0.849922
vt 0.119114 0.849922
vt 0.131806 0.837064
vt 0.351093 0.637045
vt 0.351096 0.564448
vt 0.352359 0.564448
vt 0.352356 0.637045
vt 0.566410 0.836952
vt 0.575949 0.909544
vt 0.575024 0.909544
vt 0.565485 0.836952
vt 0.573760 0.909544
vt 0.564222 0.836953
vt 0.572497 0.909544
vt 0.562959 0.836952
vt 0.996342 0.836948
vt 0.996344 0.909545
vt 0.995419 0.909544
vt 0.995417 0.836947
vt 0.994156 0.909544
vt 0.994154 0.836947
vt 0.992892 0.909544
vt 0.992891 0.836947
vt 0.481027 0.546584
vt 0.490566 0.473993
vt 0.491491 0.473993
vt 0.481952 0.546585
vt 0.492754 0.473993
vt 0.483216 0.546585
vt 0.494017 0.473993
vt 0.484479 0.546585
vt 0.348904 0.637045
vt 0.348907 0.564449
vt 0.349832 0.564448
vt 0.349829 0.637045
vt 0.349832 1.000000
vt 0.349829 0.927412
vt 0.351093 0.927412
vt 0.351096 0.999999
vt 0.349827 0.854823
vt 0.351091 0.854823
vt 0.349827 0.782232
vt 0.351090 0.782232
vt 0.349827 0.709639
vt 0.351091 0.709639
vt 0.348907 1.000000
vt 0.348904 0.927413
vt 0.348902 0.854824
vt 0.348902 0.782233
vt 0.348902 0.709640
vt 0.492754 0.909545
vt 0.483216 0.836953
vt 0.484479 0.836953
vt 0.494017 0.909544
vt 0.477620 0.764361
vt 0.478884 0.764361
vt 0.475723 0.691769
vt 0.476986 0.691769
vt 0.477620 0.619177
vt 0.478884 0.619177
vt 0.491491 0.909544
vt 0.481952 0.836953
vt 0.476357 0.764361
vt 0.474459 0.691769
vt 0.476357 0.619177
vt 0.490566 0.909544
vt 0.481027 0.836952
vt 0.475432 0.764360
vt 0.473534 0.691768
vt 0.475432 0.619176
vt 0.994156 0.473993
vt 0.994154 0.546579
vt 0.992891 0.546580
vt 0.992892 0.473993
vt 0.994153 0.619168
vt 0.992890 0.619168
vt 0.994153 0.691759
vt 0.992890 0.691759
vt 0.994153 0.764352
vt 0.992890 0.764352
vt 0.995419 0.473993
vt 0.995417 0.546580
vt 0.995416 0.619168
vt 0.995416 0.691759
vt 0.995416 0.764352
vt 0.996344 0.473993
vt 0.996342 0.546580
vt 0.996341 0.619169
vt 0.996341 0.691760
vt 0.996341 0.764353
vt 0.573761 0.473993
vt 0.564222 0.546585
vt 0.562959 0.546585
vt 0.572497 0.473993
vt 0.558627 0.619177
vt 0.557364 0.619177
vt 0.556729 0.691769
vt 0.555466 0.691769
vt 0.558627 0.764361
vt 0.557364 0.764360
vt 0.575024 0.473993
vt 0.565485 0.546585
vt 0.559890 0.619177
vt 0.557992 0.691769
vt 0.559890 0.764361
vt 0.575949 0.473993
vt 0.566410 0.546584
vt 0.560815 0.619176
vt 0.558917 0.691768
vt 0.560815 0.764360
vt 0.352356 0.927412
vt 0.352359 1.000000
vt 0.352354 0.854823
vt 0.352353 0.782232
vt 0.352354 0.709639
vt 0.991825 0.072597
vt 0.991828 0.000000
vt 0.993092 0.000000
vt 0.993088 0.072597
vt 0.504962 0.836952
vt 0.514500 0.909544
vt 0.513575 0.909544
vt 0.504037 0.836952
vt 0.512312 0.909544
vt 0.502773 0.836953
vt 0.511049 0.909544
vt 0.501510 0.836952
vt 0.996544 0.362955
vt 0.996546 0.435552
vt 0.995621 0.435552
vt 0.995619 0.362954
vt 0.994358 0.435551
vt 0.994356 0.362954
vt 0.993094 0.435552
vt 0.993093 0.362954
vt 0.460544 0.546584
vt 0.470083 0.473993
vt 0.471008 0.473993
vt 0.461469 0.546585
vt 0.472271 0.473993
vt 0.462733 0.546585
vt 0.473534 0.473993
vt 0.463996 0.546585
vt 0.989637 0.072597
vt 0.989640 0.000001
vt 0.990565 0.000000
vt 0.990562 0.072597
vt 0.990565 0.435552
vt 0.990562 0.362964
vt 0.991825 0.362964
vt 0.991828 0.435551
vt 0.990560 0.290375
vt 0.991824 0.290375
vt 0.990560 0.217784
vt 0.991823 0.217784
vt 0.990560 0.145191
vt 0.991823 0.145191
vt 0.989640 0.435552
vt 0.989637 0.362965
vt 0.989635 0.290376
vt 0.989634 0.217785
vt 0.989635 0.145192
vt 0.472271 0.909544
vt 0.462733 0.836953
vt 0.463996 0.836952
vt 0.473534 0.909544
vt 0.457137 0.764361
vt 0.458401 0.764361
vt 0.455240 0.691769
vt 0.456503 0.691769
vt 0.457137 0.619177
vt 0.458401 0.619177
vt 0.471008 0.909544
vt 0.461469 0.836953
vt 0.455874 0.764361
vt 0.453976 0.691769
vt 0.455874 0.619177
vt 0.470083 0.909544
vt 0.460544 0.836952
vt 0.454949 0.764360
vt 0.453051 0.691768
vt 0.454949 0.619176
vt 0.994358 0.000000
vt 0.994356 0.072587
vt 0.993093 0.072587
vt 0.993094 0.000000
vt 0.994355 0.145176
vt 0.993092 0.145176
vt 0.994355 0.217766
vt 0.993092 0.217767
vt 0.994355 0.290359
vt 0.993092 0.290360
vt 0.995621 0.000000
vt 0.995619 0.072587
vt 0.995618 0.145176
vt 0.995618 0.217767
vt 0.995618 0.290360
vt 0.996546 0.000001
vt 0.996544 0.072587
vt 0.996543 0.145176
vt 0.996543 0.217767
vt 0.996543 0.290360
vt 0.512312 0.473993
vt 0.502773 0.546585
vt 0.501510 0.546585
vt 0.511049 0.473993
vt 0.497178 0.619177
vt 0.495915 0.619177
vt 0.495280 0.691769
vt 0.494017 0.691769
vt 0.497178 0.764361
vt 0.495915 0.764360
vt 0.513575 0.473993
vt 0.504037 0.546585
vt 0.498441 0.619177
vt 0.496544 0.691769
vt 0.498441 0.764360
vt 0.514500 0.473993
vt 0.504962 0.546584
vt 0.499366 0.619176
vt 0.497469 0.691768
vt 0.499366 0.764360
vt 0.993088 0.362964
vt 0.993092 0.435552
vt 0.993087 0.290375
vt 0.993086 0.217784
vt 0.993087 0.145191
vt 0.106422 0.789917
vt 0.106422 0.837064
vt 0.093731 0.789917
vt 0.140229 0.795779
vt 0.152920 0.795779
vt 0.152920 0.842925
vt 0.059626 0.791049
vt 0.059626 0.838196
vt 0.046934 0.838196
vt 0.046934 0.791049
vt 0.233483 0.844948
vt 0.233483 0.797801
vt 0.246175 0.797801
vt 0.246175 0.844948
vt 0.037067 0.837676
vt 0.037067 0.850534
vt 0.024375 0.850534
vt 0.119114 0.837064
vt 0.119114 0.849922
vt 0.106422 0.849922
s 0
usemtl Material.001
f 1/1/1 2/2/1 4/3/1 3/4/1
f 3/5/2 4/6/2 8/7/2 7/8/2
f 7/9/3 8/10/3 6/11/3 5/12/3
f 5/13/4 6/14/4 2/15/4 1/16/4
f 3/17/5 7/18/5 5/19/5 1/20/5
f 8/21/6 4/22/6 2/23/6 6/24/6
f 9/25/7 13/26/7 15/27/7 11/28/7
f 12/29/8 11/30/8 15/31/8 16/32/8
f 16/33/9 15/34/9 13/35/9 14/36/9
f 14/37/10 10/38/10 12/39/10 16/40/10
f 10/41/11 9/42/11 11/43/11 12/44/11
f 14/45/12 13/46/12 9/30/12 10/47/12
f 26/48/13 27/49/13 32/50/13 31/51/13
f 20/52/14 19/53/14 23/54/14 24/55/14
f 25/56/15 27/57/15 21/58/15 22/59/15
f 43/60/10 47/61/10 20/62/10 24/63/10
f 47/64/16 44/65/16 19/66/16 20/67/16
f 22/68/13 21/69/13 17/70/13 18/71/13
f 18/72/16 17/73/16 26/74/16 28/75/16
f 22/76/10 18/77/10 28/78/10 25/79/10
f 33/80/15 35/81/15 27/57/15 25/56/15
f 17/82/7 21/83/7 27/84/7 26/85/7
f 48/86/15 30/87/15 40/88/15 50/89/15
f 23/54/14 19/53/14 29/90/14 30/91/14
f 34/92/16 26/74/16 31/93/16 37/94/16
f 46/95/15 23/96/15 30/87/15 48/86/15
f 27/57/15 35/81/15 38/97/15 32/98/15
f 44/65/16 34/92/16 37/94/16 45/99/16
f 31/100/7 32/101/7 38/102/7 37/103/7
f 43/104/15 46/95/15 35/81/15 33/80/15
f 28/75/16 26/74/16 34/92/16 36/105/16
f 25/79/10 28/78/10 36/106/10 33/107/10
f 39/108/16 49/109/16 53/110/16 51/111/16
f 30/91/14 29/90/14 39/112/14 40/113/14
f 37/114/13 38/115/13 42/116/13 41/117/13
f 45/99/16 37/94/16 41/118/16 49/109/16
f 29/119/16 45/99/16 49/109/16 39/108/16
f 41/120/7 42/121/7 50/122/7 49/123/7
f 24/124/15 23/96/15 46/95/15 43/104/15
f 19/66/16 44/65/16 45/99/16 29/119/16
f 35/81/15 46/95/15 48/86/15 38/97/15
f 38/97/15 48/86/15 50/89/15 42/125/15
f 36/105/16 34/92/16 44/65/16 47/64/16
f 33/107/10 36/106/10 47/61/10 43/60/10
f 53/126/7 54/127/7 52/128/7 51/129/7
f 49/130/13 50/131/13 54/132/13 53/133/13
f 50/89/15 40/88/15 52/134/15 54/135/15
f 40/113/14 39/112/14 51/136/14 52/137/14
f 55/138/17 59/139/17 61/140/17 57/141/17
f 58/142/18 57/143/18 61/144/18 62/145/18
f 62/146/19 61/147/19 59/148/19 60/149/19
f 60/150/20 56/151/20 58/152/20 62/153/20
f 56/154/21 55/155/21 57/156/21 58/157/21
f 60/158/22 59/159/22 55/160/22 56/161/22
f 63/162/23 67/163/23 69/164/23 65/165/23
f 66/166/24 65/167/24 69/168/24 70/169/24
f 70/170/25 69/171/25 67/172/25 68/173/25
f 68/174/26 64/175/26 66/176/26 70/28/26
f 64/177/27 63/178/27 65/179/27 66/180/27
f 68/181/28 67/182/28 63/167/28 64/183/28
f 71/184/29 75/185/29 77/129/29 73/186/29
f 74/187/30 73/188/30 77/189/30 78/190/30
f 78/191/31 77/192/31 75/193/31 76/194/31
f 76/195/32 72/196/32 74/197/32 78/198/32
f 72/199/33 71/200/33 73/201/33 74/202/33
f 76/203/34 75/189/34 71/204/34 72/205/34
f 79/206/7 83/207/7 85/208/7 81/209/7
f 82/210/35 81/211/35 85/212/35 86/213/35
f 86/214/36 85/215/36 83/216/36 84/217/36
f 84/218/10 80/219/10 82/220/10 86/221/10
f 80/222/37 79/223/37 81/224/37 82/225/37
f 84/226/38 83/227/38 79/228/38 80/229/38
f 87/230/7 91/231/7 93/232/7 89/233/7
f 90/234/16 89/235/16 93/236/16 94/237/16
f 94/238/14 93/239/14 91/240/14 92/241/14
f 92/242/10 88/232/10 90/243/10 94/244/10
f 88/245/13 87/246/13 89/247/13 90/248/13
f 92/249/15 91/250/15 87/251/15 88/252/15
f 95/253/7 99/230/7 101/254/7 97/255/7
f 98/256/16 97/257/16 101/258/16 102/259/16
f 102/260/14 101/261/14 99/262/14 100/263/14
f 100/264/10 96/265/10 98/266/10 102/267/10
f 96/268/13 95/269/13 97/246/13 98/270/13
f 100/271/15 99/272/15 95/273/15 96/274/15
f 103/275/7 107/276/7 109/277/7 105/278/7
f 106/279/39 105/280/39 109/281/39 110/282/39
f 110/283/40 109/284/40 107/285/40 108/286/40
f 108/287/10 104/288/10 106/289/10 110/290/10
f 104/291/41 103/292/41 105/293/41 106/294/41
f 108/295/42 107/296/42 103/297/42 104/298/42
f 111/244/7 115/299/7 117/300/7 113/301/7
f 114/302/16 113/303/16 117/304/16 118/305/16
f 118/306/14 117/307/14 115/308/14 116/309/14
f 116/310/10 112/311/10 114/312/10 118/313/10
f 112/314/13 111/315/13 113/316/13 114/317/13
f 116/318/15 115/319/15 111/320/15 112/321/15
f 119/322/7 123/323/7 125/324/7 121/325/7
f 122/326/16 121/327/16 125/328/16 126/329/16
f 126/330/14 125/331/14 123/332/14 124/333/14
f 124/334/10 120/335/10 122/336/10 126/337/10
f 120/317/13 119/338/13 121/339/13 122/340/13
f 124/341/15 123/342/15 119/343/15 120/344/15
f 127/345/7 131/346/7 133/347/7 129/348/7
f 130/349/16 129/350/16 133/351/16 134/352/16
f 134/353/14 133/354/14 131/355/14 132/356/14
f 132/357/10 128/358/10 130/359/10 134/360/10
f 128/361/13 127/362/13 129/363/13 130/364/13
f 132/365/15 131/366/15 127/367/15 128/368/15
f 135/369/7 139/370/7 141/371/7 137/372/7
f 138/373/43 137/374/43 141/375/43 142/376/43
f 142/377/44 141/378/44 139/379/44 140/380/44
f 140/381/10 136/382/10 138/383/10 142/384/10
f 136/385/45 135/386/45 137/387/45 138/388/45
f 140/389/46 139/295/46 135/390/46 136/391/46
f 143/392/7 147/393/7 149/394/7 145/395/7
f 146/396/47 145/397/47 149/398/47 150/399/47
f 150/400/48 149/401/48 147/402/48 148/403/48
f 148/404/10 144/277/10 146/405/10 150/406/10
f 144/407/49 143/408/49 145/409/49 146/410/49
f 148/411/50 147/412/50 143/413/50 144/414/50
f 151/415/7 155/416/7 157/417/7 153/418/7
f 154/419/16 153/420/16 157/421/16 158/422/16
f 158/423/14 157/424/14 155/425/14 156/426/14
f 156/427/10 152/428/10 154/429/10 158/430/10
f 152/431/13 151/432/13 153/433/13 154/434/13
f 156/435/15 155/436/15 151/437/15 152/438/15
f 159/313/7 163/439/7 165/440/7 161/441/7
f 162/442/16 161/443/16 165/444/16 166/445/16
f 166/446/14 165/447/14 163/448/14 164/449/14
f 164/450/10 160/451/10 162/452/10 166/453/10
f 160/454/13 159/448/13 161/455/13 162/456/13
f 164/457/15 163/458/15 159/459/15 160/460/15
f 167/461/7 171/462/7 173/463/7 169/464/7
f 170/465/16 169/466/16 173/467/16 174/468/16
f 174/469/14 173/470/14 171/471/14 172/472/14
f 172/473/10 168/474/10 170/475/10 174/476/10
f 168/477/13 167/478/13 169/479/13 170/480/13
f 172/481/15 171/482/15 167/483/15 168/484/15
f 175/485/7 179/486/7 181/487/7 177/488/7
f 178/489/51 177/490/51 181/491/51 182/492/51
f 182/493/52 181/494/52 179/495/52 180/496/52
f 180/497/10 176/498/10 178/209/10 182/499/10
f 176/500/53 175/501/53 177/502/53 178/495/53
f 180/503/54 179/398/54 175/504/54 176/505/54
f 183/506/7 187/507/7 189/508/7 185/509/7
f 186/510/55 185/511/55 189/512/55 190/513/55
f 190/514/56 189/423/56 187/515/56 188/516/56
f 188/517/10 184/518/10 186/507/10 190/519/10
f 184/520/57 183/515/57 185/521/57 186/522/57
f 188/523/58 187/524/58 183/525/58 184/526/58
f 191/406/7 195/527/7 197/360/7 193/528/7
f 194/529/59 193/530/59 197/531/59 198/532/59
f 198/533/60 197/534/60 195/535/60 196/536/60
f 196/537/10 192/538/10 194/539/10 198/540/10
f 192/541/61 191/542/61 193/340/61 194/543/61
f 196/296/62 195/411/62 191/544/62 192/545/62
f 199/546/7 203/547/7 205/548/7 201/549/7
f 202/550/63 201/551/63 205/211/63 206/437/63
f 206/552/64 205/553/64 203/292/64 204/554/64
f 204/555/10 200/556/10 202/557/10 206/558/10
f 200/559/65 199/560/65 201/561/65 202/562/65
f 204/563/66 203/564/66 199/565/66 200/566/66
f 207/567/67 211/568/67 213/569/67 209/570/67
f 210/571/68 209/572/68 213/573/68 214/574/68
f 214/575/69 213/576/69 211/577/69 212/578/69
f 212/579/70 208/580/70 210/581/70 214/582/70
f 208/495/71 207/583/71 209/456/71 210/377/71
f 212/584/72 211/573/72 207/585/72 208/586/72
f 215/587/73 219/588/73 221/589/73 217/590/73
f 218/591/74 217/592/74 221/593/74 222/594/74
f 222/595/75 221/596/75 219/146/75 220/597/75
f 220/598/76 216/599/76 218/600/76 222/601/76
f 216/602/77 215/603/77 217/596/77 218/604/77
f 220/605/78 219/606/78 215/607/78 216/608/78
f 223/609/79 227/610/79 229/611/79 225/612/79
f 226/492/80 225/613/80 229/614/80 230/615/80
f 230/616/81 229/617/81 227/618/81 228/619/81
f 228/612/82 224/620/82 226/621/82 230/622/82
f 224/623/83 223/624/83 225/625/83 226/626/83
f 228/350/84 227/503/84 223/627/84 224/628/84
f 231/629/7 235/630/7 237/631/7 233/632/7
f 234/633/16 233/634/16 237/635/16 238/636/16
f 238/637/14 237/638/14 235/639/14 236/640/14
f 236/641/10 232/642/10 234/643/10 238/644/10
f 232/645/13 231/646/13 233/261/13 234/647/13
f 236/648/15 235/649/15 231/574/15 232/650/15
f 239/651/15 240/652/15 242/653/15 241/654/15
f 241/621/13 242/655/13 246/656/13 245/657/13
f 245/658/16 246/659/16 244/660/16 243/661/16
f 243/662/14 244/663/14 240/664/14 239/665/14
f 241/666/10 245/667/10 243/668/10 239/669/10
f 246/670/7 242/671/7 240/672/7 244/673/7
f 247/674/15 248/675/15 250/676/15 249/677/15
f 249/678/13 250/679/13 254/680/13 253/681/13
f 253/682/16 254/683/16 252/684/16 251/685/16
f 251/686/14 252/687/14 248/688/14 247/689/14
f 249/690/10 253/691/10 251/692/10 247/693/10
f 254/694/7 250/695/7 248/696/7 252/697/7
f 255/698/15 256/699/15 258/700/15 257/701/15
f 257/702/13 258/703/13 262/704/13 261/705/13
f 261/706/16 262/707/16 260/708/16 259/709/16
f 259/710/14 260/711/14 256/712/14 255/713/14
f 257/714/10 261/715/10 259/716/10 255/717/10
f 262/718/7 258/719/7 256/720/7 260/721/7
f 263/722/15 264/723/15 266/724/15 265/50/15
f 265/725/13 266/726/13 270/727/13 269/678/13
f 269/728/16 270/729/16 268/730/16 267/731/16
f 267/732/14 268/733/14 264/734/14 263/21/14
f 265/735/10 269/736/10 267/737/10 263/738/10
f 270/689/7 266/739/7 264/740/7 268/741/7
f 271/742/85 272/743/85 274/18/85 273/744/85
f 273/203/86 274/745/86 278/746/86 277/747/86
f 277/748/87 278/21/87 276/749/87 275/750/87
f 275/751/88 276/752/88 272/753/88 271/754/88
f 273/755/89 277/756/89 275/757/89 271/758/89
f 278/759/90 274/760/90 272/708/90 276/761/90
f 279/762/15 280/763/15 282/764/15 281/765/15
f 281/766/13 282/656/13 286/767/13 285/768/13
f 285/769/16 286/770/16 284/659/16 283/658/16
f 283/771/14 284/772/14 280/773/14 279/774/14
f 281/775/10 285/776/10 283/777/10 279/666/10
f 286/778/7 282/779/7 280/780/7 284/781/7
f 287/782/13 288/783/13 290/784/13 289/785/13
f 289/786/16 290/787/16 294/768/16 293/788/16
f 293/789/14 294/790/14 292/791/14 291/792/14
f 291/793/15 292/794/15 288/795/15 287/796/15
f 289/797/10 293/798/10 291/799/10 287/800/10
f 294/798/7 290/797/7 288/801/7 292/802/7
f 295/783/13 296/803/13 298/654/13 297/804/13
f 297/805/16 298/806/16 302/807/16 301/808/16
f 301/809/14 302/810/14 300/811/14 299/812/14
f 299/813/15 300/795/15 296/814/15 295/815/15
f 297/816/10 301/817/10 299/818/10 295/668/10
f 302/802/7 298/819/7 296/820/7 300/821/7
f 303/822/7 307/823/7 309/28/7 305/824/7
f 306/825/15 305/826/15 309/827/15 310/828/15
f 310/829/13 309/830/13 307/831/13 308/832/13
f 308/833/10 304/834/10 306/835/10 310/836/10
f 304/837/14 303/838/14 305/839/14 306/840/14
f 308/841/16 307/842/16 303/843/16 304/844/16
f 320/845/16 321/846/16 326/847/16 325/848/16
f 314/849/15 313/850/15 317/851/15 318/852/15
f 319/853/13 321/854/13 315/855/13 316/856/13
f 337/857/10 341/858/10 314/859/10 318/860/10
f 341/861/14 338/862/14 313/863/14 314/864/14
f 316/865/16 315/866/16 311/867/16 312/353/16
f 312/868/14 311/869/14 320/870/14 322/871/14
f 316/872/10 312/873/10 322/874/10 319/875/10
f 327/876/13 329/877/13 321/854/13 319/853/13
f 311/827/7 315/878/7 321/123/7 320/879/7
f 342/880/13 324/881/13 334/882/13 344/883/13
f 317/851/15 313/850/15 323/884/15 324/885/15
f 328/886/14 320/870/14 325/887/14 331/888/14
f 340/889/13 317/890/13 324/881/13 342/880/13
f 321/854/13 329/877/13 332/891/13 326/892/13
f 338/862/14 328/886/14 331/888/14 339/893/14
f 325/894/7 326/32/7 332/895/7 331/896/7
f 337/897/13 340/889/13 329/877/13 327/876/13
f 322/871/14 320/870/14 328/886/14 330/898/14
f 319/875/10 322/874/10 330/899/10 327/900/10
f 333/901/14 343/902/14 347/903/14 345/904/14
f 324/885/15 323/884/15 333/905/15 334/906/15
f 331/907/16 332/908/16 336/909/16 335/910/16
f 339/893/14 331/888/14 335/911/14 343/902/14
f 323/912/14 339/893/14 343/902/14 333/901/14
f 335/913/7 336/914/7 344/896/7 343/138/7
f 318/915/13 317/890/13 340/889/13 337/897/13
f 313/863/14 338/862/14 339/893/14 323/912/14
f 329/877/13 340/889/13 342/880/13 332/891/13
f 332/891/13 342/880/13 344/883/13 336/916/13
f 330/898/14 328/886/14 338/862/14 341/861/14
f 327/900/10 330/899/10 341/858/10 337/857/10
f 347/917/7 348/918/7 346/919/7 345/836/7
f 343/920/16 344/921/16 348/922/16 347/162/16
f 344/883/13 334/882/13 346/923/13 348/924/13
f 334/906/15 333/905/15 345/925/15 346/926/15
f 349/927/91 353/928/91 355/929/91 351/930/91
f 352/931/92 351/932/92 355/933/92 356/934/92
f 356/935/93 355/936/93 353/937/93 354/938/93
f 354/939/94 350/940/94 352/941/94 356/942/94
f 350/943/95 349/944/95 351/945/95 352/946/95
f 354/947/96 353/948/96 349/949/96 350/950/96
f 357/951/97 361/952/97 363/953/97 359/954/97
f 360/955/98 359/956/98 363/957/98 364/958/98
f 364/560/99 363/959/99 361/960/99 362/961/99
f 362/954/100 358/962/100 360/963/100 364/964/100
f 358/965/101 357/966/101 359/967/101 360/968/101
f 362/969/102 361/955/102 357/958/102 358/970/102
f 365/971/103 369/972/103 371/973/103 367/742/103
f 368/974/104 367/975/104 371/976/104 372/977/104
f 372/978/105 371/979/105 369/980/105 370/981/105
f 370/982/106 366/983/106 368/972/106 372/971/106
f 366/984/107 365/985/107 367/986/107 368/987/107
f 370/988/108 369/989/108 365/990/108 366/991/108
f 401/992/109 374/993/109 376/994/109 402/995/109
f 402/995/110 376/994/110 378/996/110 407/997/110
f 407/998/111 378/999/111 380/1000/111 412/1001/111
f 412/1001/112 380/1000/112 382/1002/112 417/1003/112
f 417/1003/113 382/1002/113 384/1004/113 422/1005/113
f 422/1006/114 384/1007/114 386/1008/114 427/1009/114
f 427/1009/115 386/1008/115 388/1010/115 432/1011/115
f 432/1011/116 388/1010/116 390/1012/116 437/1013/116
f 437/1014/117 390/1015/117 392/1016/117 442/1017/117
f 442/1017/118 392/1016/118 394/1018/118 447/1019/118
f 447/1019/119 394/1018/119 396/1020/119 452/1021/119
f 452/1022/120 396/1023/120 374/993/120 401/992/120
f 395/1024/121 456/1025/121 397/1026/121 373/1027/121
f 456/1025/122 455/1028/122 398/1029/122 397/1026/122
f 455/1028/123 454/1030/123 399/1031/123 398/1029/123
f 454/1030/124 453/1032/124 400/1033/124 399/1031/124
f 453/1032/125 452/1022/125 401/992/125 400/1033/125
f 393/1034/126 451/1035/126 456/1036/126 395/1037/126
f 451/1035/127 450/1038/127 455/1039/127 456/1036/127
f 450/1038/128 449/1040/128 454/1041/128 455/1039/128
f 449/1040/129 448/1042/129 453/1043/129 454/1041/129
f 448/1042/130 447/1019/130 452/1021/130 453/1043/130
f 391/1044/131 446/1045/131 451/1035/131 393/1034/131
f 446/1045/132 445/1046/132 450/1038/132 451/1035/132
f 445/1046/133 444/1047/133 449/1040/133 450/1038/133
f 444/1047/134 443/1048/134 448/1042/134 449/1040/134
f 443/1048/135 442/1017/135 447/1019/135 448/1042/135
f 389/1049/136 441/1050/136 446/1045/136 391/1044/136
f 441/1050/137 440/1051/137 445/1046/137 446/1045/137
f 440/1051/138 439/1052/138 444/1047/138 445/1046/138
f 439/1052/139 438/1053/139 443/1048/139 444/1047/139
f 438/1053/140 437/1014/140 442/1017/140 443/1048/140
f 387/1054/141 436/1055/141 441/1056/141 389/1057/141
f 436/1055/142 435/1058/142 440/1059/142 441/1056/142
f 435/1058/143 434/1060/143 439/1061/143 440/1059/143
f 434/1060/144 433/1062/144 438/1063/144 439/1061/144
f 433/1062/145 432/1011/145 437/1013/145 438/1063/145
f 385/1064/146 431/1065/146 436/1055/146 387/1054/146
f 431/1065/147 430/1066/147 435/1058/147 436/1055/147
f 430/1066/148 429/1067/148 434/1060/148 435/1058/148
f 429/1067/149 428/1068/149 433/1062/149 434/1060/149
f 428/1068/150 427/1009/150 432/1011/150 433/1062/150
f 383/1069/151 426/1070/151 431/1065/151 385/1064/151
f 426/1070/152 425/1071/152 430/1066/152 431/1065/152
f 425/1071/153 424/1072/153 429/1067/153 430/1066/153
f 424/1072/154 423/1073/154 428/1068/154 429/1067/154
f 423/1073/155 422/1006/155 427/1009/155 428/1068/155
f 381/1074/156 421/1075/156 426/1076/156 383/1077/156
f 421/1075/157 420/1078/157 425/1079/157 426/1076/157
f 420/1078/158 419/1080/158 424/1081/158 425/1079/158
f 419/1080/159 418/1082/159 423/1083/159 424/1081/159
f 418/1082/160 417/1003/160 422/1005/160 423/1083/160
f 379/1084/161 416/1085/161 421/1075/161 381/1074/161
f 416/1085/162 415/1086/162 420/1078/162 421/1075/162
f 415/1086/163 414/1087/163 419/1080/163 420/1078/163
f 414/1087/164 413/1088/164 418/1082/164 419/1080/164
f 413/1088/165 412/1001/165 417/1003/165 418/1082/165
f 377/1089/166 411/1090/166 416/1085/166 379/1084/166
f 411/1090/167 410/1091/167 415/1086/167 416/1085/167
f 410/1091/168 409/1092/168 414/1087/168 415/1086/168
f 409/1092/169 408/1093/169 413/1088/169 414/1087/169
f 408/1093/170 407/998/170 412/1001/170 413/1088/170
f 375/1094/171 406/1095/171 411/1096/171 377/1097/171
f 406/1095/172 405/1098/172 410/1099/172 411/1096/172
f 405/1098/173 404/1100/173 409/1101/173 410/1099/173
f 404/1100/174 403/1102/174 408/1103/174 409/1101/174
f 403/1102/175 402/995/175 407/997/175 408/1103/175
f 373/1027/176 397/1026/176 406/1095/176 375/1094/176
f 397/1026/177 398/1029/177 405/1098/177 406/1095/177
f 398/1029/178 399/1031/178 404/1100/178 405/1098/178
f 399/1031/179 400/1033/179 403/1102/179 404/1100/179
f 400/1033/180 401/992/180 402/995/180 403/1102/180
f 485/1104/109 458/1105/109 460/1106/109 486/1107/109
f 486/1107/110 460/1106/110 462/1108/110 491/1109/110
f 491/1110/111 462/1111/111 464/1112/111 496/1113/111
f 496/1113/112 464/1112/112 466/1114/112 501/1115/112
f 501/1115/113 466/1114/113 468/1116/113 506/1117/113
f 506/1118/114 468/1119/114 470/1120/114 511/1121/114
f 511/1121/115 470/1120/115 472/1122/115 516/1123/115
f 516/1123/116 472/1122/116 474/1124/116 521/1125/116
f 521/1126/117 474/1127/117 476/1128/117 526/1129/117
f 526/1129/118 476/1128/118 478/1130/118 531/1131/118
f 531/1131/119 478/1130/119 480/1132/119 536/1133/119
f 536/1134/120 480/1135/120 458/1105/120 485/1104/120
f 479/1136/121 540/1137/121 481/1138/121 457/1139/121
f 540/1137/122 539/1140/122 482/1141/122 481/1138/122
f 539/1140/123 538/1142/123 483/1143/123 482/1141/123
f 538/1142/181 537/1144/181 484/1145/181 483/1143/181
f 537/1144/125 536/1134/125 485/1104/125 484/1145/125
f 477/1146/182 535/1147/182 540/1148/182 479/1149/182
f 535/1147/127 534/1150/127 539/1151/127 540/1148/127
f 534/1150/128 533/1152/128 538/1153/128 539/1151/128
f 533/1152/129 532/1154/129 537/1155/129 538/1153/129
f 532/1154/130 531/1131/130 536/1133/130 537/1155/130
f 475/1156/131 530/1157/131 535/1147/131 477/1146/131
f 530/1157/132 529/1158/132 534/1150/132 535/1147/132
f 529/1158/133 528/1159/133 533/1152/133 534/1150/133
f 528/1159/134 527/1160/134 532/1154/134 533/1152/134
f 527/1160/135 526/1129/135 531/1131/135 532/1154/135
f 473/1161/136 525/1162/136 530/1157/136 475/1156/136
f 525/1162/137 524/1163/137 529/1158/137 530/1157/137
f 524/1163/138 523/1164/138 528/1159/138 529/1158/138
f 523/1164/183 522/1165/183 527/1160/183 528/1159/183
f 522/1165/140 521/1126/140 526/1129/140 527/1160/140
f 471/1166/141 520/1167/141 525/1168/141 473/1169/141
f 520/1167/142 519/1170/142 524/1171/142 525/1168/142
f 519/1170/143 518/1172/143 523/1173/143 524/1171/143
f 518/1172/144 517/1174/144 522/1175/144 523/1173/144
f 517/1174/145 516/1123/145 521/1125/145 522/1175/145
f 469/1176/146 515/1177/146 520/1167/146 471/1166/146
f 515/1177/147 514/1178/147 519/1170/147 520/1167/147
f 514/1178/184 513/1179/184 518/1172/184 519/1170/184
f 513/1179/149 512/1180/149 517/1174/149 518/1172/149
f 512/1180/150 511/1121/150 516/1123/150 517/1174/150
f 467/1181/151 510/1182/151 515/1177/151 469/1176/151
f 510/1182/152 509/1183/152 514/1178/152 515/1177/152
f 509/1183/153 508/1184/153 513/1179/153 514/1178/153
f 508/1184/154 507/1185/154 512/1180/154 513/1179/154
f 507/1185/155 506/1118/155 511/1121/155 512/1180/155
f 465/1186/156 505/1187/156 510/1188/156 467/1189/156
f 505/1187/157 504/1190/157 509/1191/157 510/1188/157
f 504/1190/158 503/1192/158 508/1193/158 509/1191/158
f 503/1192/159 502/1194/159 507/1195/159 508/1193/159
f 502/1194/160 501/1115/160 506/1117/160 507/1195/160
f 463/1196/161 500/1197/161 505/1187/161 465/1186/161
f 500/1197/162 499/1198/162 504/1190/162 505/1187/162
f 499/1198/163 498/1199/163 503/1192/163 504/1190/163
f 498/1199/164 497/1200/164 502/1194/164 503/1192/164
f 497/1200/165 496/1113/165 501/1115/165 502/1194/165
f 461/1201/166 495/1202/166 500/1197/166 463/1196/166
f 495/1202/167 494/1203/167 499/1198/167 500/1197/167
f 494/1203/168 493/1204/168 498/1199/168 499/1198/168
f 493/1204/169 492/1205/169 497/1200/169 498/1199/169
f 492/1205/170 491/1110/170 496/1113/170 497/1200/170
f 459/1206/171 490/1207/171 495/1208/171 461/1209/171
f 490/1207/172 489/1210/172 494/1211/172 495/1208/172
f 489/1210/173 488/1212/173 493/1213/173 494/1211/173
f 488/1212/174 487/1214/174 492/1215/174 493/1213/174
f 487/1214/175 486/1107/175 491/1109/175 492/1215/175
f 457/1139/176 481/1138/176 490/1207/176 459/1206/176
f 481/1138/177 482/1141/177 489/1210/177 490/1207/177
f 482/1141/178 483/1143/178 488/1212/178 489/1210/178
f 483/1143/179 484/1145/179 487/1214/179 488/1212/179
f 484/1145/180 485/1104/180 486/1107/180 487/1214/180
f 569/1216/109 542/1217/109 544/1218/109 570/1219/109
f 570/1219/110 544/1218/110 546/1220/110 575/1221/110
f 575/1222/111 546/1223/111 548/1224/111 580/1225/111
f 580/1225/112 548/1224/112 550/1226/112 585/1227/112
f 585/1227/185 550/1226/185 552/1228/185 590/1229/185
f 590/1230/114 552/1231/114 554/1232/114 595/1233/114
f 595/1233/115 554/1232/115 556/1234/115 600/1235/115
f 600/1235/116 556/1234/116 558/1236/116 605/1237/116
f 605/1238/117 558/1239/117 560/1240/117 610/1241/117
f 610/1241/118 560/1240/118 562/1242/118 615/1243/118
f 615/1243/119 562/1242/119 564/1244/119 620/1245/119
f 620/1246/120 564/1247/120 542/1217/120 569/1216/120
f 563/1248/121 624/1249/121 565/1250/121 541/1251/121
f 624/1249/122 623/1252/122 566/1253/122 565/1250/122
f 623/1252/186 622/1254/186 567/1255/186 566/1253/186
f 622/1254/181 621/1256/181 568/1257/181 567/1255/181
f 621/1256/125 620/1246/125 569/1216/125 568/1257/125
f 561/1258/182 619/1259/182 624/1260/182 563/1261/182
f 619/1259/127 618/1262/127 623/1263/127 624/1260/127
f 618/1262/128 617/1264/128 622/1265/128 623/1263/128
f 617/1264/129 616/1266/129 621/1267/129 622/1265/129
f 616/1266/130 615/1243/130 620/1245/130 621/1267/130
f 559/1268/131 614/1269/131 619/1259/131 561/1258/131
f 614/1269/132 613/1270/132 618/1262/132 619/1259/132
f 613/1270/133 612/1271/133 617/1264/133 618/1262/133
f 612/1271/134 611/1272/134 616/1266/134 617/1264/134
f 611/1272/135 610/1241/135 615/1243/135 616/1266/135
f 557/1273/136 609/1274/136 614/1269/136 559/1268/136
f 609/1274/137 608/1275/137 613/1270/137 614/1269/137
f 608/1275/138 607/1276/138 612/1271/138 613/1270/138
f 607/1276/139 606/1277/139 611/1272/139 612/1271/139
f 606/1277/140 605/1238/140 610/1241/140 611/1272/140
f 555/1278/187 604/1279/187 609/1280/187 557/1281/187
f 604/1279/142 603/1282/142 608/1283/142 609/1280/142
f 603/1282/143 602/1284/143 607/1285/143 608/1283/143
f 602/1284/144 601/1286/144 606/1287/144 607/1285/144
f 601/1286/145 600/1235/145 605/1237/145 606/1287/145
f 553/1288/146 599/1289/146 604/1279/146 555/1278/146
f 599/1289/147 598/1290/147 603/1282/147 604/1279/147
f 598/1290/184 597/1291/184 602/1284/184 603/1282/184
f 597/1291/149 596/1292/149 601/1286/149 602/1284/149
f 596/1292/150 595/1233/150 600/1235/150 601/1286/150
f 551/1293/151 594/1294/151 599/1289/151 553/1288/151
f 594/1294/152 593/1295/152 598/1290/152 599/1289/152
f 593/1295/188 592/1296/188 597/1291/188 598/1290/188
f 592/1296/154 591/1297/154 596/1292/154 597/1291/154
f 591/1297/155 590/1230/155 595/1233/155 596/1292/155
f 549/1298/156 589/1299/156 594/1300/156 551/1301/156
f 589/1299/157 588/1302/157 593/1303/157 594/1300/157
f 588/1302/158 587/1304/158 592/1305/158 593/1303/158
f 587/1304/159 586/1306/159 591/1307/159 592/1305/159
f 586/1306/160 585/1227/160 590/1229/160 591/1307/160
f 547/1308/161 584/1309/161 589/1299/161 549/1298/161
f 584/1309/162 583/1310/162 588/1302/162 589/1299/162
f 583/1310/163 582/1311/163 587/1304/163 588/1302/163
f 582/1311/164 581/1312/164 586/1306/164 587/1304/164
f 581/1312/165 580/1225/165 585/1227/165 586/1306/165
f 545/1313/166 579/1314/166 584/1309/166 547/1308/166
f 579/1314/167 578/1315/167 583/1310/167 584/1309/167
f 578/1315/168 577/1316/168 582/1311/168 583/1310/168
f 577/1316/169 576/1317/169 581/1312/169 582/1311/169
f 576/1317/170 575/1222/170 580/1225/170 581/1312/170
f 543/1318/171 574/1319/171 579/1320/171 545/1321/171
f 574/1319/172 573/1322/172 578/1323/172 579/1320/172
f 573/1322/173 572/1324/173 577/1325/173 578/1323/173
f 572/1324/174 571/1326/174 576/1327/174 577/1325/174
f 571/1326/175 570/1219/175 575/1221/175 576/1327/175
f 541/1251/176 565/1250/176 574/1319/176 543/1318/176
f 565/1250/177 566/1253/177 573/1322/177 574/1319/177
f 566/1253/178 567/1255/178 572/1324/178 573/1322/178
f 567/1255/179 568/1257/179 571/1326/179 572/1324/179
f 568/1257/180 569/1216/180 570/1219/180 571/1326/180
f 653/1328/109 626/1329/109 628/1330/109 654/1331/109
f 654/1331/110 628/1330/110 630/1332/110 659/1333/110
f 659/1334/111 630/1335/111 632/1336/111 664/1337/111
f 664/1337/112 632/1336/112 634/1338/112 669/1339/112
f 669/1339/113 634/1338/113 636/1340/113 674/1341/113
f 674/1342/114 636/1343/114 638/1344/114 679/1345/114
f 679/1345/115 638/1344/115 640/1346/115 684/1347/115
f 684/1347/116 640/1346/116 642/1348/116 689/1349/116
f 689/1350/117 642/1351/117 644/1352/117 694/1353/117
f 694/1353/118 644/1352/118 646/1354/118 699/1355/118
f 699/1355/189 646/1354/189 648/1356/189 704/1357/189
f 704/1358/120 648/1359/120 626/1329/120 653/1328/120
f 647/1360/121 708/1361/121 649/1362/121 625/1363/121
f 708/1361/122 707/1364/122 650/1365/122 649/1362/122
f 707/1364/123 706/1366/123 651/1367/123 650/1365/123
f 706/1366/124 705/1368/124 652/1369/124 651/1367/124
f 705/1368/125 704/1358/125 653/1328/125 652/1369/125
f 645/1370/182 703/1371/182 708/1372/182 647/1373/182
f 703/1371/190 702/1374/190 707/1375/190 708/1372/190
f 702/1374/128 701/1376/128 706/1377/128 707/1375/128
f 701/1376/129 700/1378/129 705/1379/129 706/1377/129
f 700/1378/130 699/1355/130 704/1357/130 705/1379/130
f 643/1380/131 698/1381/131 703/1371/131 645/1370/131
f 698/1381/132 697/1382/132 702/1374/132 703/1371/132
f 697/1382/133 696/1383/133 701/1376/133 702/1374/133
f 696/1383/134 695/1384/134 700/1378/134 701/1376/134
f 695/1384/135 694/1353/135 699/1355/135 700/1378/135
f 641/1385/136 693/1386/136 698/1381/136 643/1380/136
f 693/1386/137 692/1387/137 697/1382/137 698/1381/137
f 692/1387/138 691/1388/138 696/1383/138 697/1382/138
f 691/1388/139 690/1389/139 695/1384/139 696/1383/139
f 690/1389/140 689/1350/140 694/1353/140 695/1384/140
f 639/1390/141 688/1391/141 693/1392/141 641/1393/141
f 688/1391/142 687/1394/142 692/1395/142 693/1392/142
f 687/1394/143 686/1396/143 691/1397/143 692/1395/143
f 686/1396/144 685/1398/144 690/1399/144 691/1397/144
f 685/1398/145 684/1347/145 689/1349/145 690/1399/145
f 637/1400/146 683/1401/146 688/1391/146 639/1390/146
f 683/1401/147 682/1402/147 687/1394/147 688/1391/147
f 682/1402/148 681/1403/148 686/1396/148 687/1394/148
f 681/1403/149 680/1404/149 685/1398/149 686/1396/149
f 680/1404/150 679/1345/150 684/1347/150 685/1398/150
f 635/1405/151 678/1406/151 683/1401/151 637/1400/151
f 678/1406/152 677/1407/152 682/1402/152 683/1401/152
f 677/1407/153 676/1408/153 681/1403/153 682/1402/153
f 676/1408/154 675/1409/154 680/1404/154 681/1403/154
f 675/1409/155 674/1342/155 679/1345/155 680/1404/155
f 633/1410/156 673/1411/156 678/1412/156 635/1413/156
f 673/1411/157 672/1414/157 677/1415/157 678/1412/157
f 672/1414/158 671/1416/158 676/1417/158 677/1415/158
f 671/1416/159 670/1418/159 675/1419/159 676/1417/159
f 670/1418/160 669/1339/160 674/1341/160 675/1419/160
f 631/1420/161 668/1421/161 673/1411/161 633/1410/161
f 668/1421/162 667/1422/162 672/1414/162 673/1411/162
f 667/1422/163 666/1423/163 671/1416/163 672/1414/163
f 666/1423/164 665/1424/164 670/1418/164 671/1416/164
f 665/1424/165 664/1337/165 669/1339/165 670/1418/165
f 629/1425/166 663/1426/166 668/1421/166 631/1420/166
f 663/1426/167 662/1427/167 667/1422/167 668/1421/167
f 662/1427/168 661/1428/168 666/1423/168 667/1422/168
f 661/1428/169 660/1429/169 665/1424/169 666/1423/169
f 660/1429/170 659/1334/170 664/1337/170 665/1424/170
f 627/1430/171 658/1431/171 663/1432/171 629/1433/171
f 658/1431/172 657/1434/172 662/1435/172 663/1432/172
f 657/1434/173 656/1436/173 661/1437/173 662/1435/173
f 656/1436/174 655/1438/174 660/1439/174 661/1437/174
f 655/1438/175 654/1331/175 659/1333/175 660/1439/175
f 625/1363/176 649/1362/176 658/1431/176 627/1430/176
f 649/1362/177 650/1365/177 657/1434/177 658/1431/177
f 650/1365/178 651/1367/178 656/1436/178 657/1434/178
f 651/1367/179 652/1369/179 655/1438/179 656/1436/179
f 652/1369/180 653/1328/180 654/1331/180 655/1438/180
f 737/1440/191 710/1441/191 712/1442/191 738/1443/191
f 738/1444/192 712/1445/192 714/1446/192 743/1447/192
f 743/1447/193 714/1446/193 716/1448/193 748/1449/193
f 748/1449/194 716/1448/194 718/1450/194 753/1451/194
f 753/1452/195 718/1453/195 720/1454/195 758/1455/195
f 758/1455/196 720/1454/196 722/1456/196 763/1457/196
f 763/1457/197 722/1456/197 724/1458/197 768/1459/197
f 768/1460/198 724/1461/198 726/1462/198 773/1463/198
f 773/1463/199 726/1462/199 728/1464/199 778/1465/199
f 778/1465/200 728/1464/200 730/1466/200 783/1467/200
f 783/1468/201 730/1469/201 732/1470/201 788/1471/201
f 788/1471/202 732/1470/202 710/1441/202 737/1440/202
f 731/1472/203 792/1473/203 733/1474/203 709/1475/203
f 792/1473/204 791/1476/204 734/1477/204 733/1474/204
f 791/1476/205 790/1478/205 735/1479/205 734/1477/205
f 790/1478/206 789/1480/206 736/1481/206 735/1479/206
f 789/1480/207 788/1471/207 737/1440/207 736/1481/207
f 729/1482/208 787/1483/208 792/1473/208 731/1472/208
f 787/1483/209 786/1484/209 791/1476/209 792/1473/209
f 786/1484/210 785/1485/210 790/1478/210 791/1476/210
f 785/1485/211 784/1486/211 789/1480/211 790/1478/211
f 784/1486/212 783/1468/212 788/1471/212 789/1480/212
f 727/1487/213 782/1488/213 787/1489/213 729/1490/213
f 782/1488/214 781/1491/214 786/1492/214 787/1489/214
f 781/1491/215 780/1493/215 785/1494/215 786/1492/215
f 780/1493/216 779/1495/216 784/1496/216 785/1494/216
f 779/1495/217 778/1465/217 783/1467/217 784/1496/217
f 725/1497/218 777/1498/218 782/1488/218 727/1487/218
f 777/1498/219 776/1499/219 781/1491/219 782/1488/219
f 776/1499/220 775/1500/220 780/1493/220 781/1491/220
f 775/1500/221 774/1501/221 779/1495/221 780/1493/221
f 774/1501/222 773/1463/222 778/1465/222 779/1495/222
f 723/1502/223 772/1503/223 777/1498/223 725/1497/223
f 772/1503/224 771/1504/224 776/1499/224 777/1498/224
f 771/1504/225 770/1505/225 775/1500/225 776/1499/225
f 770/1505/226 769/1506/226 774/1501/226 775/1500/226
f 769/1506/227 768/1460/227 773/1463/227 774/1501/227
f 721/1507/228 767/1508/228 772/1509/228 723/1510/228
f 767/1508/229 766/1511/229 771/1512/229 772/1509/229
f 766/1511/230 765/1513/230 770/1514/230 771/1512/230
f 765/1513/231 764/1515/231 769/1516/231 770/1514/231
f 764/1515/232 763/1457/232 768/1459/232 769/1516/232
f 719/1517/233 762/1518/233 767/1508/233 721/1507/233
f 762/1518/234 761/1519/234 766/1511/234 767/1508/234
f 761/1519/235 760/1520/235 765/1513/235 766/1511/235
f 760/1520/236 759/1521/236 764/1515/236 765/1513/236
f 759/1521/237 758/1455/237 763/1457/237 764/1515/237
f 717/1522/238 757/1523/238 762/1518/238 719/1517/238
f 757/1523/239 756/1524/239 761/1519/239 762/1518/239
f 756/1524/240 755/1525/240 760/1520/240 761/1519/240
f 755/1525/241 754/1526/241 759/1521/241 760/1520/241
f 754/1526/242 753/1452/242 758/1455/242 759/1521/242
f 715/1527/243 752/1528/243 757/1529/243 717/1530/243
f 752/1528/244 751/1531/244 756/1532/244 757/1529/244
f 751/1531/245 750/1533/245 755/1534/245 756/1532/245
f 750/1533/246 749/1535/246 754/1536/246 755/1534/246
f 749/1535/247 748/1449/247 753/1451/247 754/1536/247
f 713/1537/248 747/1538/248 752/1528/248 715/1527/248
f 747/1538/249 746/1539/249 751/1531/249 752/1528/249
f 746/1539/250 745/1540/250 750/1533/250 751/1531/250
f 745/1540/251 744/1541/251 749/1535/251 750/1533/251
f 744/1541/252 743/1447/252 748/1449/252 749/1535/252
f 711/1542/253 742/1543/253 747/1538/253 713/1537/253
f 742/1543/254 741/1544/254 746/1539/254 747/1538/254
f 741/1544/255 740/1545/255 745/1540/255 746/1539/255
f 740/1545/256 739/1546/256 744/1541/256 745/1540/256
f 739/1546/257 738/1444/257 743/1447/257 744/1541/257
f 709/1475/258 733/1474/258 742/1547/258 711/1548/258
f 733/1474/259 734/1477/259 741/1549/259 742/1547/259
f 734/1477/260 735/1479/260 740/1550/260 741/1549/260
f 735/1479/261 736/1481/261 739/1551/261 740/1550/261
f 736/1481/262 737/1440/262 738/1443/262 739/1551/262
f 821/1552/191 794/1553/191 796/1554/191 822/1555/191
f 822/1556/192 796/1557/192 798/1558/192 827/1559/192
f 827/1559/193 798/1558/193 800/1560/193 832/1561/193
f 832/1561/194 800/1560/194 802/1562/194 837/1563/194
f 837/1564/195 802/1565/195 804/1566/195 842/1567/195
f 842/1567/196 804/1566/196 806/1568/196 847/1569/196
f 847/1569/197 806/1568/197 808/1570/197 852/1571/197
f 852/1572/198 808/1573/198 810/1574/198 857/1575/198
f 857/1575/199 810/1574/199 812/1576/199 862/1577/199
f 862/1577/200 812/1576/200 814/1578/200 867/1579/200
f 867/1580/201 814/1581/201 816/1582/201 872/1583/201
f 872/1583/202 816/1582/202 794/1553/202 821/1552/202
f 815/1584/203 876/1585/203 817/1586/203 793/1587/203
f 876/1585/204 875/1588/204 818/1589/204 817/1586/204
f 875/1588/205 874/1590/205 819/1591/205 818/1589/205
f 874/1590/206 873/1592/206 820/1593/206 819/1591/206
f 873/1592/207 872/1583/207 821/1552/207 820/1593/207
f 813/1594/208 871/1595/208 876/1585/208 815/1584/208
f 871/1595/209 870/1596/209 875/1588/209 876/1585/209
f 870/1596/210 869/1597/210 874/1590/210 875/1588/210
f 869/1597/211 868/1598/211 873/1592/211 874/1590/211
f 868/1598/212 867/1580/212 872/1583/212 873/1592/212
f 811/1599/213 866/1600/213 871/1601/213 813/1602/213
f 866/1600/214 865/1603/214 870/1604/214 871/1601/214
f 865/1603/215 864/1605/215 869/1606/215 870/1604/215
f 864/1605/216 863/1607/216 868/1608/216 869/1606/216
f 863/1607/217 862/1577/217 867/1579/217 868/1608/217
f 809/1609/218 861/1610/218 866/1600/218 811/1599/218
f 861/1610/219 860/1611/219 865/1603/219 866/1600/219
f 860/1611/220 859/1612/220 864/1605/220 865/1603/220
f 859/1612/221 858/1613/221 863/1607/221 864/1605/221
f 858/1613/222 857/1575/222 862/1577/222 863/1607/222
f 807/1614/223 856/1615/223 861/1610/223 809/1609/223
f 856/1615/224 855/1616/224 860/1611/224 861/1610/224
f 855/1616/225 854/1617/225 859/1612/225 860/1611/225
f 854/1617/226 853/1618/226 858/1613/226 859/1612/226
f 853/1618/227 852/1572/227 857/1575/227 858/1613/227
f 805/1619/228 851/1620/228 856/1621/228 807/1622/228
f 851/1620/229 850/1623/229 855/1624/229 856/1621/229
f 850/1623/230 849/1625/230 854/1626/230 855/1624/230
f 849/1625/231 848/1627/231 853/1628/231 854/1626/231
f 848/1627/232 847/1569/232 852/1571/232 853/1628/232
f 803/1629/233 846/1630/233 851/1620/233 805/1619/233
f 846/1630/234 845/1631/234 850/1623/234 851/1620/234
f 845/1631/235 844/1632/235 849/1625/235 850/1623/235
f 844/1632/236 843/1633/236 848/1627/236 849/1625/236
f 843/1633/237 842/1567/237 847/1569/237 848/1627/237
f 801/1634/238 841/1635/238 846/1630/238 803/1629/238
f 841/1635/239 840/1636/239 845/1631/239 846/1630/239
f 840/1636/240 839/1637/240 844/1632/240 845/1631/240
f 839/1637/241 838/1638/241 843/1633/241 844/1632/241
f 838/1638/242 837/1564/242 842/1567/242 843/1633/242
f 799/1639/243 836/1640/243 841/1641/243 801/1642/243
f 836/1640/244 835/1643/244 840/1644/244 841/1641/244
f 835/1643/245 834/1645/245 839/1646/245 840/1644/245
f 834/1645/246 833/1647/246 838/1648/246 839/1646/246
f 833/1647/247 832/1561/247 837/1563/247 838/1648/247
f 797/1649/248 831/1650/248 836/1640/248 799/1639/248
f 831/1650/249 830/1651/249 835/1643/249 836/1640/249
f 830/1651/250 829/1652/250 834/1645/250 835/1643/250
f 829/1652/251 828/1653/251 833/1647/251 834/1645/251
f 828/1653/252 827/1559/252 832/1561/252 833/1647/252
f 795/1654/253 826/1655/253 831/1650/253 797/1649/253
f 826/1655/254 825/1656/254 830/1651/254 831/1650/254
f 825/1656/255 824/1657/255 829/1652/255 830/1651/255
f 824/1657/256 823/1658/256 828/1653/256 829/1652/256
f 823/1658/257 822/1556/257 827/1559/257 828/1653/257
f 793/1587/258 817/1586/258 826/1659/258 795/1660/258
f 817/1586/259 818/1589/259 825/1661/259 826/1659/259
f 818/1589/260 819/1591/260 824/1662/260 825/1661/260
f 819/1591/261 820/1593/261 823/1663/261 824/1662/261
f 820/1593/262 821/1552/262 822/1555/262 823/1663/262
f 877/1664/263 878/1665/263 880/1666/263 879/1667/263
f 879/687/264 880/1668/264 884/1669/264 883/1670/264
f 883/1671/265 884/1672/265 882/1673/265 881/1674/265
f 881/1675/266 882/1676/266 878/1677/266 877/1678/266
f 879/1679/267 883/1680/267 881/1681/267 877/1682/267
f 884/1683/268 880/1684/268 878/1685/268 882/1686/268
f 885/750/269 886/1687/269 888/1688/269 887/963/269
f 887/848/270 888/140/270 892/1689/270 891/1690/270
f 891/1691/271 892/1692/271 890/1693/271 889/1694/271
f 889/1695/272 890/1696/272 886/70/272 885/1697/272
f 887/1698/273 891/720/273 889/719/273 885/1699/273
f 892/1700/274 888/1701/274 886/679/274 890/1702/274
f 921/1703/191 894/1704/191 896/1705/191 922/1706/191
f 922/1707/192 896/1708/192 898/1709/192 927/1710/192
f 927/1710/193 898/1709/193 900/1711/193 932/1712/193
f 932/1712/194 900/1711/194 902/1713/194 937/1714/194
f 937/1715/195 902/1716/195 904/1717/195 942/1718/195
f 942/1718/196 904/1717/196 906/1719/196 947/1720/196
f 947/1720/197 906/1719/197 908/1721/197 952/1722/197
f 952/1723/198 908/1724/198 910/1725/198 957/1726/198
f 957/1726/275 910/1725/275 912/1727/275 962/1728/275
f 962/1728/276 912/1727/276 914/1729/276 967/1730/276
f 967/1731/201 914/1732/201 916/1733/201 972/1734/201
f 972/1734/202 916/1733/202 894/1704/202 921/1703/202
f 915/1735/203 976/1736/203 917/1737/203 893/1738/203
f 976/1736/204 975/1739/204 918/1740/204 917/1737/204
f 975/1739/205 974/1741/205 919/1742/205 918/1740/205
f 974/1741/206 973/1743/206 920/1744/206 919/1742/206
f 973/1743/207 972/1734/207 921/1703/207 920/1744/207
f 913/1745/208 971/1746/208 976/1736/208 915/1735/208
f 971/1746/209 970/1747/209 975/1739/209 976/1736/209
f 970/1747/210 969/1748/210 974/1741/210 975/1739/210
f 969/1748/211 968/1749/211 973/1743/211 974/1741/211
f 968/1749/212 967/1731/212 972/1734/212 973/1743/212
f 911/1750/213 966/1751/213 971/1752/213 913/1753/213
f 966/1751/214 965/1754/214 970/1755/214 971/1752/214
f 965/1754/215 964/1756/215 969/1757/215 970/1755/215
f 964/1756/216 963/1758/216 968/1759/216 969/1757/216
f 963/1758/277 962/1728/277 967/1730/277 968/1759/277
f 909/1760/278 961/1761/278 966/1751/278 911/1750/278
f 961/1761/219 960/1762/219 965/1754/219 966/1751/219
f 960/1762/220 959/1763/220 964/1756/220 965/1754/220
f 959/1763/221 958/1764/221 963/1758/221 964/1756/221
f 958/1764/279 957/1726/279 962/1728/279 963/1758/279
f 907/1765/223 956/1766/223 961/1761/223 909/1760/223
f 956/1766/224 955/1767/224 960/1762/224 961/1761/224
f 955/1767/225 954/1768/225 959/1763/225 960/1762/225
f 954/1768/226 953/1769/226 958/1764/226 959/1763/226
f 953/1769/227 952/1723/227 957/1726/227 958/1764/227
f 905/1770/228 951/1771/228 956/1772/228 907/1773/228
f 951/1771/229 950/1774/229 955/1775/229 956/1772/229
f 950/1774/230 949/1776/230 954/1777/230 955/1775/230
f 949/1776/231 948/1778/231 953/1779/231 954/1777/231
f 948/1778/232 947/1720/232 952/1722/232 953/1779/232
f 903/1780/233 946/1781/233 951/1771/233 905/1770/233
f 946/1781/234 945/1782/234 950/1774/234 951/1771/234
f 945/1782/235 944/1783/235 949/1776/235 950/1774/235
f 944/1783/236 943/1784/236 948/1778/236 949/1776/236
f 943/1784/237 942/1718/237 947/1720/237 948/1778/237
f 901/1785/238 941/1786/238 946/1781/238 903/1780/238
f 941/1786/239 940/1787/239 945/1782/239 946/1781/239
f 940/1787/240 939/1788/240 944/1783/240 945/1782/240
f 939/1788/241 938/1789/241 943/1784/241 944/1783/241
f 938/1789/242 937/1715/242 942/1718/242 943/1784/242
f 899/1790/243 936/1791/243 941/1792/243 901/1793/243
f 936/1791/244 935/1794/244 940/1795/244 941/1792/244
f 935/1794/245 934/1796/245 939/1797/245 940/1795/245
f 934/1796/246 933/1798/246 938/1799/246 939/1797/246
f 933/1798/247 932/1712/247 937/1714/247 938/1799/247
f 897/1800/248 931/1801/248 936/1791/248 899/1790/248
f 931/1801/249 930/1802/249 935/1794/249 936/1791/249
f 930/1802/250 929/1803/250 934/1796/250 935/1794/250
f 929/1803/251 928/1804/251 933/1798/251 934/1796/251
f 928/1804/252 927/1710/252 932/1712/252 933/1798/252
f 895/1805/253 926/1806/253 931/1801/253 897/1800/253
f 926/1806/254 925/1807/254 930/1802/254 931/1801/254
f 925/1807/255 924/1808/255 929/1803/255 930/1802/255
f 924/1808/256 923/1809/256 928/1804/256 929/1803/256
f 923/1809/257 922/1707/257 927/1710/257 928/1804/257
f 893/1738/258 917/1737/258 926/1810/258 895/1811/258
f 917/1737/259 918/1740/259 925/1812/259 926/1810/259
f 918/1740/260 919/1742/260 924/1813/260 925/1812/260
f 919/1742/261 920/1744/261 923/1814/261 924/1813/261
f 920/1744/262 921/1703/262 922/1706/262 923/1814/262
f 1005/1815/191 978/1816/191 980/1817/191 1006/1818/191
f 1006/1819/192 980/1820/192 982/1821/192 1011/1822/192
f 1011/1822/193 982/1821/193 984/1823/193 1016/1824/193
f 1016/1824/280 984/1823/280 986/1825/280 1021/1826/280
f 1021/1827/195 986/1828/195 988/1829/195 1026/1830/195
f 1026/1830/196 988/1829/196 990/1831/196 1031/1832/196
f 1031/1832/197 990/1831/197 992/1833/197 1036/1834/197
f 1036/1835/198 992/1836/198 994/1837/198 1041/1838/198
f 1041/1838/275 994/1837/275 996/1839/275 1046/1840/275
f 1046/1840/276 996/1839/276 998/1841/276 1051/1842/276
f 1051/1843/201 998/1844/201 1000/1845/201 1056/1846/201
f 1056/1846/202 1000/1845/202 978/1816/202 1005/1815/202
f 999/1847/203 1060/1848/203 1001/1849/203 977/1850/203
f 1060/1848/204 1059/1851/204 1002/1852/204 1001/1849/204
f 1059/1851/205 1058/1853/205 1003/1854/205 1002/1852/205
f 1058/1853/206 1057/1855/206 1004/1856/206 1003/1854/206
f 1057/1855/207 1056/1846/207 1005/1815/207 1004/1856/207
f 997/1857/208 1055/1858/208 1060/1848/208 999/1847/208
f 1055/1858/209 1054/1859/209 1059/1851/209 1060/1848/209
f 1054/1859/210 1053/1860/210 1058/1853/210 1059/1851/210
f 1053/1860/211 1052/1861/211 1057/1855/211 1058/1853/211
f 1052/1861/212 1051/1843/212 1056/1846/212 1057/1855/212
f 995/1862/213 1050/1863/213 1055/1864/213 997/1865/213
f 1050/1863/214 1049/1866/214 1054/1867/214 1055/1864/214
f 1049/1866/215 1048/1868/215 1053/1869/215 1054/1867/215
f 1048/1868/216 1047/1870/216 1052/1871/216 1053/1869/216
f 1047/1870/277 1046/1840/277 1051/1842/277 1052/1871/277
f 993/1872/218 1045/1873/218 1050/1863/218 995/1862/218
f 1045/1873/219 1044/1874/219 1049/1866/219 1050/1863/219
f 1044/1874/220 1043/1875/220 1048/1868/220 1049/1866/220
f 1043/1875/221 1042/1876/221 1047/1870/221 1048/1868/221
f 1042/1876/279 1041/1838/279 1046/1840/279 1047/1870/279
f 991/1877/223 1040/1878/223 1045/1873/223 993/1872/223
f 1040/1878/224 1039/1879/224 1044/1874/224 1045/1873/224
f 1039/1879/225 1038/1880/225 1043/1875/225 1044/1874/225
f 1038/1880/226 1037/1881/226 1042/1876/226 1043/1875/226
f 1037/1881/227 1036/1835/227 1041/1838/227 1042/1876/227
f 989/1882/228 1035/1883/228 1040/1884/228 991/1885/228
f 1035/1883/229 1034/1886/229 1039/1887/229 1040/1884/229
f 1034/1886/230 1033/1888/230 1038/1889/230 1039/1887/230
f 1033/1888/231 1032/1890/231 1037/1891/231 1038/1889/231
f 1032/1890/232 1031/1832/232 1036/1834/232 1037/1891/232
f 987/1892/233 1030/1893/233 1035/1883/233 989/1882/233
f 1030/1893/234 1029/1894/234 1034/1886/234 1035/1883/234
f 1029/1894/235 1028/1895/235 1033/1888/235 1034/1886/235
f 1028/1895/236 1027/1896/236 1032/1890/236 1033/1888/236
f 1027/1896/237 1026/1830/237 1031/1832/237 1032/1890/237
f 985/1897/238 1025/1898/238 1030/1893/238 987/1892/238
f 1025/1898/239 1024/1899/239 1029/1894/239 1030/1893/239
f 1024/1899/240 1023/1900/240 1028/1895/240 1029/1894/240
f 1023/1900/241 1022/1901/241 1027/1896/241 1028/1895/241
f 1022/1901/242 1021/1827/242 1026/1830/242 1027/1896/242
f 983/1902/243 1020/1903/243 1025/1904/243 985/1905/243
f 1020/1903/244 1019/1906/244 1024/1907/244 1025/1904/244
f 1019/1906/245 1018/1908/245 1023/1909/245 1024/1907/245
f 1018/1908/246 1017/1910/246 1022/1911/246 1023/1909/246
f 1017/1910/247 1016/1824/247 1021/1826/247 1022/1911/247
f 981/1912/281 1015/1913/281 1020/1903/281 983/1902/281
f 1015/1913/249 1014/1914/249 1019/1906/249 1020/1903/249
f 1014/1914/250 1013/1915/250 1018/1908/250 1019/1906/250
f 1013/1915/251 1012/1916/251 1017/1910/251 1018/1908/251
f 1012/1916/252 1011/1822/252 1016/1824/252 1017/1910/252
f 979/1917/253 1010/1918/253 1015/1913/253 981/1912/253
f 1010/1918/254 1009/1919/254 1014/1914/254 1015/1913/254
f 1009/1919/255 1008/1920/255 1013/1915/255 1014/1914/255
f 1008/1920/256 1007/1921/256 1012/1916/256 1013/1915/256
f 1007/1921/257 1006/1819/257 1011/1822/257 1012/1916/257
f 977/1850/258 1001/1849/258 1010/1922/258 979/1923/258
f 1001/1849/259 1002/1852/259 1009/1924/259 1010/1922/259
f 1002/1852/260 1003/1854/260 1008/1925/260 1009/1924/260
f 1003/1854/261 1004/1856/261 1007/1926/261 1008/1925/261
f 1004/1856/262 1005/1815/262 1006/1818/262 1007/1926/262
f 1061/1927/15 1062/1928/15 1064/735/15 1063/1929/15
f 1063/714/13 1064/1930/13 1068/1931/13 1067/1932/13
f 1067/1933/16 1068/1934/16 1066/1935/16 1065/1936/16
f 1065/1937/14 1066/1938/14 1062/1939/14 1061/1940/14
f 1063/682/10 1067/1941/10 1065/1942/10 1061/1943/10
f 1068/1928/7 1064/1944/7 1062/1945/7 1066/1946/7
